V1,V2,V3,V4,V5,V6,V7,V8,V9,V10,V11,V12,V13,V14
2031.9015,2034.8641,2033.7002,2045.7076,2050.1064,2043.8525,2036.4666,2059.0923,2050.9172,2058.5325,2055.9502,2053.6545,2050.9468,2048.8794
2960.8298,2980.21,2994.0288,3001.912,3030.565,3017.5134,2979.8337,2980.528,3020.916,3045.2644,3047.2393,3032.9094,3023.8538,3017.7852
1081.5161,1085.6129,1113.53,1099.8511,1090.6578,1104.5514,1123.1599,1129.1718,1127.1355,1123.8762,1116.7202,1101.2231,1097.5454,1105.4991
1061.0631,1063.6672,1155.0001,1097.7865,976.3383,1087.0627,1226.6398,1185.7573,1170.4918,1229.0867,1215.2659,1137.2948,1153.3776,1243.7509
5896.87,5949.0117,5948.4575,6023.097,6037.0083,5985.5854,6021.806,6010.203,6024.1094,5988.76,5998.726,6099.9277,5975.1875,6020.343
3084.5,3078.623,3061.863,3083.4143,3055.8708,3072.2778,3065.5068,3092.9692,3064.4395,3062.0288,3060.758,3107.8472,3135.4258,3130.777
5050.7144,4701.4497,4526.363,4355.084,4640.554,4847.669,4969.7056,4533.512,4416.4277,4510.93,4730.3086,4343.206,4478.3584,4536.1025
1739.3635,1770.3394,1752.0818,1750.6248,1725.274,1736.8998,1719.032,1765.9128,1748.9291,1758.7245,1732.2357,1733.2487,1733.9592,1750.2258
1590.8046,1617.6613,1601.3806,1599.7675,1575.2338,1583.8105,1569.4294,1611.5032,1596.2767,1605.3938,1580.793,1583.4314,1584.1597,1598.6226
2629.1382,2653.4243,2650.2224,2648.1982,2562.4666,2586.7432,2579.6538,2680.5527,2709.3691,2629.3108,2565.4043,2588.7856,2565.676,2629.7786
2423.2307,2407.416,2413.6445,2410.4946,2401.3293,2411.3135,2410.2925,2407.5452,2412.452,2402.2732,2397.616,2402.1423,2409.9932,2411.3977
3650.052,3670.8254,3674.3027,3683.0999,3669.9158,3686.0684,3712.6226,3731.6492,3686.8464,3705.6807,3712.381,3717.6807,3718.0552,3724.197
7152.497,7130.0703,7125.092,7145.5933,7178.579,7073.164,7086.891,7113.0884,7159.036,7135.814,7108.7812,7055.988,7013.115,6925.2676
5568.52,5579.602,5487.624,5434.7554,5389.9756,5508.3496,5412.713,5469.0396,5253.5913,5369.974,5404.138,5364.7236,5298.8677,5254.1753
8788.275,9627.41,9500.651,8970.091,9348.16,9333.23,10380.869,9393.353,9120.785,9873.756,11019.556,10200.99,10175.936,10251.533
3087.6304,3081.487,3076.146,3085.5833,3084.7476,3086.327,3083.4094,3079.5073,3082.2595,3078.1633,3072.2837,3074.7024,3077.7341,3079.2659
3971.9688,3972.9768,3954.1326,3957.2566,3970.567,3936.7302,3930.9722,3951.3572,3956.7014,3946.3887,3948.7124,3945.8582,3931.1533,3909.5908
9575.441,9543.803,9542.899,9519.12,9504.288,9519.146,9584.484,9605.57,9541.552,9533.292,9532.662,9539.246,9552.683,9550.154
2628.2012,2667.0645,2646.2454,2628.0977,2523.1714,2536.1514,2539.732,2554.3977,2553.708,2567.7764,2546.4126,2548.394,2550.8384,2514.296
10812.083,10833.482,10843.211,10910.141,10981.825,10986.461,10944.461,10949.826,10956.264,10946.125,10951.849,10956.783,10966.23,10962.108
2617.8616,2658.6255,2641.137,2620.5012,2513.982,2522.3804,2530.9614,2544.5708,2544.44,2558.0737,2537.5696,2538.0972,2539.0078,2501.012
2871.187,2918.4558,2831.8772,2813.6292,2703.6807,2759.371,2783.5845,2805.442,2818.4463,2832.2312,2798.7517,2782.2708,2828.312,2853.1924
1940.8817,1936.3656,1936.5767,1914.8173,1899.3875,1896.6167,1903.3197,1913.3386,1918.7489,1930.1564,1931.0603,1920.8704,1943.1984,1946.2666
2559.5278,2602.4897,2526.661,2509.667,2411.0093,2460.9055,2483.8943,2504.567,2517.7063,2531.8694,2497.4812,2479.4998,2526.2664,2548.803
1606.769,1604.1106,1595.0056,1581.1986,1570.1088,1571.6292,1577.3081,1585.3624,1588.8145,1593.6257,1593.1146,1589.7069,1610.2284,1609.9331
2390.9004,2453.039,2359.6833,2364.1064,2272.7585,2332.8474,2347.143,2392.6426,2390.9185,2424.083,2379.5535,2378.9512,2408.9175,2436.5906
1732.2427,1731.1473,1731.245,1712.4357,1697.5062,1695.0928,1701.4987,1711.0092,1716.0634,1726.9618,1727.2192,1718.2556,1738.7834,1741.8419
464.0448,457.62222,455.18494,474.9581,499.6969,466.14328,468.1265,457.7547,466.19168,471.56277,482.93323,484.3671,482.71213,488.00235
6414.182,6403.664,6352.7944,6401.377,6288.809,6360.8677,6316.553,6274.825,6233.27,6288.205,6289.0015,6398.972,6274.947,6243.494
666.9013,657.65985,654.1631,682.58466,718.1333,669.9102,672.7648,657.8538,669.98413,677.7004,694.0417,696.1021,693.7233,701.31903
2111.8257,2109.901,2113.0247,2090.6665,2093.2146,2078.0166,2072.7598,2067.8064,2072.254,2080.7417,2093.1248,2076.4438,2080.611,2078.6067
1915.3705,1913.6317,1916.4458,1896.183,1898.4376,1884.6571,1879.9354,1875.4486,1879.4589,1887.149,1898.3901,1883.2408,1887.007,1885.212
6653.6567,6684.312,6684.6406,6708.1313,6693.025,6696.893,6649.365,6664.7563,6694.876,6727.526,6660.508,6665.7725,6649.47,6662.095
2258.4768,2298.404,2248.8867,2263.5964,2247.7566,2280.4321,2250.8035,2224.9863,2229.058,2257.2717,2276.3235,2298.6929,2283.404,2274.2202
1649.4738,1670.752,1685.0576,1679.5183,1669.4452,1665.2668,1654.369,1660.4214,1676.4413,1679.4484,1681.4205,1679.2649,1666.9941,1677.3806
3776.9946,3798.5242,3794.5522,3794.868,3798.778,3793.1013,3783.135,3772.916,3780.607,3792.9756,3793.1528,3790.7297,3785.7844,3786.2214
2508.5144,2505.1392,2498.0068,2508.3684,2534.2544,2518.7957,2498.5825,2493.956,2525.9731,2517.4912,2533.4211,2525.2954,2550.667,2508.6626
2322.6235,2350.5586,2352.2854,2341.3572,2339.163,2305.5076,2299.9707,2308.5159,2347.0427,2354.426,2365.938,2348.4397,2345.61,2348.7476
2503.9744,2629.4297,2590.6597,2552.8457,2476.7188,2566.6467,2489.9866,2527.5142,2448.6794,2627.895,2353.6,2342.7961,2234.1345,2293.578
3921.7563,3992.5688,3996.3032,3974.2012,3911.216,3873.384,3825.5789,3903.209,3893.682,4021.8857,4022.082,3853.3464,3785.0542,3796.5884
6664.2476,6572.0967,6624.4204,6380.4414,6419.1045,6350.563,6741.9326,6228.9307,6496.4946,5839.7427,6057.7583,6025.053,6196.709,6123.0244
6950.445,6963.1553,6925.142,6994.934,6996.133,7020.325,6967.2646,7021.641,6996.1885,6995.116,6987.3574,7029.508,7033.0576,6981.6294
1120.4746,1120.8378,1121.1827,1127.149,1125.446,1129.8868,1130.1666,1132.1737,1125.8809,1125.589,1124.1163,1124.3563,1125.7418,1124.9275
8683.895,8730.029,8741.718,8720.087,8725.756,8716.221,8709.54,8687.73,8736.043,8740.449,8713.499,8691.815,8739.218,8751.602
1121.9614,1125.6074,1122.2568,1118.0453,1119.8549,1120.1068,1120.2894,1117.912,1117.8502,1120.3029,1120.1267,1116.5917,1118.8533,1119.3838
10107.451,10194.461,10170.932,10162.236,10157.828,10195.624,10128.851,10174.327,10175.299,10245.36,10227.622,10181.862,10246.633,10219.418
1013.1195,1022.8135,1022.27966,1016.42944,1013.56287,1016.27905,1022.46576,1027.7561,1026.3591,1025.8379,1024.8987,1022.3892,1022.27435,1026.6345
10457.284,10469.619,10445.048,10534.115,10468.789,10543.301,10550.976,10603.005,10537.14,10521.778,10499.351,10497.504,10514.414,10507.878
11043.154,11052.254,11050.784,11117.079,11086.049,11132.252,11140.394,11173.857,11113.869,11100.883,11080.39,11083.798,11105.108,11095.455
9889.45,9990.956,9977.392,10019.608,10007.154,9998.906,9908.228,10015.724,9965.245,10073.144,10065.983,10050.939,10081.282,10048.3545
1008.06104,1024.1198,1016.61884,1028.4281,1027.6888,1026.7078,1005.1948,1026.5929,1020.0682,1035.1052,1031.8264,1032.7439,1036.016,1032.849
2891.4512,2891.0706,2845.6492,2820.7676,2762.7607,2817.3044,2762.1294,2812.5513,2856.9128,2843.9082,2766.9568,2763.0193,2815.5408,2819.426
1108.2556,1109.6808,1109.8063,1109.385,1112.0746,1108.2014,1112.1716,1109.2872,1103.6522,1109.9071,1107.1752,1101.669,1107.7914,1109.9626
2829.709,2825.9324,2825.3372,2815.7537,2813.6199,2825.3792,2806.9614,2800.4111,2833.7551,2836.392,2824.529,2794.2227,2819.4744,2795.475
1082.238,1087.3995,1088.099,1085.1249,1090.1902,1091.875,1091.9943,1091.6063,1093.4341,1092.5848,1092.1342,1090.9951,1091.3785,1092.4158
10488.322,10497.608,10503.308,10493.179,10492.582,10502.1,10494.587,10484.145,10481.116,10509.41,10500.103,10489.688,10506.062,10509.447
1728.4194,1728.9397,1726.8857,1737.3809,1736.156,1744.8569,1744.8948,1747.2817,1744.6586,1738.1915,1732.8599,1735.8832,1736.3882,1731.1699
1688.7026,1691.1832,1679.7275,1687.9214,1690.2203,1709.3042,1718.0068,1709.0801,1712.4872,1710.0804,1697.2966,1686.6497,1692.8733,1695.2661
4888.7935,4915.3247,4911.395,4957.0977,4795.4585,4882.803,4913.9595,5046.0317,4999.938,4974.9507,4919.2783,5032.685,4917.3833,4899.8594
4053.213,4066.7402,4078.4248,4047.8557,4049.8682,4058.1797,4056.3066,4068.106,4073.3235,4062.8862,4066.8035,4056.7708,4047.9478,4044.2434
3672.544,3642.7583,3637.3618,3636.3748,3638.072,3634.4468,3652.5195,3646.4006,3642.6138,3648.98,3670.841,3645.6013,3661.1433,3673.4468
5696.028,5780.235,5714.094,5742.393,5767.0566,5786.544,5865.336,5913.337,5855.1646,5798.881,5732.512,5890.9165,5913.4395,5865.36
4657.7534,4636.772,4634.3403,4638.0366,4632.1504,4640.649,4622.242,4627.941,4619.6147,4619.645,4626.761,4623.6826,4611.614,4616.544
1044.6168,1016.0019,1002.01306,1008.66095,901.9816,1047.1649,939.5796,920.21545,909.596,948.42804,921.95105,956.47546,1022.97076,1007.0407
3591.8284,3548.634,3568.8428,3583.5063,3576.175,3596.2588,3610.3982,3573.8694,3575.7344,3566.8552,3564.189,3585.1682,3629.57,3583.5305
1388.8379,1401.4104,1374.2554,1393.057,1398.43,1429.814,1419.8306,1446.7761,1400.6809,1408.2399,1405.4998,1437.0636,1452.0006,1454.4249
5247.8267,5270.1797,5247.8213,5305.0483,5331.8926,5421.671,5408.973,5366.33,5409.504,5373.659,5380.141,5426.9937,5467.888,5417.907
5589.083,5576.814,5561.667,5522.194,5508.9697,5496.0273,5485.572,5474.3545,5524.567,5543.4087,5510.989,5467.87,5508.262,5509.648
3982.43,3977.551,3976.2332,3983.3625,3993.387,3984.5107,4006.8132,4007.3345,4001.4697,4001.569,4007.3284,4006.4043,4027.538,4011.8015
4005.4453,3986.6934,3979.1917,3965.008,3962.4307,3970.5579,3983.7703,3979.5676,3976.1665,3992.691,3999.4766,3997.135,3995.8052,3981.2468
2539.269,2551.9873,2554.8293,2559.8533,2563.6787,2569.3347,2587.8464,2595.0083,2572.0835,2571.783,2572.0146,2570.3518,2561.5298,2567.2473
1932.1276,1932.5424,1930.2354,1943.204,1941.4487,1949.1449,1945.9686,1951.4056,1951.0864,1945.3441,1940.9828,1944.1677,1945.0597,1944.0059
1021.3608,1031.1196,1030.8927,1025.3682,1022.0403,1026.6584,1033.522,1038.0221,1036.682,1035.4746,1034.1886,1031.2982,1031.433,1036.0352
1676.0918,1663.5942,1665.1879,1669.8934,1674.3345,1672.9069,1677.0897,1670.2075,1668.441,1669.4799,1673.4564,1673.9062,1676.8597,1668.1512
1649.2633,1658.8798,1657.0043,1660.7059,1652.3191,1652.7566,1655.4185,1658.8156,1657.8011,1659.3647,1658.8042,1659.9022,1659.844,1661.6294
1801.3246,1799.8804,1791.7523,1792.0203,1780.6671,1792.0286,1786.2742,1790.7809,1786.0789,1795.4147,1790.5088,1789.0024,1789.5559,1787.11
1942.6276,1930.4254,1933.7441,1923.551,1932.9026,1939.0513,1927.6251,1916.3173,1927.3619,1934.7725,1924.335,1920.4536,1940.1216,1929.6667
3259.7302,3302.4832,3355.2878,3339.8933,3335.3604,3332.6123,3328.0066,3299.4211,3337.5496,3332.5217,3344.0144,3324.9885,3338.324,3325.0908
9844.773,9932.112,9964.835,9914.471,9839.622,9936.387,10038.122,10114.727,10089.851,10032.481,10023.375,9991.991,9968.345,10043.176
2485.5698,2484.1003,2481.1685,2478.5432,2468.2717,2486.3535,2484.4438,2484.2969,2488.423,2498.0056,2494.247,2485.953,2492.7327,2485.691
1553.7488,1568.2103,1562.9666,1579.7776,1571.6198,1575.9336,1602.7966,1599.0099,1590.0018,1591.0254,1590.6456,1588.8768,1582.9855,1583.3071
1104.3154,1105.2253,1105.0785,1111.7079,1108.6049,1113.2252,1114.0393,1117.3856,1111.3868,1110.0883,1108.0391,1108.3798,1110.5107,1109.5454
2918.045,2925.6047,2882.1008,2859.8445,2812.0828,2857.3362,2798.5723,2842.2566,2884.166,2893.4526,2819.0972,2800.5525,2851.377,2855.7783
1738.4479,1741.2697,1747.0947,1744.0178,1744.5009,1744.6656,1744.1738,1740.8853,1744.3914,1744.8411,1744.7576,1739.5775,1748.6136,1748.7634
5869.3257,5766.174,5668.618,5314.095,5187.7397,5488.3804,5079.9385,5176.9043,5321.7314,5534.819,5292.0312,5440.8257,5504.2075,5823.036
7287.727,7250.831,7266.622,7329.316,7356.134,7322.9473,7286.9375,7278.8813,7323.366,7338.012,7335.5327,7296.2563,7323.871,7289.717
2137.4082,2117.6108,2074.8042,2099.83,2143.0232,2100.7703,2084.7332,2172.0376,2138.6262,2061.3215,1977.738,2018.4576,2041.439,2047.7861
2234.4045,2215.3755,2157.598,2204.1548,2251.073,2205.1394,2174.4668,2275.0347,2241.5247,2145.1555,2046.2305,2096.0217,2121.645,2120.8357
2017.1549,1999.6384,1969.2793,1962.2766,1958.1837,1962.557,1942.6439,2015.4149,1992.4392,1953.0396,1912.5669,1919.5985,1940.9049,1934.5117
2028.9297,2011.7971,1980.0117,1969.9321,1963.8492,1973.3958,1940.6935,2021.3851,1998.3706,1956.6582,1922.5889,1931.5472,1953.2932,1945.31
2024.3677,2004.5464,1973.833,1970.5579,1984.3531,1972.2083,1962.6713,2031.2516,2006.9205,1960.7073,1905.9802,1914.9767,1944.323,1945.6393
2046.8536,2032.2089,1998.4565,1986.7336,1980.3573,1995.3392,1950.7748,2035.2803,2011.7476,1974.5367,1939.9491,1950.7313,1970.5724,1965.0026
2312.9502,2291.33,2221.719,2293.0679,2337.0322,2278.685,2210.871,2344.855,2322.7583,2225.4155,2109.147,2150.7004,2200.115,2171.3433
2127.3257,2116.5503,2070.5361,2066.081,2070.0007,2078.1956,2018.1981,2118.416,2089.463,2050.9812,2013.4454,2030.7902,2049.5608,2046.1046
2099.2202,2085.4617,2045.8658,2036.3179,2035.3215,2049.5798,1996.7921,2081.7092,2057.8967,2022.3942,1990.483,2002.0245,2021.9835,2016.7695
2016.1094,1997.3287,1968.1349,1961.3676,1964.3076,1962.3878,1951.2667,2019.145,1995.5509,1952.284,1907.5754,1913.3721,1936.0734,1934.3934
2072.0425,2057.7256,2021.8522,2013.1951,2007.1855,2021.7965,1974.6482,2058.9636,2033.6173,1999.6544,1966.6582,1979.2023,1996.578,1990.9452
1909.4615,1924.5518,1868.9263,1917.2222,1934.7421,1889.2699,1777.6002,1878.546,1856.222,1825.3638,1783.5432,1811.9104,1822.7555,1819.3734
9802.035,9631.725,9807.738,9949.0625,10034.818,9900.501,9937.319,9721.435,9619.925,9589.508,9718.485,10036.931,9704.47,9602.222
939.19745,967.22156,953.00604,982.926,984.40625,979.56433,942.91327,988.1598,990.6141,995.645,993.2791,1006.2844,973.244,968.8936
11857.195,11824.338,11823.36,11821.948,11850.35,11961.866,11968.66,11926.572,11851.807,11818.1045,11837.905,11841.81,11911.655,11855.624
1605.5547,1602.8381,1602.538,1602.8776,1607.662,1620.4393,1620.183,1614.5059,1606.3474,1602.6019,1604.7925,1605.4052,1614.3508,1607.4834
7153.324,7160.783,7161.598,7205.798,7252.692,7271.358,7295.462,7208.9434,7194.214,7204.371,7210.4204,7218.1396,7207.5796,7192.092
9221.846,9200.858,9214.5,9217.095,9197.185,9144.563,9179.264,9214.894,9229.809,9198.288,9209.056,9193.8,9178.725,9177.145
11170.913,11186.277,11205.394,11229.866,11229.904,11198.93,11173.326,11145.591,11160.936,11229.337,11255.932,11240.354,11237.389,11230.528
953.48694,957.81683,957.9865,966.41376,961.48395,971.15106,964.80115,966.4632,965.3042,971.6207,961.2914,960.9412,959.64844,985.28235
942.4137,948.08496,947.5877,954.62665,948.259,960.2165,963.04803,956.0584,957.70966,963.24713,953.5635,952.1569,951.99884,977.54144
1315.4332,1315.6656,1313.7876,1310.2603,1310.9622,1314.8677,1318.3989,1306.951,1306.0806,1309.1005,1307.3997,1302.1908,1308.1824,1311.1587
1263.2931,1263.7991,1261.9839,1258.2416,1258.9121,1262.6434,1266.1046,1254.8269,1254.2744,1256.9131,1255.6034,1250.5269,1256.1324,1259.2255
1333.2499,1333.2891,1331.4275,1327.9642,1328.596,1332.56,1336.1433,1324.7345,1323.7634,1326.8726,1325.0408,1319.9299,1325.9651,1328.8086
9235.135,9275.72,9388.015,9400.904,9404.261,9477.817,9542.129,9471.284,9593.126,9599.634,9580.31,9515.25,9530.894,9304.679
6941.3506,6978.1006,7077.635,7076.1304,7061.2915,7108.732,7143.1597,7111.563,7173.7935,7185.0796,7178.97,7132.1104,7138.4116,7042.8315
7460.975,7499.306,7597.608,7605.324,7586.8887,7636.9907,7679.9497,7645.3423,7713.5293,7725.3774,7716.062,7666.856,7674.2744,7549.2886
6327.4106,6348.989,6422.4165,6292.4873,5932.9272,6034.1504,6047.753,6307.482,6098.4297,6186.1455,6261.376,6262.437,6070.3223,6124.981
8211.768,8455.6455,8241.0625,8212.924,8119.0107,8270.356,8317.123,8308.248,8149.133,8248.032,8269.549,8196.97,8248.125,8326.308
7265.1387,7289.9263,7374.247,7225.0444,6812.215,6928.452,6944.0625,7242.283,7002.2075,7102.932,7189.291,7190.5835,6970.0005,7032.7383
1343.1528,1353.6678,1347.2513,1323.7313,1301.4564,1339.5823,1359.7645,1336.1179,1350.1141,1346.6097,1347.1735,1346.5126,1335.8917,1353.2898
9293.999,9303.844,9412.475,9245.177,9437.102,9260.659,9331.826,9256.447,9473.125,9334.852,9214.3545,9159.666,9250.538,9187.587
9234.941,9244.886,9352.808,9186.326,9377.113,9201.726,9272.676,9197.606,9413.027,9275.634,9155.747,9101.221,9191.692,9129.125
5225.6465,5226.463,5235.6157,5262.2217,5253.8237,5254.092,5339.6826,5210.049,5254.1665,5305.5337,5329.2495,5300.431,5304.629,5268.544
6879.5576,6865.888,6875.114,6926.8335,6931.8003,6936.0186,7055.703,6870.494,6932.22,6968.3916,6994.1816,6903.4995,6936.1416,6878.439
5597.0522,5595.1226,5609.2036,5638.4385,5634.5386,5630.4316,5722.3213,5589.7295,5632.7534,5677.2637,5713.306,5673.087,5654.992,5636.3193
9398.549,9247.97,9424.1875,9551.108,9633.391,9500.627,9536.233,9350.827,9217.94,9207.762,9330.5205,9636.908,9306.949,9202.298
1106.0662,1082.9523,1098.2533,1117.7374,1127.4276,1114.4088,1116.6967,1089.5614,1085.9277,1079.727,1093.3727,1126.2301,1094.1315,1082.6086
644.29376,658.3303,653.3377,654.9914,655.19135,652.2836,648.0084,649.7058,657.89276,651.61896,649.56287,649.3432,648.037,644.89435
951.6789,952.0045,950.19006,961.4693,961.948,955.4345,944.5466,943.00616,949.61993,941.574,939.9537,976.42865,958.8375,933.19055
10648.403,10560.985,10537.594,10556.258,10601.402,10685.417,10681.038,10640.304,10580.534,10543.139,10564.929,10565.176,10652.545,10604.396
1706.9435,1711.887,1702.6147,1711.4775,1731.7434,1710.086,1650.6337,1722.7526,1704.2991,1695.6167,1696.3496,1705.5044,1676.5002,1582.394
9501.117,9176.2,8851.141,8942.51,8842.426,9549.865,8420.879,8399.554,8391.586,8748.451,9226.288,9770.477,9486.339,8879.382
5849.5747,5841.556,5862.8,5854.162,5827.9463,5788.5806,5788.557,5854.6255,5899.1143,5944.01,5868.048,5855.786,5819.8125,5760.095
10548.1875,10695.033,10582.364,10629.015,10597.861,10688.36,10453.757,10162.124,10104.339,10598.285,10595.2295,10724.523,10651.436,10410.75
11066.663,11101.024,11154.816,11021.866,11000.623,11015.196,10996.3125,11051.406,11113.721,11124.333,11095.878,11022.58,11084.489,11117.585
8119.917,8097.3535,7924.794,8208.161,8572.019,8493.491,8156.918,8203.416,8424.818,8237.143,8155.301,8352.574,8612.582,8408.237
1096.9862,1150.2653,1039.3961,1032.8046,1059.6359,1030.0265,1007.84717,1068.6676,1148.067,1116.6876,1046.4213,1062.6151,1108.7235,1138.7015
7986.942,8122.6357,8383.124,8251.986,8191.719,8373.206,8405.175,8229.952,8120.968,8269.314,8311.026,8181.1704,8132.9717,8123.487
2807.0288,2954.141,2847.7095,3043.7148,3642.3372,3763.1985,3414.9685,2901.3657,3908.1223,3341.9304,3276.0566,2882.591,3087.7424,2800.3208
2845.662,2772.2776,2420.4702,3061.6233,3918.3428,3780.508,3724.793,3444.246,3134.7573,2970.2673,3299.4187,3752.0007,3442.8528,3082.528
3387.3523,3376.0996,3746.6013,3400.9233,2887.9553,3518.5073,3925.0667,3711.4058,3860.7566,4043.6128,4007.7346,3896.7036,4040.7097,3837.3066
7248.978,7406.9424,7522.4663,7619.323,7721.973,7731.5503,7703.5522,7628.3467,7741.07,7741.8677,7673.072,7659.349,7738.6406,7732.3945
4668.4707,4776.437,4810.4927,4831.5356,4768.638,4682.7837,4087.0493,4688.708,5177.178,4790.634,4626.7573,4458.536,4481.491,4590.254
1152.976,1150.9365,1143.6013,1145.7354,1136.7488,1151.0156,1152.717,1162.8309,1140.2831,1142.6417,1150.8972,1153.761,1160.2677,1157.2595
1261.8751,1259.886,1247.1732,1254.1111,1244.6552,1259.4293,1264.2219,1273.1088,1245.1886,1246.7698,1256.4718,1261.3065,1265.0762,1261.0457
1237.7952,1235.554,1223.5424,1229.5692,1221.3074,1235.0006,1239.1302,1248.7893,1222.273,1223.4226,1233.1403,1236.387,1241.358,1237.3423
6452.5303,6474.1914,6421.193,6469.462,6470.934,6507.576,6414.6094,6384.6147,6373.1914,6245.6787,6250.8613,6279.347,6297.3755,6277.5884
8085.208,8140.8438,8038.3516,8105.843,8108.839,8154.711,8019.4976,7998.0015,7991.7065,7804.929,7794.4434,7828.8315,7852.7896,7819.0825
355.17126,355.48965,353.90396,365.5643,371.40875,366.8588,362.11557,360.4211,362.76083,366.11307,362.95193,358.729,363.57925,364.38107
577.07855,578.1011,574.7736,587.4212,577.8753,583.68884,580.2351,587.0083,575.61725,577.90796,578.55084,595.96234,590.194,596.3989
12436.031,12453.516,12534.091,12526.407,12505.992,12511.97,12500.657,12475.795,12454.719,12507.788,12569.138,12527.251,12509.1,12494.327
10018.297,9954.004,9947.679,9900.072,9881.094,9917.085,9926.47,9906.338,9908.596,9927.024,9984.883,9976.323,9923.689,9940.447
1514.9868,1524.8022,1512.4158,1531.8917,1511.0367,1523.1277,1533.0569,1533.5642,1515.4868,1530.4862,1531.5411,1534.5315,1527.1604,1526.7632
6367.286,6410.58,6352.0947,6441.045,6346.924,6397.857,6445.5264,6450.4,6371.4253,6437.346,6437.1196,6450.9365,6415.1235,6417.554
7272.37,7265.248,7281.2715,7268.183,7185.6035,7207.105,7150.546,7226.0312,7241.658,7250.009,7242.021,7203.4307,7217.5703,7230.253
10359.231,10349.087,10371.913,10353.32,10235.773,10266.332,10185.738,10293.245,10315.504,10327.392,10316.067,10261.156,10281.203,10299.275
10090.914,9991.094,10002.861,10031.622,10149.343,10188.569,10104.897,10123.246,10141.354,10158.405,10147.784,10146.665,10088.869,9994.912
13374.187,13468.701,13496.6045,13449.468,13424.076,13428.678,13422.06,13459.29,13470.911,13465.524,13471.663,13453.12,13445.812,13466.797
20343.197,20297.023,20383.133,20315.04,20480.547,20374.361,20255.305,20110.373,20175.045,20194.424,20208.828,20181.904,20255.293,20166.312
24696.047,24849.004,24871.242,24917.617,24855.363,24838.707,24781.41,24843.648,24894.904,24965.402,24919.68,24893.688,24926.594,24889.686
1251.6594,1242.0599,1229.9397,1233.2476,1232.0483,1229.5991,1231.5355,1237.1102,1235.3582,1235.0813,1231.3362,1237.5077,1238.7594,1236.2216
7283.544,7219.5996,7152.146,7181.1997,7010.1816,7237.345,6896.2227,7151.5444,7066.441,7045.616,7032.9033,7103.1514,7224.547,7295.2466
13701.176,13548.752,13380.982,13548.143,13583.648,13605.889,13519.745,13619.492,13450.702,13408.537,13299.913,13503.079,13512.634,13441.939
22124.506,22102.312,22055.1,22061.074,22021.719,21804.043,21505.47,21891.904,21898.365,21980.402,21861.594,21811.674,21699.912,21675.27
20506.598,20465.062,20439.361,20412.754,20396.443,20435.566,20435.91,20437.19,20424.021,20434.566,20431.15,20443.703,20475.152,20484.357
17491.117,17399.182,17428.36,17315.072,17360.406,17325.709,17505.623,17427.37,17487.363,17334.705,17281.42,17201.262,17157.203,16908.086
9787.637,9797.818,9771.179,9773.599,9780.961,9789.963,9749.825,9785.779,9782.64,9763.004,9750.945,9781.56,9788.089,9776.905
10450.957,10461.831,10433.384,10435.96,10443.821,10453.432,10410.559,10448.968,10445.628,10424.627,10411.77,10444.466,10451.439,10439.484
3350.9114,3547.9082,3242.7231,3597.6338,3712.575,3255.6538,3336.8345,3332.6274,3190.8123,3103.642,3366.4238,3965.2183,3172.9424,3246.776
6786.557,7503.7603,7266.114,8176.8564,8306.317,8467.664,8585.01,8024.232,8863.182,9483.711,9814.599,10272.105,9471.307,9837.191
1140.7434,1144.185,1155.3251,1152.4978,1163.2037,1163.9218,1182.6737,1178.3354,1192.5537,1194.551,1199.429,1169.7715,1193.5007,1180.4523
1130.8148,1126.4768,1130.2656,1105.0691,1113.0029,1108.2002,1157.551,1112.1067,1125.3463,1115.2928,1127.8195,1125.081,1153.479,1144.1476
8722.162,8703.603,8742.429,8695.174,8734.0205,8656.233,8698.378,8695.574,8751.416,8769.198,8777.852,8736.954,8770.506,8766.278
8836.199,8816.342,8827.011,8788.5205,8784.574,8770.048,8767.922,8781.919,8797.427,8811.962,8835.809,8828.715,8816.244,8819.382
8678.903,8660.372,8679.764,8684.91,8698.429,8657.234,8681.076,8686.012,8719.207,8720.334,8727.841,8734.894,8733.224,8726.861
8803.283,8772.1455,8767.848,8754.292,8744.861,8728.857,8739.443,8748.191,8761.512,8755.344,8751.594,8787.15,8770.082,8762.662
1033.7748,1034.1976,1033.555,1033.2834,1035.5884,1035.3009,1031.9333,1033.8398,1036.7262,1034.9949,1035.029,1033.8782,1035.8945,1035.167
1044.6869,1038.6667,1036.3441,1038.2366,1036.1544,1035.5311,1035.4343,1041.404,1044.4825,1038.3999,1034.7368,1037.7919,1038.4176,1036.2886
10407.152,10480.631,10319.553,10567.683,10304.091,10347.698,10150.116,10491.045,10459.136,10372.3,10109.762,10331.212,10428.123,10534.76
10441.783,10537.212,10353.457,10414.794,10127.244,10239.198,10254.656,10264.1045,10191.374,10203.358,10081.616,10051.83,10191.433,10285.47
10355.789,10291.128,10174.737,10264.23,10137.806,10164.194,10151.696,10350.385,10315.879,10118.604,9996.864,10121.24,10254.78,10260.057
6306.671,6333.9673,6320.93,6368.9854,6356.238,6349.774,6359.7905,6375.6445,6362.0444,6361.1147,6368.4062,6375.2075,6367.1196,6400.3667
6294.525,6308.7256,6308.7485,6338.552,6348.8076,6338.0635,6345.875,6334.2295,6325.7607,6342.1084,6389.1562,6360.2046,6405.682,6441.462
6227.528,6249.0723,6257.9907,6297.324,6294.9175,6324.5483,6329.6885,6326.6055,6313.8794,6305.4854,6301.9473,6328.1577,6348.3267,6346.4976
6280.3633,6306.529,6322.666,6329.1577,6359.474,6355.964,6367.4897,6357.2915,6354.928,6347.448,6366.4844,6368.6245,6393.683,6382.8516
9834.226,9779.734,9805.436,9814.335,9781.857,9788.885,9803.191,9817.543,9801.071,9784.021,9793.419,9782.106,9761.936,9747.071
9882.783,9848.451,9893.234,9857.976,9827.012,9875.174,9851.548,9873.235,9862.46,9836.53,9818.826,9818.52,9798.285,9776.573
9814.352,9761.586,9792.548,9775.18,9755.885,9775.763,9772.784,9779.02,9762.785,9765.582,9767.836,9750.011,9736.766,9713.897
9849.981,9853.63,9880.535,9838.806,9819.856,9867.531,9844.447,9850.207,9835.546,9852.896,9816.54,9807.234,9786.402,9777.194
9453.146,9623.532,9688.597,9676.09,9650.293,9647.07,9664.446,9749.408,9649.058,9688.763,9692.5625,9779.625,9691.531,9797.141
9335.205,9521.9,9600.972,9610.068,9598.324,9603.529,9604.242,9676.673,9616.361,9705.104,9641.686,9748.094,9701.924,9646.431
9488.296,9680.283,9780.211,9799.343,9779.45,9784.414,9882.755,9859.801,9803.327,9851.266,9880.19,9954.174,9876.561,9866.611
10145.543,10125.445,10130.613,10120.535,10099.968,10050.522,10056.67,10097.198,10140.983,10079.492,10021.28,10015.782,10037.253,10096.804
10107.442,10084.322,10076.694,10063.13,10042.639,10048.178,10030.3955,10060.94,10080.596,10032.189,9991.242,10008.924,10030.442,10069.856
10169.172,10152.199,10124.566,10097.545,10066.435,10075.953,10067.726,10091.255,10103.69,10032.681,10011.577,10040.438,10070.001,10092.94
1389.2095,1415.2714,1388.6802,1399.3462,1384.2185,1369.7407,1398.1118,1409.2504,1405.8235,1399.7837,1370.9833,1373.3171,1391.038,1399.8425
1393.1821,1425.9614,1398.5525,1416.1124,1377.0078,1397.0701,1423.1902,1423.6078,1429.1456,1415.8627,1359.5438,1398.1327,1429.563,1417.601
1382.8772,1406.0072,1384.2317,1390.218,1364.0122,1368.7852,1402.8115,1401.3685,1402.234,1380.8986,1365.867,1373.5496,1389.4192,1391.9323
1377.4966,1385.1035,1371.6403,1387.4393,1354.8549,1373.7323,1402.1003,1390.5472,1384.5691,1369.1904,1357.6217,1374.7883,1379.9749,1377.9025
6823.6973,6805.2666,6768.7446,6777.71,6869.049,6801.287,6714.5205,6720.649,6782.3657,6759.983,6823.0483,6766.7485,6798.338,6819.593
6855.422,6844.6807,6821.8813,6807.183,6926.8706,6846.4917,6743.8926,6769.2324,6844.3936,6842.4004,6884.3745,6791.102,6911.0854,6881.0083
6795.4185,6796.084,6773.5,6769.4927,6879.9375,6812.6255,6678.946,6734.1626,6775.0444,6825.324,6868.2524,6783.0347,6824.89,6861.2603
6848.8325,6860.4033,6864.89,6870.788,7007.198,6903.1694,6783.131,6843.425,6910.939,6959.115,6990.511,6944.406,6974.8354,6926.735
6718.3726,6838.0215,6876.5,6855.3745,6895.4067,6858.877,6733.7573,6854.894,6910.08,6884.312,6848.704,6814.881,6883.309,6892.3706
1231.3455,1240.537,1242.744,1248.2977,1243.3297,1240.3026,1251.8809,1245.3264,1253.5647,1248.1082,1213.3263,1213.3273,1237.403,1232.5773
1224.3162,1237.0787,1237.3938,1240.7992,1233.825,1235.6013,1249.1722,1241.9534,1248.1609,1238.2239,1221.0374,1227.0818,1225.9469,1223.9388
1221.9554,1242.3617,1236.5261,1240.475,1222.624,1248.4069,1253.097,1243.691,1228.1566,1245.9552,1218.5381,1216.017,1224.325,1245.4365
8695.323,8730.694,8619.77,8724.257,8719.888,8825.48,8745.521,8817.319,8716.291,8712.729,8468.131,8847.077,8666.326,8650.03
8735.242,8748.609,8683.869,8736.262,8788.659,8793.599,8815.974,8813.112,8835.864,8631.034,8617.939,8806.046,8624.697,8525.809
8713.071,8684.046,8652.146,8731.347,8799.465,8727.366,8753.507,8810.653,8821.214,8573.824,8612.531,8762.321,8685.041,8559.755
9672.183,9769.536,9800.821,9782.498,9801.712,9847.939,9872.56,9845.627,9895.415,9849.187,9840.148,9787.025,9886.11,9884.079
9713.858,9800.728,9832.3,9780.934,9869.596,9898.387,9911.277,9902.4795,9949.778,9916.927,9880.926,9867.546,9930.694,9933.931
9562.756,9638.12,9666.23,9652.397,9689.548,9710.003,9783.958,9747.911,9832.486,9759.514,9709.027,9668.361,9795.878,9779.543
9534.314,9644.648,9646.944,9608.322,9740.064,9772.9375,9800.654,9811.147,9918.402,9818.665,9693.879,9717.054,9850.338,9824.041
1220.3724,1217.9902,1195.4325,1216.8693,1204.1698,1227.6663,1210.6746,1225.186,1195.4026,1184.35,1175.7655,1192.4642,1183.0454,1200.0859
1231.5035,1225.7458,1220.9935,1219.3159,1217.3776,1238.45,1238.8307,1237.7855,1208.906,1208.1182,1216.9333,1217.942,1222.0846,1212.9475
1223.5862,1219.388,1204.2225,1214.4113,1211.5878,1225.4862,1227.3932,1234.291,1206.2527,1178.844,1180.1401,1200.1594,1195.8958,1191.3431
1227.2845,1220.168,1221.0111,1218.1617,1218.4214,1231.6239,1227.5912,1229.1302,1211.4204,1204.7074,1214.7031,1213.9927,1215.7451,1210.2874
6717.7275,6837.075,6875.545,6855.009,6893.8535,6857.439,6733.0894,6854.9355,6909.422,6883.0415,6847.533,6814.2183,6882.8037,6892.2217
6198.2656,6142.5786,6175.426,6176.608,6158.424,6163.6772,6228.471,6165.133,6191.6733,5905.5835,5852.774,6035.572,5996.284,5891.005
6247.094,6254.433,6214.007,6206.736,6184.8706,6231.7026,6230.6445,6249.886,6192.1445,6024.523,6032.754,6088.4365,6059.0034,6083.0645
6199.682,6212.2373,6189.654,6223.141,6216.7837,6237.21,6289.7554,6262.2817,6171.771,5889.4023,5894.6133,6008.6377,5968.3677,5963.137
6235.1455,6267.7026,6190.3306,6176.375,6145.575,6206.672,6228.886,6266.951,6096.0947,5970.722,5984.2295,6007.794,5999.6045,6043.8037
6718.3726,6838.0215,6876.5,6855.3745,6895.4067,6858.877,6733.7573,6854.894,6910.08,6884.312,6848.704,6814.881,6883.309,6892.3706
671.8372,683.8022,687.6499,685.53754,689.5408,685.88776,673.37573,685.4895,691.00806,688.4313,684.8705,681.4881,688.33093,689.2371
1290.9922,1294.1682,1282.3386,1289.5942,1284.0576,1284.5798,1282.5101,1294.2164,1291.6696,1283.4258,1277.5183,1287.9385,1289.9376,1287.5731
1271.7614,1271.8193,1267.1484,1275.805,1270.6827,1272.3318,1270.5121,1278.5614,1273.5355,1269.5948,1266.7115,1277.1465,1275.9485,1273.6271
1284.7947,1278.8477,1276.477,1280.4308,1278.4517,1270.689,1276.5117,1281.3691,1279.1647,1270.8546,1276.208,1282.8636,1283.2333,1271.2649
1210.9028,1214.6392,1216.6034,1209.8944,1204.049,1209.3564,1207.5065,1204.6635,1207.6771,1203.9266,1198.4166,1196.4482,1192.8705,1193.935
1212.0781,1211.5326,1211.8177,1207.9828,1201.9713,1210.2927,1206.6042,1205.2076,1206.3696,1202.4912,1200.2008,1198.2365,1197.5491,1200.8451
1203.6302,1204.9417,1203.023,1200.8135,1193.3119,1200.6841,1194.8513,1198.2867,1198.7911,1196.9003,1191.8329,1191.2087,1187.5538,1186.9362
1203.0377,1203.0011,1202.4182,1201.5214,1199.1699,1202.1666,1200.1796,1200.7892,1200.5563,1200.447,1198.616,1197.6858,1198.747,1199.9497
1375.7162,1373.1437,1369.6177,1367.873,1368.9825,1376.8762,1363.3698,1354.1871,1350.604,1349.5271,1353.8228,1356.3608,1362.6788,1356.0797
1376.5554,1370.3776,1365.9567,1367.5554,1368.7458,1362.9999,1349.3698,1347.818,1334.8978,1336.0048,1348.5365,1348.3569,1353.0175,1338.4624
1388.2434,1384.2766,1378.227,1394.8958,1397.8894,1378.7781,1383.2357,1385.447,1367.2246,1363.0756,1374.6543,1382.8287,1390.5251,1377.5209
1516.2788,1520.5123,1526.1353,1539.7605,1539.5876,1525.7023,1543.1945,1530.1029,1528.1602,1514.4756,1526.3268,1562.6636,1538.1727,1515.8271
1512.0441,1518.7008,1528.4554,1528.7681,1529.9988,1522.9133,1540.3872,1513.7759,1510.5703,1506.0076,1528.2976,1540.4734,1517.442,1506.2767
1196.3734,1196.4635,1199.3584,1195.3224,1203.8674,1202.7179,1195.1056,1192.5323,1192.24,1197.5679,1207.7751,1203.1488,1210.7225,1213.9921
1192.2695,1191.4288,1196.8837,1191.5793,1203.2479,1204.922,1199.8491,1190.1748,1191.6597,1195.776,1211.746,1206.3441,1216.5006,1218.0438
1171.7102,1178.9916,1188.944,1185.609,1191.1698,1186.7053,1182.2097,1180.813,1180.6399,1193.4916,1206.7454,1198.9196,1202.7338,1206.5253
1172.4681,1183.3455,1194.4661,1195.1321,1202.6187,1198.5316,1192.3169,1186.6572,1187.38,1203.5828,1213.1665,1209.2251,1212.2524,1211.2294
1417.0051,1437.9551,1435.8818,1428.8494,1423.9364,1429.179,1433.4344,1437.0383,1441.9397,1437.3899,1432.2756,1425.3916,1419.4227,1415.6216
1422.6703,1429.48,1428.657,1423.979,1423.5623,1422.7189,1428.5645,1430.6759,1432.1097,1429.5421,1426.4097,1420.4038,1420.8298,1420.2042
1425.311,1426.8464,1429.2522,1424.3145,1424.1615,1423.5372,1432.32,1431.8323,1433.3083,1427.5133,1427.0981,1422.1764,1424.5712,1422.9352
1406.1266,1403.7379,1408.6279,1416.1722,1405.4694,1407.5172,1407.9576,1412.4888,1412.664,1413.8679,1412.5073,1412.6736,1405.7628,1407.7295
1401.9329,1404.8285,1416.4391,1429.0143,1412.5858,1411.2306,1409.3271,1422.019,1420.7493,1426.0452,1421.2993,1418.5051,1406.7373,1410.8472
1395.4839,1392.9927,1408.7148,1411.7318,1397.4807,1401.7378,1406.123,1417.6256,1416.6495,1415.7738,1408.6205,1406.2524,1399.176,1405.7177
1386.9604,1392.6172,1422.7373,1425.6826,1403.6118,1402.4165,1414.3304,1432.5984,1417.955,1430.5203,1419.0182,1413.8553,1398.4789,1412.912
1282.7926,1301.747,1294.1761,1291.3,1286.824,1291.0222,1292.078,1296.5381,1297.65,1297.277,1298.1906,1299.0903,1292.3054,1299.2216
1271.8948,1274.5421,1272.7411,1270.0555,1266.6212,1271.4957,1274.6841,1272.1586,1271.2777,1271.4069,1269.4966,1269.8563,1269.9337,1272.5645
1185.3125,1184.1075,1185.7183,1188.1488,1185.7611,1180.6553,1179.4634,1182.2582,1185.2384,1185.9868,1186.177,1186.5874,1182.201,1182.1154
1190.3242,1185.5292,1188.9794,1189.0017,1186.8573,1183.335,1188.5334,1185.7489,1186.4052,1186.7756,1189.1603,1186.2322,1185.6436,1184.3918
1187.4344,1183.8243,1183.3712,1180.5408,1180.958,1178.5303,1177.9509,1180.6146,1183.2717,1181.9358,1179.8995,1179.8856,1181.5934,1179.4624
1186.1724,1184.0718,1184.3035,1181.7257,1182.897,1181.3163,1183.456,1182.727,1185.2103,1183.4385,1182.8588,1181.5396,1183.9559,1182.5481
1205.6656,1205.2882,1202.3353,1207.1482,1199.3937,1194.0719,1203.0696,1205.453,1196.0381,1203.1492,1199.7782,1193.3937,1191.518,1196.9971
1211.7456,1217.9542,1208.7775,1214.2917,1202.0035,1211.9789,1222.6205,1222.2272,1211.5044,1212.8893,1178.8849,1182.8032,1182.3446,1192.9576
1220.9761,1237.508,1232.7936,1235.9009,1226.8748,1209.9943,1214.1217,1238.37,1229.9167,1239.583,1217.2009,1191.361,1197.7919,1204.6448
1212.4165,1219.9788,1219.9385,1212.206,1201.7466,1202.7643,1219.6558,1210.7274,1216.3026,1209.586,1192.8862,1184.4227,1192.4236,1195.8184
1181.2476,1186.4846,1186.1569,1192.1434,1194.7489,1179.2505,1158.4833,1172.7192,1184.106,1174.9491,1166.7465,1167.3013,1166.0345,1163.7798
1142.7424,1139.3196,1138.5679,1137.1409,1133.0508,1131.363,1132.6292,1132.6289,1134.5574,1134.8567,1135.571,1133.5897,1135.4562,1134.2439
1121.9113,1120.6842,1122.7843,1120.1324,1118.0233,1118.505,1118.5576,1119.4779,1120.744,1119.9128,1119.5723,1118.9371,1120.2152,1119.283
1125.7201,1127.9377,1125.8889,1125.5413,1124.589,1124.9733,1125.4071,1126.0243,1124.9465,1124.9142,1124.9553,1125.0289,1124.6427,1124.8484
1085.1403,1088.6849,1098.3896,1096.0809,1091.2245,1096.8806,1093.7764,1089.313,1076.2755,1089.2543,1088.4171,1081.4415,1085.9357,1085.6389
1085.011,1091.3269,1100.3999,1102.232,1094.8502,1101.722,1093.8724,1083.6661,1080.4796,1090.5294,1088.5244,1082.0868,1091.4829,1091.6508
1093.5747,1096.1807,1094.8148,1095.2776,1095.2095,1094.7269,1094.1604,1092.3026,1094.0784,1094.3201,1094.1611,1094.8683,1094.5189,1094.244
1112.5332,1112.8856,1108.3884,1107.8894,1102.8181,1101.1863,1100.7489,1107.3558,1105.6942,1105.4248,1104.2495,1104.9327,1105.3997,1106.3447
1114.1422,1117.3734,1110.5277,1111.3279,1103.131,1101.7302,1102.4415,1113.1685,1111.3986,1110.3135,1109.2029,1112.1138,1110.9807,1112.6976
1137.1552,1152.4435,1142.9867,1131.4554,1116.0924,1112.7382,1116.5995,1151.7662,1144.2568,1148.2184,1136.3573,1148.753,1147.6914,1147.2312
1081.0253,1079.096,1078.6636,1077.9132,1084.1208,1082.7562,1079.4269,1066.2124,1072.474,1064.3363,1066.3875,1075.8918,1068.5958,1061.8358
1083.7329,1081.1216,1092.0668,1084.2769,1087.3496,1088.8108,1082.4044,1069.6388,1077.7727,1074.7928,1076.8632,1072.4127,1069.4287,1068.0647
1072.3403,1070.5076,1068.9115,1070.8108,1074.4548,1070.5519,1070.6431,1059.2722,1061.666,1061.9563,1065.0728,1067.206,1058.893,1051.6296
1076.7754,1079.2609,1077.4412,1078.9208,1080.5566,1076.2914,1071.8143,1065.4728,1065.8413,1071.911,1075.6844,1069.9736,1062.9004,1060.7158
1210.3585,1205.2284,1199.7516,1222.295,1201.6594,1204.5144,1193.9626,1222.4099,1198.7605,1173.0922,1167.4053,1199.0834,1181.5333,1185.935
1207.1266,1202.2672,1201.5883,1210.4772,1196.451,1198.6638,1205.3541,1214.0831,1192.1017,1149.6973,1176.6963,1166.856,1174.7673,1166.5309
1191.6259,1190.8583,1184.5237,1196.7413,1174.6246,1186.0718,1183.4727,1194.4075,1164.7089,1161.001,1153.7067,1172.41,1162.0023,1161.6482
1200.2345,1202.1896,1198.4214,1204.5034,1200.8555,1198.6655,1207.6857,1203.1038,1187.204,1179.3835,1190.3417,1194.4781,1191.4554,1181.4221
1151.1866,1157.0876,1153.9376,1151.2805,1157.4845,1153.305,1159.1638,1148.681,1150.2467,1148.936,1160.0541,1159.1525,1154.8885,1163.2415
1163.1533,1168.4677,1168.9799,1172.8094,1178.5515,1170.7303,1168.5048,1163.489,1170.1172,1175.6537,1179.4626,1172.517,1170.1919,1178.7361
1151.9673,1156.2701,1156.2018,1158.9407,1165.7867,1161.0432,1153.4149,1155.4989,1168.7925,1166.1499,1171.4564,1161.5593,1163.4958,1157.1935
1158.3999,1156.9573,1158.1151,1167.2183,1169.217,1164.7952,1146.7882,1150.6627,1159.2798,1169.1862,1168.508,1169.3668,1170.4094,1164.0057
1095.6908,1099.1428,1094.8198,1093.1528,1094.33,1099.0864,1098.5392,1101.2006,1100.5759,1101.047,1100.374,1100.0236,1101.8312,1100.6593
1088.608,1089.825,1083.699,1082.3351,1080.7129,1083.9834,1090.3102,1100.8029,1092.4741,1093.2593,1091.2021,1091.4767,1095.1267,1089.834
1092.2994,1094.5322,1088.9531,1090.2074,1090.7578,1094.4586,1099.2556,1100.8485,1100.6505,1101.3416,1099.4503,1099.2308,1101.4431,1099.9982
1105.4116,1104.4712,1096.6227,1091.0262,1084.9988,1083.7365,1078.1294,1090.1294,1092.8981,1095.4939,1093.4574,1091.3746,1091.7574,1090.9463
1096.0024,1097.3806,1085.9672,1085.4437,1076.0559,1075.2421,1069.1276,1078.7859,1078.7756,1079.7699,1080.9319,1079.8892,1078.7377,1076.7668
1096.8618,1093.7461,1088.31,1086.2689,1081.0446,1079.8701,1074.3542,1089.0637,1087.409,1089.0132,1087.5037,1085.9418,1084.4236,1081.0994
1017.4385,1016.11865,1016.8805,1016.9666,1016.94,1017.4527,1018.54175,1019.3992,1017.67065,1014.6674,1016.61755,1018.4446,1017.09564,1015.0905
1018.725,1017.5797,1018.1128,1017.41046,1019.54297,1020.72394,1023.78064,1020.22144,1017.2277,1017.96106,1020.905,1018.4134,1015.22174,1016.52606
1281.7537,1287.2693,1293.9219,1284.96,1294.3044,1291.9227,1296.4943,1294.7128,1304.7299,1292.0408,1292.8832,1289.3683,1293.8025,1292.8303
1281.5181,1290.2551,1292.8062,1287.2794,1298.1705,1296.2443,1295.4977,1296.0372,1304.805,1296.942,1294.3767,1291.7786,1295.1875,1295.8085
1275.3162,1283.4196,1286.5511,1283.7065,1289.6506,1289.3358,1290.4875,1289.1165,1291.5941,1288.7448,1288.5693,1287.4946,1288.0282,1288.8398
1281.3911,1289.4542,1289.3232,1288.7977,1291.9745,1293.8569,1293.6617,1292.005,1293.2548,1293.3538,1291.6552,1289.9207,1290.7692,1292.7802
9933.867,9922.291,9927.177,9955.373,9973.847,9950.394,9948.207,9929.163,9920.804,9961.285,9982.315,9961.617,9948.796,9933.267
9959.576,9957.147,9980.51,9984.715,9975.575,9976.925,9969.6045,9962.613,9966.957,9987.048,9995.164,9973.599,9970.496,9972.961
9895.023,9896.3125,9907.433,9920.678,9911.121,9912.677,9895.662,9902.483,9910.897,9931.292,9931.81,9918.125,9892.699,9891.111
9910.026,9913.914,9950.235,9944.04,9935.911,9938.851,9928.986,9923.504,9955.526,9960.406,9953.981,9938.591,9931.73,9931.627
10600.338,10668.122,10612.563,10558.358,10430.457,10466.592,10515.304,10513.338,10481.847,10540.102,10445.117,10428.389,10441.816,10536.749
8604.707,8616.143,8672.852,8632.829,8645.186,8606.134,8636.206,8617.252,8670.293,8637.947,8621.231,8561.514,8572.9375,8576.895
8654.906,8654.234,8677.531,8644.107,8665.168,8662.532,8650.603,8643.866,8665.601,8648.069,8631.655,8622.497,8621.591,8607.659
8626.282,8620.378,8648.636,8620.191,8652.608,8622.375,8668.805,8616.523,8643.133,8609.106,8609.307,8538.328,8554.628,8538.895
8661.068,8639.182,8650.819,8605.006,8619.662,8617.309,8636.228,8618.807,8632.458,8621.149,8607.161,8586.777,8589.494,8578.621
9702.913,9771.696,9767.586,9767.845,9811.669,9777.581,9858.895,9811.936,9802.906,9780.413,9797.37,9733.844,9698.405,9763.144
9663.996,9698.411,9705.304,9710.421,9761.202,9697.459,9750.601,9760.024,9764.244,9714.912,9692.622,9639.04,9687.387,9711.513
9642.958,9667.594,9734.09,9741.519,9761.086,9726.795,9833.975,9776.352,9758.215,9739.653,9728.706,9643.01,9730.164,9747.03
9805.1045,9792.712,9779.835,9774.353,9789.585,9802.049,9824.335,9830.102,9802.006,9786.871,9786.6,9785.34,9785.104,9788.53
9456.047,9430.409,9422.261,9429.058,9426.476,9474.912,9506.562,9507.793,9448.938,9438.49,9429.877,9436.328,9431.814,9431.959
9400.367,9366.769,9332.504,9337.727,9361.508,9398.106,9423.664,9409.828,9381.424,9356.486,9328.941,9311.781,9364.266,9351.068
9433.573,9405.972,9390.25,9413.999,9413.786,9453.796,9465.86,9431.021,9411.383,9401.452,9395.784,9404.692,9410.977,9402.992
8748.493,8777.751,8778.446,8829.389,8812.27,8821.202,8810.307,8801.14,8793.442,8811.272,8822.367,8824.444,8797.145,8814.243
8778.564,8827.459,8842.457,8849.15,8861.474,8880.834,8872.31,8869.426,8875.504,8886.819,8896.7,8893.024,8883.706,8897.331
8719.597,8731.453,8732.309,8742.556,8733.78,8768.103,8761.797,8740.184,8750.747,8756.227,8764.526,8762.633,8753.175,8763.355
8729.661,8774.878,8810.075,8786.45,8798.006,8836.31,8828.074,8816.489,8806.168,8823.972,8846.279,8820.465,8824.845,8830.979
8844.084,8937.54,8929.459,8891.586,8832.004,8836.88,8847.467,8859.674,8892.347,8905.876,8893.183,8834.613,8903.002,8948.474
8844.776,8958.306,8951.217,8918.455,8888.666,8901.135,8888.857,8900.807,8928.324,8950.176,8934.117,8905.711,8934.893,8984.373
8775.0205,8829.595,8818.595,8818.76,8781.95,8796.269,8831.426,8838.024,8846.724,8862.92,8842.936,8767.208,8825.445,8904.887
8839.317,8934.47,8866.927,8839.259,8852.338,8880.081,8873.005,8928.76,8923.424,8918.494,8873.8125,8872.84,8923.447,8947.726
9243.065,9167.736,9158.881,9131.63,9103.948,9104.719,9133.094,9176.327,9191.986,9167.683,9109.364,9122.214,9154.713,9147.584
9253.612,9221.112,9222.148,9180.69,9139.55,9168.014,9203.691,9239.209,9237.612,9209.522,9159.073,9185.89,9191.16,9194.516
9190.496,9099.619,9076.672,9019.465,9017.001,9020.819,9047.298,9106.992,9151.716,9067.526,9009.6455,9041.33,9080.909,9043.725
9131.498,9120.843,9122.6875,9087.601,9080.5,9087.686,9116.386,9161.886,9170.378,9090.784,9066.8955,9107.424,9091.321,9074.986
8805.45,8857.559,8922.971,8813.056,8783.55,8879.864,8954.283,8909.046,8899.118,8951.967,8942.148,8856.395,8856.959,8898.143
8907.676,8920.386,8978.823,8863.455,8874.138,8960.624,9055.535,8922.83,8945.95,8980.933,8963.306,8881.953,8947.842,8942.911
8771.702,8841.563,8855.615,8800.013,8797.777,8877.252,8945.449,8919.556,8916.515,8876.546,8845.212,8844.665,8845.639,8857.08
8905.64,8939.346,8914.738,8861.511,8888.313,8936.516,8964.285,8930.075,8932.447,8920.036,8885.831,8868.221,8898.922,8903.14
8844.609,8880.742,8885.774,8902.906,8960.632,8979.847,9093.819,8960.086,8932.791,8929.8545,8970.006,8962.897,8975.554,8990.401
8791.016,8839.41,8830.55,8874.328,8966.781,9007.839,9018.874,8884.493,8826.71,8901.974,8980.278,8946.89,8985.136,9009.256
8733.245,8785.713,8790.943,8844.024,8925.081,8955.513,8925.985,8858.55,8870.045,8904.585,8914.723,8925.153,8936.316,8949.533
8707.942,8736.893,8743.633,8810.471,8939.566,8988.48,8936.96,8869.742,8892.943,8911.674,8929.599,8949.724,8977.08,8971.578
6040.75,6034.866,6064.8984,6063.9536,6058.087,6054.674,6070.805,6027.586,6016.176,6034.024,6085.4746,6077.395,6085.8794,6095.9653
6023.006,6026.107,6051.918,6056.4893,6069.706,6064.7188,6074.8755,6014.583,6019.1006,6059.5244,6107.632,6089.0786,6115.8696,6130.972
5756.488,5838.6436,5799.685,5860.563,5886.402,5963.5176,5861.9194,5832.764,5864.0825,5951.274,5999.252,5984.993,6020.386,6078.898
6490.1245,6439.255,6462.7646,6452.9287,6365.5815,6354.7124,6360.7256,6352.551,6352.6904,6349.0474,6339.175,6344.909,6359.941,6362.9126
6392.5063,6369.598,6384.3965,6379.921,6322.2656,6295.995,6329.232,6297.711,6292.395,6263.888,6264.5957,6263.908,6270.0947,6281.9043
6352.1924,6315.1553,6325.329,6345.0566,6282.6133,6270.778,6265.6343,6274.959,6271.9688,6270.3447,6275.1807,6285.1465,6289.771,6271.0615
6302.888,6301.683,6384.411,6292.4824,6354.288,6313.472,6339.3306,6350.4575,6491.8066,6430.612,6427.5254,6311.841,6369.554,6394.3794
6302.888,6301.683,6384.411,6292.4824,6354.288,6313.472,6339.3306,6350.4575,6491.8066,6430.612,6427.5254,6311.841,6369.554,6394.3794
6273.2686,6279.1147,6370.675,6294.1387,6356.643,6305.0137,6354.5005,6348.8545,6486.059,6427.906,6433.9116,6328.343,6385.187,6393.5806
6273.2686,6279.1147,6370.675,6294.1387,6356.643,6305.0137,6354.5005,6348.8545,6486.059,6427.906,6433.9116,6328.343,6385.187,6393.5806
6844.787,6921.0474,6937.47,6996.166,7005.454,7156.986,7051.2417,6955.9727,6933.3066,6989.775,7026.411,7088.206,7046.879,6982.4077
6844.787,6921.0474,6937.47,6996.166,7005.454,7156.986,7051.2417,6955.9727,6933.3066,6989.775,7026.411,7088.206,7046.879,6982.4077
6869.2056,6944.4624,6934.71,7027.714,7082.1904,7194.9224,7093.242,6996.534,6978.1343,7020.655,7049.7026,7100.846,7096.9204,7044.903
6869.2056,6944.4624,6934.71,7027.714,7082.1904,7194.9224,7093.242,6996.534,6978.1343,7020.655,7049.7026,7100.846,7096.9204,7044.903
6868.089,6880.4917,6950.6216,6979.3193,6933.4497,6896.481,6937.5337,6946.669,6947.618,6955.171,6929.3433,6928.0312,6944.3364,6959.162
6912.6006,6950.364,7001.21,7004.8345,6981.9824,6967.3486,7011.644,6985.1953,7003.726,6997.5854,6986.92,6974.1997,6982.437,6991.141
6820.562,6829.4673,6951.039,6974.4976,6894.014,6805.836,6916.5117,6910.923,6921.204,6885.1753,6901.8486,6887.1533,6889.714,6898.588
6864.307,6887.331,7003.508,6920.7666,6842.3784,6820.338,6899.5176,6907.162,6937.623,6879.2983,6888.3906,6857.3438,6876.287,6896.505
8156.706,8239.396,8132.265,8090.9995,7977.725,8094.217,8259.266,8270.391,8207.075,8144.785,8035.6387,8154.791,8198.104,8212.972
8156.2305,8268.858,8204.406,8138.52,8014.58,8101.436,8255.054,8264.279,8222.585,8193.731,8141.0503,8150.3022,8161.2363,8213.067
8164.4756,8240.422,8131.906,8096.572,7957.62,8159.0747,8294.413,8288.787,8244.155,8194.12,8098.7314,8212.83,8206.108,8235.5205
7865.124,7863.4175,7838.4834,7802.431,7735.607,7730.9644,7784.025,7855.274,7833.1396,7817.6646,7761.286,7653.068,7676.8857,7757.0405
7905.5425,7990.665,7957.2915,7957.6157,7847.3027,7885.9863,7982.487,7949.0474,7949.082,8000.9927,7821.7505,7779.0264,7823.4844,7981.11
7845.9873,7896.7744,7881.0405,7903.516,7736.6045,7814.2153,7910.8765,7920.8384,7827.965,7921.295,7742.076,7733.1704,7750.2163,7943.194
7826.2407,7882.8145,7855.239,7882.2427,7763.1,7815.011,7862.7573,7864.445,7829.721,7833.9683,7654.5454,7712.735,7729.494,7826.039
7780.125,7832.6875,7760.779,7776.29,7894.6445,7811.6797,7891.393,7800.7925,7810.2715,7847.435,7901.8677,7912.6523,7787.4976,7818.3154
7796.5737,7851.4375,7788.8843,7786.1094,7888.6997,7762.6973,7831.6167,7759.9106,7782.5303,7830.654,7844.715,7832.0737,7727.5186,7727.2495
7736.2017,7811.509,7725.2407,7771.612,7890.936,7801.698,7860.345,7842.5444,7808.102,7884.697,7991.2666,7989.0654,7799.435,7849.4175
7812.0527,7866.185,7843.4624,7888.368,7988.4106,7844.242,7973.827,7899.133,7897.8486,7964.7246,8100.3555,8086.3906,7955.862,7902.138
6931.2583,6946.5625,6958.903,7099.7817,7073.466,7150.821,7058.378,7166.055,7151.2153,7144.0015,7086.6196,7173.5547,7174.3984,7157.531
6900.5396,6945.2437,6947.7363,7081.1187,7055.2754,7124.293,6970.803,7075.0757,7075.073,7094.756,7067.0186,7104.9043,7134.1777,7063.752
6878.0967,6873.193,6895.544,6970.5454,7036.606,7044.226,6943.6343,6900.1094,6911.9844,6883.289,6931.743,6947.677,7058.849,6909.1743
6886.5356,6941.25,6942.343,7015.1533,7096.7,7068.6274,6999.4937,6876.341,6939.699,6954.2324,7028.287,7017.3906,6995.2075,6904.263
7224.907,7226.2935,7243.862,7292.6094,7223.529,7230.894,7107.218,7238.922,7249.1875,7208.9575,7173.173,7209.845,7157.8354,7133.2656
7206.708,7216.93,7248.1064,7216.0376,7169.7935,7168.516,7189.944,7238.798,7241.3335,7206.324,7184.644,7182.6875,7152.187,7142.7397
7158.443,7158.6074,7143.535,7171.519,7122.8076,7117.3877,7120.0933,7202.3613,7171.0654,7149.4824,7122.739,7148.858,7109.2036,7099.5503
7156.2085,7149.738,7169.723,7144.338,7129.8564,7132.3433,7150.5137,7178.353,7168.0435,7156.629,7144.904,7139.194,7118.163,7120.4116
5945.67,5874.11,5874.088,5918.109,6013.837,6016.351,6017.9756,5872.214,5978.3184,5977.5396,5960.395,5912.1943,6022.873,6035.346
5913.745,5896.264,5948.2134,6026.809,6122.1143,6141.493,6095.8667,6024.9883,6113.5664,6101.245,6063.263,6036.209,6147.0234,6166.591
5878.117,5798.5967,5833.349,5928.8276,5923.423,5967.321,5977.9014,5859.1646,5963.366,5961.786,5932.1167,5877.305,5996.868,6049.203
7132.314,7137.8364,7126.5693,7105.482,7097.4155,7104.4097,7100.5933,7112.05,7131.2837,7109.0264,7093.0693,7100.283,7101.7607,7096.225
7160.869,7157.1733,7150.9507,7131.1304,7122.4043,7132.491,7142.2466,7147.843,7154.6094,7131.0347,7122.8354,7128.093,7127.7817,7122.1904
7102.704,7099.2466,7089.7017,7076.1255,7069.293,7077.9326,7084.7686,7091.53,7101.7734,7077.8604,7072.874,7084.976,7085.6113,7074.5845
7121.707,7113.226,7111.8145,7104.273,7102.334,7106.774,7117.001,7123.116,7121.663,7100.29,7104.296,7110.235,7106.4736,7096.3296
8364.106,8402.726,8389.184,8427.657,8430.865,8442.238,8508.194,8512.978,8550.556,8554.509,8534.162,8480.661,8557.365,8483.856
7445.6567,7507.93,7485.1943,7523.905,7508.4355,7552.1963,7663.248,7618.6504,7695.0703,7716.6685,7687.5835,7585.967,7724.5376,7622.7515
7420.2827,7480.3066,7456.8584,7519.1313,7531.256,7604.101,7522.7974,7539.1733,7661.4585,7679.822,7714.0923,7688.0186,7739.1675,7521.5063
7400.524,7465.4663,7405.145,7440.9917,7442.875,7513.9688,7507.469,7541.544,7666.8213,7678.282,7634.0635,7558.364,7660.549,7508.7124
7459.574,7460.3237,7439.895,7446.5728,7539.785,7545.923,7528.8296,7530.574,7720.2817,7643.646,7621.946,7576.457,7719.1597,7548.7437
7844.997,7892.803,7759.6333,7819.219,7799.3364,7959.7817,7884.798,7937.0337,7878.135,7832.7837,7568.397,7947.2783,7743.1177,7844.7373
7912.832,7925.6265,7841.2354,7887.2383,7949.4106,7981.039,7986.994,8003.844,8038.959,7819.2705,7829.1543,8009.0674,7825.4004,7689.723
7801.892,7824.93,7710.5757,7779.288,7789.7627,7852.476,7812.821,7891.5537,7845.661,7766.5156,7508.5264,7743.335,7665.381,7684.5596
7907.0405,7866.1714,7806.638,7900.9033,7990.7324,7921.866,7954.529,8020.075,8024.715,7785.435,7906.346,7958.4316,7945.5693,7734.629
7143.191,7282.56,7261.547,7124.0835,7072.5986,7317.3184,7006.0083,7154.7515,7353.599,7378.5796,7038.278,7245.085,7356.4727,7520.515
7480.711,7456.9766,7376.7476,7277.5327,7359.0044,7159.901,7234.1353,7324.595,7432.136,7377.7876,7455.246,7346.2124,7493.2935,7397.195
6748.7764,6716.02,6700.442,6602.004,6384.5215,6329.4976,6386.6357,6467.9766,6547.595,6377.7534,6344.8076,6217.203,6454.9097,6364.503
6632.8115,6502.7397,6533.0464,6448.143,6302.732,6389.6157,6364.406,6452.819,6451.751,6192.0127,6253.1704,6263.888,6424.06,6362.119
6697.7065,6560.139,6568.667,6464.7847,6381.7935,6412.89,6524.614,6479.462,6441.2617,6290.384,6428.194,6314.175,6470.8193,6374.994
6599.212,6769.293,6711.2754,6817.505,6838.413,6985.9346,6860.2197,6777.9214,6942.815,6934.575,6948.128,6808.3354,6828.7573,6838.479
6582.8125,6835.3813,6703.0786,6902.5415,6682.359,6887.19,6740.467,6890.102,6868.756,6883.2344,6740.738,6726.2944,6737.4775,6748.5166
6522.669,6780.2847,6526.467,6868.3477,6798.1616,6843.492,6361.64,6814.822,6967.7896,7017.7144,6841.616,6749.9546,6863.071,6904.813
6545.271,6901.3247,6528.368,6821.7725,6685.392,6824.334,6405.3394,6904.046,6863.2793,6916.438,6699.054,6746.4116,6666.959,6771.868
8056.2144,8132.6187,7939.097,7898.4487,7906.447,7927.23,7934.6533,8066.087,8081.879,8056.833,7985.464,7955.144,7994.269,8008.582
7177.9966,7214.4497,7226.951,7261.105,7221.792,7168.3286,7132.3076,7079.303,7135.603,7195.881,7212.061,7203.1694,7198.3613,7191.902
7350.8486,7332.9546,7329.316,7334.599,7271.605,7264.7793,7279.567,7305.733,7302.548,7296.196,7274.65,7276.702,7287.737,7284.066
3268.0303,3475.3918,3491.0168,3637.2595,3668.3403,3479.8774,3672.4204,3582.1372,3714.4639,3616.7515,3827.0605,3750.0183,3622.63,3551.713
3156.4858,3296.8936,3409.148,3580.7156,3574.6238,3462.731,3630.7346,3522.3772,3572.254,3523.603,3755.0322,3732.6294,3612.853,3435.796
8392.569,8408.085,8384.8,8396.464,8414.978,8428.224,8429.164,8418.323,8436.482,8443.642,8418.288,8394.721,8423.418,8423.584
8328.934,8350.54,8324.22,8331.46,8342.733,8353.689,8359.548,8384.482,8387.733,8390.575,8352.736,8333.485,8350.719,8394.68
8385.01,8378.029,8372.164,8369.632,8381.606,8381.174,8388.535,8391.475,8399.517,8395.296,8379.524,8374.035,8391.359,8385.126
7616.444,7708.678,7678.691,7676.84,7696.7095,7721.6694,7714.003,7726.7524,7723.3027,7731.248,7725.261,7705.831,7709.109,7746.9014
7690.9424,7738.055,7703.5635,7714.5405,7759.3125,7764.5054,7755.9463,7765.0312,7778.5576,7785.3945,7772.697,7753.745,7773.564,7770.7925
7610.8823,7649.6396,7626.9033,7629.321,7637.683,7660.626,7664.1216,7682.793,7684.1865,7694.7197,7677.6055,7665.1113,7663.364,7691.7773
7672.618,7674.414,7651.5464,7657.026,7696.64,7683.5366,7689.876,7706.987,7727.959,7729.3975,7708.258,7698.439,7722.5864,7718.299
7065.6353,7089.0005,7095.68,7093.5244,7075.414,7064.4966,7059.2295,7100.1343,7093.023,7081.902,7071.87,7047.772,7052.1714,7091.035
6990.7437,7011.448,7017.127,7003.02,6970.6196,6981.0093,6981.9844,7017.3013,7009.7383,6998.8296,6988.0405,6968.0146,6970.512,7020.3486
7046.5005,7057.946,7059.6655,7044.0176,7021.285,7025.8228,7044.234,7062.521,7066.831,7046.6846,7026.7603,6999.72,7025.5044,7063.4443
1350.2366,1375.4282,1381.3927,1411.633,1431.3066,1415.5083,1410.2908,1384.5764,1409.4274,1440.0438,1454.0653,1480.3254,1464.5049,1457.5178
1071.4812,1077.6412,1072.8501,1078.227,1082.5051,1080.0968,1075.971,1077.2864,1076.8362,1075.9867,1073.0767,1078.574,1075.4005,1082.3752
1083.0812,1079.5557,1084.4393,1086.7814,1093.4572,1085.5023,1089.8782,1084.0905,1086.6118,1080.7817,1085.0431,1085.1583,1089.6575,1095.4303
1069.9216,1069.8,1066.546,1066.0394,1077.4478,1071.0405,1065.9019,1059.4729,1063.9581,1061.335,1066.4752,1066.8114,1071.2811,1074.9952
1076.4464,1071.7643,1073.9872,1074.2803,1076.5929,1071.9229,1074.6921,1071.0359,1070.7273,1068.5212,1074.2849,1072.581,1076.6838,1074.0054
9942.353,9995.034,10034.27,9992.995,10035.188,10052.7295,10075.334,10056.972,10092.542,10055.78,10060.735,10024.508,10080.566,10077.518
6546.6816,6533.6084,6574.856,6683.661,6789.249,6758.547,6774.4253,6753.6045,6744.1567,6653.0884,6671.769,6704.4697,6738.826,6718.829
6371.6753,6389.683,6447.5225,6577.007,6636.493,6666.629,6664.8975,6638.288,6615.028,6550.3975,6562.9263,6578.359,6578.5586,6588.427
6446.132,6482.4805,6553.0215,6664.156,6694.7383,6693.164,6689.2505,6671.206,6645.742,6603.733,6614.5713,6639.703,6642.963,6645.187
6559.279,6540.446,6538.664,6570.673,6569.591,6577.525,6572.8057,6558.1323,6555.132,6568.433,6570.5728,6563.571,6558.9395,6563.709
6505.656,6479.362,6448.5796,6495.439,6506.445,6526.2173,6505.0415,6492.495,6490.1187,6488.8853,6486.269,6491.3765,6493.945,6482.0903
6494.735,6480.9023,6477.41,6529.231,6526.7266,6540.1235,6526.0415,6517.7207,6520.159,6522.1177,6528.1665,6529.825,6520.0127,6518.6274
6724.8086,6843.9546,6880.4673,6858.89,6900.483,6861.6367,6738.673,6857.695,6913.2256,6885.789,6851.8237,6818.375,6886.918,6895.4575
9318.265,9310.862,9241.924,9327.529,9288.373,9267.616,9296.345,9282.522,9117.694,9202.531,9266.945,9214.652,9120.512,9118.273
9262.4,9239.526,9213.446,9214.711,9094.777,9154.9375,9041.219,9117.87,9025.46,9043.242,9017.238,9184.8125,9085.265,9034.458
9336.822,9314.166,9289.179,9351.961,9334.911,9259.809,9354.035,9289.536,9170.944,9205.974,9301.412,9195.373,9109.936,9078.048
1105.2703,1103.8894,1101.1263,1100.2198,1102.5283,1098.6588,1103.9564,1103.6198,1102.2241,1099.0618,1102.9899,1102.3588,1103.1189,1101.2524
4558.1523,4548.015,4513.5444,4562.276,4561.0317,4575.409,4573.06,4582.5933,4555.3604,4560.784,4565.6987,4588.0933,4568.1934,4561.0127
1666.4209,1687.6525,1701.6442,1703.5135,1707.4457,1697.4908,1718.0719,1723.7827,1735.4088,1720.5203,1711.2866,1705.3922,1707.9048,1696.1318
1238.8896,1235.8314,1239.0337,1245.964,1253.4072,1246.8276,1245.6357,1250.3236,1245.4376,1247.6677,1253.1423,1256.1489,1255.7745,1250.0961
4439.4917,4495.783,4517.293,4587.0527,4569.932,4679.351,4735.137,4736.638,4725.1294,4722.022,4733.1006,4724.9795,4719.066,4720.045
1553.0979,1572.071,1574.8599,1580.1077,1579.7026,1573.549,1564.6954,1573.2339,1574.4967,1571.714,1573.9562,1572.0664,1571.0367,1575.7104
1594.115,1615.8811,1619.6844,1625.9937,1625.214,1617.7548,1608.5997,1619.3862,1620.4396,1617.1853,1619.7861,1617.3484,1615.9589,1621.9105
1136.7098,1149.4199,1147.333,1138.3452,1140.0948,1143.8883,1136.778,1151.1399,1149.8914,1147.253,1139.5919,1145.3466,1145.5957,1145.1326
4497.31,4473.0117,4473.317,4480.4053,4494.669,4472.515,4450.3037,4444.2466,4459.224,4453.4927,4444.1436,4432.395,4455.292,4451.585
1565.2441,1568.8625,1567.0305,1569.7275,1569.7085,1572.1763,1575.518,1572.7318,1568.4454,1570.6458,1570.5431,1570.1041,1573.095,1575.337
1601.4856,1606.6204,1602.5916,1606.5173,1607.2894,1610.1365,1613.8369,1611.1965,1605.8501,1608.4392,1608.0155,1607.8352,1611.6914,1614.5111
1108.0405,1131.7769,1121.3773,1141.034,1138.8496,1128.2129,1127.2557,1118.094,1143.7405,1113.7849,1098.6185,1152.7686,1146.0981,1120.3477
1587.0032,1578.067,1585.6245,1583.6265,1581.5042,1576.493,1575.3611,1560.9712,1563.0186,1563.0543,1563.9613,1564.1471,1556.739,1554.1438
1619.1777,1608.5817,1614.887,1614.806,1614.6719,1606.373,1605.0116,1590.0659,1592.7743,1592.6814,1594.9822,1596.0153,1588.2524,1585.4421
4316.726,4342.5,4369.3145,4288.9814,4226.758,4274.647,4307.9126,4341.372,4342.4033,4356.388,4368.1914,4351.224,4334.9077,4348.0386
1626.1007,1626.7845,1616.4886,1617.8368,1619.9806,1632.2368,1630.722,1623.7592,1630.3987,1609.7888,1620.3522,1613.5479,1633.1299,1615.9567
1673.1221,1675.4775,1663.629,1660.8346,1664.5526,1679.7144,1677.3635,1672.342,1683.3455,1670.2988,1677.1569,1664.5681,1685.3756,1672.9697
1146.2565,1131.8064,1119.1139,1148.5323,1160.9539,1145.738,1120.9523,1112.0839,1102.0576,1119.5585,1125.1145,1123.1138,1128.9537,1121.4113
4613.335,4591.99,4582.3022,4583.8047,4592.9526,4611.848,4618.0376,4650.2783,4654.6436,4629.1816,4597.837,4597.8506,4595.6064,4564.1416
1644.7261,1643.3751,1634.5602,1639.7161,1641.9467,1646.744,1642.6671,1645.298,1644.6725,1645.1714,1644.0793,1650.4934,1650.2662,1646.2357
1725.1941,1723.7274,1713.4619,1719.6937,1721.6388,1727.3816,1722.8118,1724.803,1724.7717,1725.5571,1723.7626,1729.5844,1730.0801,1726.262
1065.7947,1070.0588,1068.7379,1071.0403,1060.9921,1069.9935,1065.6947,1067.9464,1059.1172,1071.1355,1070.3636,1071.7051,1069.9147,1072.7124
4917.3613,4916.7754,4917.0703,4885.7266,4882.315,4893.107,4906.288,4905.3213,4905.9995,4907.238,4941.302,4920.428,4921.5513,4901.8975
1265.8512,1256.543,1253.3052,1251.9419,1242.0396,1240.1414,1257.33,1254.0034,1249.788,1246.3859,1240.5818,1231.1073,1237.7986,1240.2163
4841.5137,4825.6353,4859.8433,4919.0713,5001.1235,4993.6836,4890.221,4981.5776,5060.6543,5100.7583,5062.5894,4947.484,4945.301,4975.5166
4845.5435,4797.7114,4790.1104,4794.3174,4825.8853,4820.4116,4835.989,4818.1094,4810.7993,4808.619,4812.8335,4807.0425,4810.732,4809.198
5076.534,5133.2656,5100.4917,5112.485,5101.487,5119.846,5030.7,5146.2754,5165.4297,5154.211,5158.5034,5140.6064,5071.7954,5053.864
8945.194,8998.76,8994.07,9114.865,9087.105,9074.051,9070.694,9057.483,9029.645,9050.575,9044.203,9087.143,9073.333,9091.643
6622.8013,6689.354,6496.9365,6600.073,6665.6113,6548.0923,6447.274,6545.833,6716.083,6727.487,6663.2734,6655.8525,6716.3906,6728.3833
8517.199,8662.568,8545.955,8740.72,8716.026,8775.867,8757.627,8837.432,8744.017,8744.346,8599.265,8691.705,8742.639,8869.081
11506.4375,11499.021,11428.6455,11294.521,11303.115,11318.424,11308.436,11356.3125,11497.152,11633.603,11594.133,11392.552,11538.431,11456.273
503.34903,507.27426,505.62653,520.97577,522.90234,519.2619,519.1929,519.0979,511.20422,521.8644,505.2574,529.834,516.89526,522.8645
491.6577,495.48053,493.87836,508.87857,510.76154,507.19702,507.13626,507.04266,499.32574,509.7164,493.5197,517.5369,504.8898,510.7021
5153.2954,5141.559,5115.872,5090.133,5068.562,5075.1353,5055.5537,5052.6763,5084.045,5101.234,5108.1226,5066.42,5093.608,5097.9873
1076.533,1091.4203,1088.3013,1084.487,1099.9417,1081.0488,1091.3049,1079.1129,1100.1793,1114.102,1121.1969,1102.3878,1079.8187,1075.2776
2575.6724,2559.7405,2570.932,2575.9888,2534.3274,2568.643,2556.9832,2561.5566,2520.8394,2514.0603,2528.1133,2521.3948,2523.7622,2523.2532
1686.4775,1696.732,1696.1598,1700.6062,1700.8606,1683.8198,1707.1162,1695.7173,1699.9496,1707.6434,1722.3542,1680.3822,1667.1588,1669.4171
3464.6533,3481.225,3483.425,3518.698,3476.7383,3447.1875,3431.7285,3480.2095,3449.9014,3465.3743,3469.8342,3480.3618,3460.3936,3472.218
1057.9047,1041.5774,1045.3757,1045.6294,1025.953,1043.1515,1041.2173,1014.5668,1055.1383,1015.771,1050.8861,1042.0586,1104.972,1122.2878
3038.1965,3025.1548,3017.7808,3021.0955,3030.1116,3039.059,3022.5627,3025.0762,3031.0913,3023.945,3018.6228,3020.892,3025.8032,3021.0906
11139.448,11274.102,11277.832,11271.035,11226.127,11227.741,11231.253,11316.85,11304.813,11323.664,11265.883,11249.581,11256.815,11342.329
9686.833,9731.925,9736.371,9793.405,9768.001,9795.225,9810.73,9828.926,9792.915,9806.138,9814.99,9812.302,9842.566,9867.991
11025.17,11075.63,11080.665,11145.565,11115.511,11147.109,11161.901,11185.576,11145.336,11159.07,11169.849,11170.652,11201.953,11228.933
13708.596,13783.162,13788.876,13814.559,13868.46,13915.088,14035.745,14081.342,14054.736,13978.822,13903.777,13916.918,13894.315,13844.777
9229.777,9341.292,9344.379,9338.716,9301.503,9302.887,9305.785,9376.638,9366.709,9382.334,9334.48,9320.96,9326.9795,9397.814
8027.307,8064.6597,8068.4033,8115.654,8094.6294,8117.147,8129.951,8145.004,8115.1885,8126.1704,8133.522,8131.2817,8156.3374,8177.3745
11850.262,11907.414,11916.866,11915.62,11815.476,11831.207,11956.919,12054.204,12055.61,11952.752,11869.534,11869.485,11978.357,12176.354
5614.036,5652.5396,5614.1274,5684.366,5723.6265,5741.2007,5723.757,5773.653,5698.5977,5696.281,5741.733,5869.3877,5903.3115,5874.0938
9188.521,9219.827,9223.323,9207.075,9193.8955,9211.157,9210.713,9228.626,9206.84,9210.3125,9207.467,9203.794,9204.056,9249.718
11082.65,11176.776,11160.846,11061.054,11057.409,11063.735,11009.5205,11008.198,11065.328,11080.593,11088.301,11091.297,11112.282,11102.858
10440.645,10542.48,10564.407,10637.578,10598.92,10570.397,10514.997,10418.802,10422.335,10600.865,10646.418,10637.368,10654.126,10680.4375
11553.288,11496.012,11581.037,11509.932,11364.696,11541.545,11550.95,11622.297,11466.014,11501.336,11527.227,11491.699,11555.117,11623.591
9379.691,9335.179,9403.114,9346.8125,9235.249,9372.266,9377.183,9433.518,9312.306,9342.083,9362.252,9333.39,9383.396,9437.552
8151.4507,8173.803,8194.766,8167.4,8186.363,8151.1006,8223.005,8232.309,8221.872,8187.836,8205.3125,8182.146,8197.592,8213.0205
5770.833,5847.798,5838.9683,5865.4946,5908.127,5876.236,5737.201,5804.2095,5827.2114,5867.416,5939.443,5877.1924,5867.3794,5805.891
8681.333,8721.146,8725.544,8776.599,8752.8545,8777.212,8788.417,8807.667,8775.116,8786.755,8796.033,8796.161,8821.26,8842.298
6606.802,6690.4688,6696.4395,6767.2935,6855.6,6804.94,6468.8916,6864.8677,7132.3765,7000.7217,7053.9404,7068.2295,7072.567,6922.1606
10086.482,10111.925,10102.883,10105.963,10101.803,10125.256,10121.932,10124.168,10093.915,10078.497,10068.345,10065.923,10082.434,10127.414
8961.951,8925.7,8920.724,8935.446,8907.705,8885.924,8935.062,8908.946,8829.293,8898.029,8819.095,8825.928,8858.513,8924.724
12042.006,11892.965,12114.135,12026.61,11884.718,11842.922,12139.538,11789.957,11865.653,11757.401,11810.268,11637.436,11811.289,11772.197
12424.761,12454.259,12443.204,12446.415,12441.395,12471.312,12467.132,12470.334,12432.465,12413.206,12400.826,12397.945,12417.612,12473.334
11321.813,11447.138,11452.019,11443.53,11401.711,11406.163,11410.437,11493.659,11480.029,11496.283,11436.9375,11423.929,11431.227,11516.759
11906.251,11947.241,11952.706,11929.501,11911.768,11934.471,11934.277,11961.003,11929.181,11933.222,11929.702,11925.589,11925.248,11988.813
6965.9424,7117.379,7106.5654,7142.635,6904.6523,7011.546,6954.821,6799.804,6800.874,6843.502,6809.686,6874.864,6824.9595,6787.3726
6974.1665,7218.1426,7002.4272,7188.3916,7074.4253,6945.2236,7204.5596,6969.9014,6757.464,6930.346,7103.482,7145.6865,6968.0615,7044.2715
8823.578,8785.384,8790.437,8776.309,8740.537,8742.291,8696.04,8633.224,8641.486,8670.989,8706.124,8695.362,8637.352,8631.365
4949.078,4967.4165,5005.12,5013.6187,4978.3716,4968.2046,4964.2773,4965.182,4962.806,4978.335,4992.1655,4981.3804,4964.929,4959.2627
6414.1567,6495.148,6426.1123,6566.1846,6529.385,6406.204,6531.4375,6356.5,6286.5386,6315.0713,6350.6704,6331.832,6341.3496,6324.1904
7910.88,8009.3965,7954.801,8009.9927,7955.2393,7852.1143,7884.0664,7920.2114,7850.2188,7900.609,7880.4497,8001.747,7920.8315,7837.826
8147.346,8265.455,8150.0435,8210.574,8226.884,8198.843,8192.284,8148.698,8011.332,8100.095,8119.842,8221.547,8375.1455,8279.356
8153.5127,8420.059,8228.439,8377.843,8291.645,8124.564,8301.378,8212.786,8145.6,8274.021,8444.588,8542.518,8400.722,8386.142
9814.373,9958.716,9847.16,10034.88,9986.044,9813.418,10008.422,9766.126,9617.685,9694.413,9753.992,9737.005,9729.275,9712.437
4405.275,4441.509,4456.3174,4480.2427,4460.286,4483.696,4492.6455,4520.2534,4497.962,4493.011,4491.236,4496.8345,4487.107,4482.377
7652.334,7923.359,7691.332,7893.412,7766.5127,7627.119,7903.787,7650.9453,7420.9824,7621.075,7816.315,7855.757,7663.5825,7752.484
8241.239,8549.525,8358.943,8509.258,8339.008,8152.4697,8285.332,8282.736,8264.7,8375.233,8252.032,8222.433,8260.615,8190.5264
7429.5776,7534.906,7423.3486,7480.9463,7495.069,7467.204,7471.465,7426.786,7290.5786,7368.2446,7390.2305,7485.6533,7633.2207,7542.704
6630.7974,6650.3096,6668.1406,6685.4336,6675.9795,6650.851,6669.0786,6684.922,6690.3613,6658.1665,6664.718,6684.1313,6690.5117,6666.015
6764.2007,6747.4224,6656.181,6813.9746,6779.3184,6821.2344,6794.4272,6786.893,6727.5605,6738.516,6731.5293,6755.7593,6715.4414,6770.3057
8145.1133,8263.268,8147.918,8208.38,8224.732,8196.504,8190.1504,8146.618,8009.23,8097.8354,8117.699,8219.333,8373.027,8277.293
6969.76,6985.0522,6982.64,6979.5903,6971.007,6970.773,6987.872,6986.7456,6984.2295,6981.208,6986.8984,6985.5557,6970.2026,6976.608
7473.406,7469.2812,7453.388,7385.2583,7383.7856,7409.1924,7433.1436,7428.4346,7438.2427,7421.284,7400.949,7395.895,7417.2583,7410.401
9653.286,10010.839,9736.526,9940.2,9753.375,9660.145,9981.736,9692.005,9356.823,9653.361,9857.495,9895.727,9588.246,9844.126
8687.85,9005.416,8756.998,8941.677,8774.859,8688.339,8985.205,8719.826,8417.735,8672.658,8852.162,8891.971,8616.94,8833.618
5964.186,5948.5786,5947.804,5952.663,5955.284,5948.699,5946.3945,5947.0464,5948.522,5942.301,5962.0947,5966.6177,5958.4717,5940.6367
9927.371,10282.17,10066.359,10199.483,10065.272,9944.162,10165.337,10069.225,9930.862,10153.135,10296.373,10414.067,10233.475,10306.59
1030.129,1028.8901,1019.23645,1026.277,1012.0434,1017.5471,1018.1378,1023.8737,1019.992,1012.4864,1007.4883,1014.3965,1012.0658,1008.7815
8015.4956,8012.287,8037.626,8035.614,8022.06,8011.7393,8011.144,7999.769,8004.6855,8041.828,8058.917,8039.533,8028.819,8026.304
10320.37,10484.925,10338.474,10391.162,10407.29,10400.255,10422.923,10354.099,10115.029,10246.023,10291.52,10386.846,10567.297,10494.949
8536.292,8863.6455,8679.1455,8777.539,8592.396,8480.883,8621.69,8602.927,8556.516,8704.309,8577.127,8539.461,8541.4375,8519.041
1201.5685,1192.5941,1181.6616,1184.7905,1172.6726,1189.7777,1193.0889,1195.0266,1180.3389,1169.1953,1174.5918,1190.0261,1191.9816,1188.7871
893.86163,925.0607,904.9912,917.39105,905.62317,894.3346,915.01746,905.6289,893.4784,912.28064,924.2425,935.66235,919.62756,924.91223
2712.29,2723.1685,2725.9795,2725.2964,2721.8242,2727.5872,2734.1414,2731.4375,2727.2212,2726.6846,2725.4495,2727.2515,2724.3447,2728.007
1432.5398,1438.4316,1439.6632,1439.6329,1437.9447,1440.7423,1443.5789,1442.0466,1440.2837,1440.3274,1439.4961,1440.3325,1439.0232,1440.9215
3886.5134,3893.3123,3903.3284,3877.598,3871.0852,3890.232,3882.8745,3879.717,3887.0146,3897.838,3918.9067,3902.0164,3904.6526,3893.585
951.25854,952.2362,952.12616,951.88477,953.4271,954.827,960.37537,957.3916,949.9388,953.085,954.8617,952.15405,949.0818,953.1319
1184.419,1187.5813,1184.2808,1185.1163,1188.0968,1186.1144,1195.7429,1193.3491,1186.9108,1188.93,1190.9078,1187.504,1183.6029,1188.5823
943.2889,939.69727,947.4027,947.6237,954.3902,958.9494,967.9492,957.50586,954.18646,949.3482,961.41254,964.4705,967.30725,967.54047
1008.1472,1009.75653,1009.3097,1008.25793,1010.2034,1012.2647,1023.0691,1017.4769,1008.7914,1011.2539,1015.4242,1011.16034,1008.1513,1012.2117
6914.309,7247.578,7567.09,7744.625,7674.044,7684.3716,7495.962,7749.1816,7778.622,7711.1704,7537.7046,7582.4897,7541.416,7565.5303
10938.026,10953.064,10947.3545,10954.141,10964.949,10989.987,11087.901,11034.302,10931.701,10967.246,10993.477,10966.041,10931.344,10980.14
697.1414,683.8808,682.5721,700.06433,678.0621,699.5102,682.7557,688.8501,672.144,678.8538,668.0881,673.1635,664.94324,679.2963
1070.05,1070.29,1075.4299,1079.2163,1082.5126,1085.345,1132.0779,1113.1454,1099.1864,1101.1907,1112.2147,1105.8699,1101.5525,1099.3407
10202.533,10216.584,10201.321,10252.438,10324.784,10322.794,10454.899,10364.017,10275.769,10308.437,10358.928,10329.524,10316.566,10343.91
6975.0576,7242.913,7047.832,6885.409,6627.0327,6960.801,7272.681,7076.6895,7097.621,6934.966,6771.133,6577.5737,6915.1914,7081.583
14912.33,14863.32,14838.6875,14802.222,14760.6,14732.298,14773.944,14816.52,14762.603,14736.98,14752.899,14724.275,14741.828,14693.509
15223.175,15170.689,15143.727,15103.05,15063.252,15037.851,15080.984,15123.4,15068.899,15043.916,15058.841,15028.367,15045.043,14995.871
16833.203,17167.383,16904.354,17077.79,16766.791,16690.117,16696.914,16973.951,16775.387,16718.586,16639.021,16787.3,16436.02,16706.988
15494.457,15471.452,15436.869,15444.187,15493.405,15332.336,15387.887,15432.23,15385.729,15357.735,15348.916,15323.011,15328.194,15298.828
13209.257,13221.345,13173.356,13187.07,13230.594,13111.9795,13151.919,13179.767,13155.268,13123.068,13124.47,13127.609,13117.486,13109.749
9499.385,9500.566,9529.562,9486.834,9448.51,9521.688,9546.345,9553.668,9566.054,9547.171,9515.728,9485.75,9499.22,9510.892
16512.121,16841.062,16579.049,16746.33,16446.125,16376.229,16383.328,16654.117,16457.03,16405.348,16330.038,16462.41,16132.7,16405.582
12461.58,12441.129,12395.658,12414.226,12431.354,12348.468,12368.879,12414.237,12374.863,12344.813,12353.862,12357.387,12369.814,12336.92
1769.1058,1764.2733,1752.5192,1754.8069,1759.8239,1751.4119,1755.1941,1759.7896,1754.941,1747.897,1751.9741,1751.9247,1746.3152,1742.0781
16348.885,16324.74,16317.818,16311.6875,16298.625,16290.835,16330.453,16404.45,16407.611,16315.802,16287.989,16310.798,16307.617,16286.577
14042.609,14311.906,14071.57,14182.814,13957.796,13969.32,13981.027,14215.056,14003.736,13998.269,13939.729,13955.211,13793.682,14025.628
1609.5231,1635.2788,1620.7102,1628.9161,1611.4077,1595.913,1607.3015,1636.9421,1635.3079,1631.2965,1624.7312,1626.926,1615.9371,1616.0988
16660.121,16633.465,16626.355,16624.809,16608.16,16599.064,16642.938,16715.922,16718.11,16628.107,16597.902,16621.205,16619.344,16594.703
4908.1035,4901.5713,4889.1973,4815.136,4861.401,4866.8896,4911.598,4895.051,4902.6514,4885.1357,4871.964,4828.7607,4915.6226,4924.056
13713.783,13866.435,13776.621,13781.313,13645.787,13572.469,13631.597,13908.638,13902.896,13864.646,13802.723,13808.025,13802.167,13742.579
1735.1925,1730.6594,1718.24,1720.6904,1725.6348,1717.4186,1720.729,1725.4397,1720.1172,1713.5167,1717.0686,1717.6476,1712.0063,1707.0697
1640.0845,1666.5621,1651.6444,1660.4219,1642.3314,1626.4458,1638.5491,1668.3733,1666.458,1662.2542,1655.2102,1657.4014,1645.6259,1646.0454
5574.3784,5617.405,5638.773,5644.1978,5639.7007,5631.9067,5638.8667,5640.8853,5652.4805,5650.7607,5659.605,5653.323,5652.7114,5652.652
1408.9958,1405.0671,1406.3094,1407.0682,1401.4218,1402.6648,1403.2958,1401.5566,1404.6268,1404.0032,1403.7052,1405.5387,1408.6646,1406.162
17334.531,17615.037,17544.535,17582.328,17649.13,17503.094,17658.117,17712.883,17640.354,17603.764,17744.145,17933.922,17788.984,17768.307
17004.062,17270.035,17202.248,17234.707,17303.607,17165.684,17313.979,17369.781,17297.938,17265.162,17408.201,17580.682,17459.432,17422.688
1209.7236,1210.7114,1210.7462,1210.3828,1212.5079,1214.0867,1220.3356,1216.6788,1207.7832,1212.0446,1213.9718,1210.6346,1206.5483,1211.7493
1421.998,1432.705,1488.001,1521.7302,1519.5311,1461.9618,1428.1871,1500.0364,1540.5197,1544.051,1563.4348,1536.6547,1537.3533,1513.9381
13892.475,13888.096,13926.045,14000.527,14166.179,14093.719,14671.507,14483.301,14311.588,14297.98,14453.604,14397.778,14315.659,14301.139
8252.563,8279.839,8269.737,8310.446,8360.647,8347.043,8462.543,8374.1045,8312.319,8356.662,8383.1,8349.195,8339.758,8366.275
11920.682,11923.504,11976.574,12024.32,12062.11,12080.245,12605.197,12388.132,12238.421,12265.694,12384.413,12309.122,12271.004,12242.088
479.64047,482.22656,477.74576,481.57135,480.4033,501.5165,498.76874,498.0696,486.9912,494.59,492.63818,489.39777,493.54507,494.68372
11760.66,11871.105,12343.724,12677.72,12966.608,12589.901,12462.832,12432.031,12600.664,12727.787,12800.88,12725.054,12541.801,12456.915
1506.7657,1506.7944,1506.045,1506.3499,1510.7656,1515.6309,1532.672,1519.5433,1505.1648,1507.2487,1510.251,1508.6598,1508.5068,1510.1334
1444.9076,1446.0507,1443.5209,1443.5361,1446.708,1449.0248,1461.5118,1455.829,1444.0262,1447.8002,1453.1154,1448.1748,1444.148,1449.3689
1190.8629,1194.0205,1193.7926,1192.6471,1196.0112,1193.383,1201.696,1198.8915,1193.2401,1196.2646,1198.038,1193.4606,1188.5345,1194.875
1237.1299,1238.4346,1238.299,1236.9443,1239.2574,1241.3174,1254.2618,1246.9579,1236.8427,1240.0876,1244.8823,1239.6843,1236.0981,1240.9044
1690.2858,1693.7365,1696.8359,1695.0168,1684.8223,1681.785,1693.4037,1688.8442,1682.9248,1689.4003,1692.8413,1683.7124,1677.2363,1679.154
2006.8076,2013.8196,2013.0105,2013.627,2003.9823,1994.0137,2012.5404,2004.5077,1996.7256,2004.3163,2007.9508,1997.4941,1989.6718,1992.1393
1700.8296,1687.5876,1688.4073,1707.2511,1689.9629,1693.2047,1691.7462,1679.6763,1661.0787,1688.2633,1689.9432,1733.6487,1730.8286,1762.415
1959.2169,1962.0135,1958.281,1970.8481,1942.7045,1965.9451,1986.4669,1982.9926,1948.0695,1964.9872,1977.598,1982.8043,1965.3625,2008.4084
1920.2931,1902.1625,1903.8612,1923.9666,1937.4686,1921.5688,1968.2589,1954.3362,1938.7189,1945.7198,1906.0823,1969.8014,1975.8873,1930.9335
1741.4401,1734.4785,1747.3662,1732.9656,1741.5964,1731.9198,1753.2593,1710.5044,1733.2693,1732.0421,1772.9465,1716.905,1793.1744,1806.3691
2240.009,2258.3154,2237.78,2288.6108,2259.8855,2308.522,2320.1313,2329.1934,2303.2493,2361.3345,2355.4758,2352.138,2315.0032,2387.716
1966.9749,1948.8026,1950.4763,1971.4706,1984.8701,1969.0891,2016.6906,2003.7349,1987.5928,1993.7994,1953.9072,2018.9047,2024.9056,1978.2828
1758.4576,1758.9337,1784.9698,1773.3615,1821.0802,1786.6329,1832.8737,1748.2743,1805.6887,1776.4902,1848.2915,1804.481,1846.5698,1816.692
1648.194,1660.1656,1653.8744,1649.4061,1651.231,1667.6556,1655.0656,1677.1477,1680.803,1673.1968,1656.2094,1673.218,1674.2231,1673.5044
1339.9572,1352.1266,1373.8792,1376.5244,1347.6592,1340.2462,1338.8569,1355.9564,1374.3053,1372.8746,1362.2616,1358.597,1342.0753,1335.3795
1853.2709,1827.8235,1818.7736,1840.1196,1854.1449,1865.4259,1880.0967,1853.6416,1816.2253,1833.3975,1822.2615,1860.1736,1872.1647,1895.2823
2067.6714,2040.7467,2030.8988,2054.935,2073.5603,2083.6475,2098.4978,2074.6753,2033.4905,2051.9553,2038.9553,2080.0012,2091.3853,2116.1814
2118.2336,2090.9883,2080.9902,2105.6768,2125.3699,2135.1914,2150.0217,2126.751,2084.7761,2103.553,2090.2625,2131.9807,2143.1382,2168.2168
2042.1625,2039.8671,2034.9309,2047.5149,2039.4702,2055.8933,2066.9485,2068.179,2020.7461,2054.7698,2068.9814,2090.7112,2079.264,2105.4255
1993.342,1990.5054,1985.8627,1997.4044,1989.8756,2005.056,2016.1862,2016.8013,1970.6014,2004.2682,2017.378,2039.7635,2028.4094,2055.0186
1538.4623,1552.7697,1559.3114,1558.1476,1541.7638,1546.4264,1567.076,1598.8214,1601.7761,1594.006,1628.4669,1567.6385,1598.5681,1626.5911
7989.9688,8017.6226,8028.09,8039.3696,8086.2124,8172.5527,8125.1494,8064.04,8033.741,8076.7246,8093.8286,8035.201,8085.973,8072.262
7880.124,7905.3364,7902.043,7894.482,7915.8564,7965.4536,7956.5767,7921.556,7899.3267,7916.4756,7912.7183,7887.4155,7910.652,7907.6387
825.7945,822.78754,821.50555,818.9966,820.295,825.1864,823.01044,822.59467,817.11914,821.81226,821.00116,818.5959,822.5294,821.936
8393.601,8410.225,8432.317,8416.357,8487.23,8534.318,8587.587,8477.064,8463.088,8465.002,8467.791,8449.379,8464.935,8461.25
7447.87,7420.7407,7409.175,7386.579,7398.1987,7442.383,7422.7544,7419.0244,7369.623,7411.9536,7404.6426,7382.971,7418.4263,7413.074
8105.154,8096.532,8087.613,8056.6953,8082.0415,8117.943,8121.9404,8120.4736,8097.3286,8089.364,8084.8955,8074.304,8095.7285,8083.878
7568.835,7583.793,7603.715,7589.3013,7653.2197,7695.629,7743.694,7644.0366,7631.4595,7633.1597,7635.675,7619.072,7633.0996,7629.7812
7143.03,7167.8506,7177.205,7187.32,7229.1284,7306.2964,7263.949,7209.3423,7182.322,7220.6763,7236.013,7183.6084,7228.919,7216.6934
7310.22,7302.4663,7294.4146,7266.4985,7289.3696,7321.781,7325.3853,7324.054,7303.161,7296.006,7291.971,7282.4043,7301.743,7291.0596
793.8934,793.1489,793.1396,793.4336,795.0692,796.80676,795.26196,793.7366,791.9737,792.89014,793.6641,793.2949,793.98615,792.9136
880.4155,879.5909,879.58014,879.90753,881.71954,883.64624,881.93256,880.2403,878.28973,879.3056,880.16223,879.75226,880.51917,879.3291
845.517,844.1466,843.0958,841.48846,844.4268,847.63367,846.38873,844.89105,841.02814,843.0279,842.51874,840.9857,842.13965,842.1171
7624.386,7611.992,7602.5146,7588.116,7614.5806,7643.4604,7632.235,7618.726,7583.908,7601.918,7597.344,7583.5195,7593.9497,7593.7124
4843.281,4857.565,4851.7085,4848.4546,4848.967,4838.599,4869.8267,4854.242,4869.4766,4834.9395,4789.4688,4788.254,4779.5913,4788.2437
1700.218,1724.7357,1719.0133,1723.0138,1703.6382,1712.209,1726.6309,1740.9427,1728.2886,1718.6289,1709.8334,1739.4408,1735.0372,1731.1333
1416.165,1417.6832,1418.6475,1414.6191,1423.2087,1445.971,1456.8662,1443.8788,1432.3512,1420.2369,1420.422,1425.5734,1431.5366,1431.9894
10350.68,10390.812,10384.09,10394.233,10433.254,10366.264,10441.519,10396.424,10458.439,10420.788,10240.804,10260.021,10281.099,10274.68
1854.9755,1861.2051,1854.5465,1858.4614,1859.9413,1865.127,1865.0035,1862.7157,1856.1744,1857.2483,1854.601,1858.5953,1861.2603,1864.2303
724.1594,727.94995,727.0456,726.11554,728.16425,733.18207,733.4417,731.30975,728.96936,728.6838,728.36395,729.47296,730.9042,730.8268
1989.6636,1996.5258,1989.9199,1996.8431,2000.02,2007.0079,2006.653,2002.5317,1990.6102,1993.428,1992.0579,1999.4034,2001.9889,2005.6398
1377.6716,1379.1528,1380.0842,1376.1702,1384.5251,1406.676,1417.2716,1404.6393,1393.4159,1381.6398,1381.8087,1386.8265,1392.629,1393.0729
2365.233,2406.7935,2456.537,2472.9187,2538.5032,2534.6677,2495.4915,2511.4167,2533.276,2536.0083,2528.7576,2524.865,2532.7622,2522.847
12225.802,12221.171,12189.262,12162.636,12186.676,12287.548,12275.977,12248.143,12198.406,12187.875,12166.203,12174.108,12235.092,12215.115
1653.2223,1658.9249,1653.4379,1659.1853,1661.8309,1667.6299,1667.3373,1663.9141,1654.0173,1656.3503,1655.2114,1661.312,1663.463,1666.4934
702.2832,705.95953,705.0834,704.18066,706.16693,711.03064,711.281,709.21454,706.94794,706.6708,706.3604,707.4355,708.8234,708.7483
10148.86,10145.033,10118.554,10096.46,10116.395,10200.162,10190.561,10167.44,10126.143,10117.405,10099.42,10105.978,10156.599,10140.033
1175.8033,1177.0653,1177.8645,1174.5188,1181.6416,1200.5392,1209.5759,1198.7991,1189.2375,1179.1848,1179.3346,1183.6106,1188.5588,1188.9353
11893.193,11888.706,11857.664,11831.762,11855.148,11953.289,11942.033,11914.959,11866.591,11856.332,11835.236,11842.919,11902.253,11882.835
1319.8771,1320.0648,1315.884,1312.981,1315.1107,1323.2356,1326.8596,1327.1199,1323.013,1318.3901,1314.5585,1316.3386,1319.4452,1318.6235
1283.9824,1284.1674,1280.097,1277.2695,1279.339,1287.2537,1290.7778,1291.0305,1287.0293,1282.5343,1278.805,1280.5405,1283.5646,1282.7627
1264.4913,1263.1129,1257.8306,1254.4285,1259.1376,1270.3523,1268.6018,1266.8523,1262.1753,1258.5995,1255.5509,1257.5652,1263.2246,1260.8394
1082.224,1079.5286,1075.5581,1076.926,1080.6136,1090.4725,1088.422,1082.8552,1075.8087,1074.5044,1073.6315,1077.026,1079.2625,1076.5497
972.6675,965.85956,953.03217,944.22375,934.7301,963.9423,922.60254,934.40594,962.22205,943.8883,963.12476,938.528,970.6681,957.50085
1103.4159,1107.8329,1107.3113,1107.2347,1111.5332,1119.913,1120.0768,1116.4617,1112.6366,1111.8605,1111.7319,1115.2437,1116.9536,1116.345
1268.5117,1265.356,1260.6987,1262.3021,1266.6232,1278.1794,1275.7716,1269.2491,1260.9923,1259.4653,1258.4396,1262.417,1265.0369,1261.8595
1304.034,1300.7871,1296.0029,1297.6499,1302.0878,1313.9645,1311.492,1304.7882,1296.3041,1294.7341,1293.6797,1297.7704,1300.4647,1297.1978
10786.671,10774.934,10729.899,10700.889,10741.009,10836.699,10821.752,10806.847,10766.943,10736.442,10710.443,10727.629,10775.8545,10755.526
1299.923,1298.5085,1293.0785,1289.5841,1294.423,1305.9539,1304.1554,1302.3562,1297.5459,1293.8687,1290.7358,1292.8044,1298.6213,1296.1714
9415.953,9453.7295,9449.272,9448.6045,9485.327,9556.856,9558.236,9527.394,9494.745,9488.121,9487.014,9516.9795,9531.58,9526.391
1134.2593,1138.802,1138.268,1138.186,1142.608,1151.2269,1151.3972,1147.6796,1143.7462,1142.9458,1142.8143,1146.4261,1148.1847,1147.559
1010.03986,1010.1611,1006.9838,1004.82855,1006.24066,1016.2301,1015.3459,1012.6732,1008.09174,1007.1462,1005.09094,1005.29736,1010.9231,1009.76105
1066.1395,1044.4856,1028.9097,982.2048,1002.63873,1011.33234,1015.5213,990.2196,1035.4597,1002.75885,950.1411,905.82104,956.53156,960.3365
1175.166,1175.3088,1171.6085,1169.0985,1170.7433,1182.3722,1181.3427,1178.2311,1172.9004,1171.7979,1169.4038,1169.6439,1176.1951,1174.8405
1206.6436,1206.79,1202.9915,1200.4164,1202.1045,1214.0406,1212.9851,1209.7928,1204.3187,1203.1874,1200.7295,1200.9774,1207.7007,1206.3099
1026.1428,1028.2671,1027.7107,1024.942,1029.281,1045.7294,1051.4386,1041.6523,1035.611,1029.6465,1028.1713,1030.6549,1034.4822,1035.8389
1254.7366,1253.2296,1249.9963,1250.0972,1254.15,1264.2428,1262.6904,1256.7075,1250.3392,1248.874,1247.1504,1250.0099,1252.8794,1251.4335
1225.7175,1228.2473,1227.583,1224.2769,1229.4596,1249.1063,1255.9238,1244.23,1237.0171,1229.8975,1228.1345,1231.0961,1235.6649,1237.2859
1187.7954,1188.8655,1184.4132,1179.3312,1180.9891,1191.6007,1194.3464,1193.8933,1189.2822,1185.9625,1181.5497,1183.01,1186.6549,1187.1176
1078.4153,1077.1196,1074.341,1074.4286,1077.9136,1086.5927,1085.2576,1080.1128,1074.6361,1073.3777,1071.8973,1074.3547,1076.8209,1075.5752
1288.3507,1286.803,1283.4834,1283.5894,1287.7502,1298.1183,1296.5214,1290.3767,1283.8378,1282.3344,1280.566,1283.5004,1286.4457,1284.96
1034.6438,1034.4885,1030.3994,1026.9883,1030.118,1040.7115,1039.2328,1037.1865,1033.405,1031.0623,1027.9343,1029.1288,1033.2124,1032.9324
1236.549,1236.3647,1231.4847,1227.4075,1231.1437,1243.8025,1242.0336,1239.588,1235.0723,1232.274,1228.539,1229.9663,1234.8412,1234.5082
1204.2114,1204.036,1199.2786,1195.3088,1198.9492,1211.2789,1209.5563,1207.1753,1202.7754,1200.0504,1196.4109,1197.8008,1202.5482,1202.2277
1193.7654,1196.2375,1195.5863,1192.3699,1197.4155,1216.553,1223.1936,1211.8052,1204.7749,1197.8405,1196.1237,1199.0142,1203.4624,1205.0414
1359.0286,1323.1785,1265.728,1382.8529,1263.6439,1260.4814,1140.3993,1032.9116,987.79004,1070.764,1121.0231,1192.2955,1166.7047,1137.6077
994.3815,995.27826,991.5514,987.2971,988.6823,997.57153,999.86774,999.48773,995.628,992.85004,989.1549,990.3776,993.42737,993.81744
9222.978,9201.587,9212.285,9243.811,9249.409,9240.876,9204.905,9170.867,9178.501,9208.746,9266.107,9265.239,9293.066,9279.736
9706.062,9682.634,9693.722,9727.202,9733.628,9725.054,9686.901,9651.702,9658.277,9690.315,9750.852,9750.07,9778.861,9764.574
1233.5192,1228.6072,1229.3186,1236.8044,1238.6274,1237.0725,1230.514,1224.2074,1225.944,1230.5619,1240.1399,1240.2968,1244.4764,1242.0065
12593.75,12561.727,12567.6455,12605.3955,12616.4375,12598.673,12544.839,12471.285,12517.131,12541.756,12629.354,12630.089,12665.579,12638.725
11460.845,11425.245,11432.707,11468.165,11478.931,11463.306,11408.102,11337.911,11383.128,11409.362,11492.554,11492.848,11529.07,11504.718
12040.047,12007.641,12013.779,12050.195,12061.12,12044.255,11990.89,11919.3545,11964.212,11988.994,12073.87,12074.482,12109.598,12083.8955
1320.1709,1306.4573,1305.7872,1311.3563,1315.3408,1312.8857,1306.2507,1300.4585,1303.002,1309.8662,1314.2738,1314.0587,1321.591,1319.5205
1348.7284,1344.0807,1344.1741,1350.96,1353.0168,1350.0576,1343.1237,1333.4869,1340.8572,1343.0996,1353.8859,1354.0079,1358.0739,1354.594
1290.7347,1285.8326,1285.9758,1292.6537,1294.7568,1291.9259,1284.81,1275.1487,1282.6827,1284.9456,1295.6288,1295.7488,1299.9459,1296.5856
1410.8986,1406.2307,1406.3231,1413.3391,1415.418,1412.3247,1405.2827,1395.4261,1402.9384,1405.2157,1416.3154,1416.4485,1420.5536,1416.9375
1401.2047,1387.4357,1388.0757,1399.9569,1416.2992,1406.6505,1395.4141,1371.8003,1390.9031,1384.2859,1412.3429,1411.5544,1416.8978,1420.1508
1179.1619,1174.3625,1175.1124,1182.3813,1184.0012,1182.5758,1176.18,1170.1307,1171.8566,1176.3574,1185.5544,1185.7372,1189.7562,1187.4681
1530.8933,1515.1714,1515.606,1529.3408,1547.7584,1537.9714,1525.1938,1499.1898,1519.6754,1512.3062,1542.9403,1542.8607,1548.1782,1551.4714
1207.3435,1194.7874,1194.5347,1199.5612,1202.9431,1200.4991,1194.0946,1189.9084,1192.1499,1198.426,1202.1105,1201.9425,1209.0465,1207.367
1261.867,1248.7416,1248.2218,1253.5352,1257.2699,1254.8439,1248.3918,1243.2089,1245.6141,1252.1898,1256.2911,1256.0919,1263.3555,1261.4385
1128.4406,1123.7306,1124.6144,1131.7396,1133.0398,1131.7365,1125.3895,1119.486,1121.3632,1125.7882,1134.702,1134.9231,1138.8248,1136.803
1463.6311,1448.7977,1449.2736,1462.2153,1479.6993,1470.0995,1458.0073,1433.163,1452.9181,1445.8746,1475.1732,1474.9087,1480.1241,1483.3743
1427.7178,1416.905,1416.6486,1420.9069,1422.6553,1419.0067,1415.0391,1416.0765,1418.5767,1419.2002,1423.1299,1422.3131,1429.9918,1427.3085
1306.7012,1296.3358,1296.2806,1300.1643,1301.4839,1298.0916,1294.5098,1295.5055,1297.9215,1298.5477,1302.1243,1301.5167,1308.4712,1306.1368
12046.487,12255.894,12241.689,12186.98,12209.954,12317.094,12572.1455,12396.435,12527.254,12562.284,12608.943,12446.8125,12610.0205,12749.182
1617.0305,1645.1345,1643.2325,1635.8788,1638.9742,1653.3373,1687.5867,1663.9824,1681.5468,1686.2382,1692.5388,1670.7362,1692.6589,1711.3373
1453.9302,1480.1619,1478.0271,1489.5614,1488.6434,1484.779,1473.0228,1466.401,1470.7451,1469.983,1460.951,1507.662,1499.2542,1499.6283
2073.8235,2108.8232,2075.8757,2069.7915,2049.0742,2071.0542,2068.7217,2042.5667,2051.6838,2059.2322,2059.4368,2049.7104,2063.5974,2077.2744
1400.3302,1390.6892,1391.8436,1395.4581,1398.718,1395.357,1390.245,1389.2443,1392.0524,1394.1271,1397.4244,1396.4551,1402.8538,1399.9432
1403.0947,1394.529,1395.5812,1399.5044,1403.1798,1400.6116,1393.6962,1387.7848,1388.9948,1390.9779,1399.7561,1400.1356,1403.7949,1400.0149
1338.7267,1329.4009,1330.6658,1334.0237,1337.0604,1333.7871,1329.0156,1328.1387,1330.8726,1332.799,1335.9044,1334.9594,1341.125,1338.3297
1284.1427,1276.1437,1277.1294,1280.4305,1283.7255,1281.3226,1274.7874,1269.6517,1270.9707,1272.7869,1280.7676,1280.9916,1284.3619,1280.9814
10932.561,10815.658,10802.191,10824.531,10855.053,10856.55,10789.477,10731.582,10752.27,10803.334,10855.572,10846.863,10929.022,10907.309
12019.889,11891.889,11872.968,11898.996,11936.194,11938.273,11867.816,11793.473,11816.556,11871.85,11933.614,11923.75,12012.727,11986.999
1281.547,1272.3497,1273.8949,1276.8496,1279.5818,1276.3282,1272.0491,1271.3547,1274.0513,1275.7642,1278.6375,1277.7041,1283.6815,1281.0028
1341.4277,1333.1846,1334.1987,1337.8612,1341.3505,1338.8815,1332.2051,1326.6405,1327.8568,1329.7555,1338.1316,1338.4573,1341.9619,1338.373
11489.443,11366.928,11350.01,11374.525,11408.995,11410.857,11342.496,11274.524,11296.542,11349.684,11407.44,11398.123,11483.634,11459.494
11676.043,11557.041,11582.536,11637.471,11747.863,11698.073,11639.665,11442.773,11588.417,11518.08,11741.124,11714.18,11769.352,11800.046
12213.153,12088.782,12115.036,12174.026,12289.914,12239.846,12178.303,11971.899,12124.099,12048.821,12281.9795,12254.57,12311.429,12342.696
8677.09,8659.067,8669.088,8697.9795,8702.503,8693.612,8660.652,8627.015,8636.589,8664.574,8718.41,8717.469,8744.697,8732.826
11114.112,11000.936,11026.119,11074.936,11178.968,11127.021,11072.683,10886.683,11025.433,10962.221,11174.61,11147.028,11201.416,11232.283
11736.348,11650.453,11642.15,11663.593,11702.234,11676.1455,11632.361,11634.018,11647.0,11665.886,11686.334,11681.575,11743.176,11716.756
12231.122,12166.261,12176.581,12194.93,12217.33,12203.406,12159.956,12123.186,12126.952,12143.25,12195.183,12195.783,12224.8955,12197.987
11310.34,11227.253,11220.9795,11235.327,11249.063,11233.07,11198.071,11216.894,11218.718,11233.622,11258.547,11253.329,11317.391,11302.396
10767.881,10686.589,10681.861,10695.061,10705.859,10690.884,10657.363,10677.057,10678.977,10693.873,10716.058,10712.061,10771.39,10758.117
11643.352,11579.372,11589.051,11605.899,11627.045,11613.309,11571.761,11537.863,11542.43,11558.0625,11607.202,11606.982,11634.882,11609.406
12696.389,12668.83,12723.246,12845.719,12713.081,12700.307,12501.644,12570.189,12483.283,12751.837,12744.291,12793.7,12747.339,12743.583
12276.514,12187.168,12177.53,12200.65,12242.015,12214.719,12167.574,12169.139,12182.525,12202.646,12224.364,12219.548,12283.77,12255.808
11171.2705,11088.463,11082.698,11101.475,11136.362,11111.473,11072.706,11074.535,11087.369,11104.525,11123.443,11118.513,11177.459,11153.159
7510.3936,7548.5186,7527.07,7593.28,7577.9106,7609.088,7550.3286,7538.921,7598.569,7615.8564,7604.7476,7609.081,7591.1133,7644.286
16704.639,16695.744,16650.25,16681.459,16666.861,16694.521,16701.555,16707.516,16664.389,16653.107,16680.66,16735.32,16710.967,16703.045
5684.121,5697.7656,5673.909,5666.97,5641.8735,5703.4062,5672.2646,5587.7163,5512.0938,5590.144,5607.547,5651.666,5636.0713,5694.2397
7584.6846,7548.504,7526.4536,7454.3228,7379.179,7382.47,7407.614,7394.5005,7430.5737,7426.7935,7436.877,7421.997,7465.743,7479.573
7809.616,7729.2275,7719.699,7765.572,7790.419,7718.8516,7875.097,7812.0894,7742.2476,7740.7812,7666.424,7569.197,7628.7944,7707.791
17966.76,18030.566,18079.996,18045.303,18047.115,18004.43,18029.666,18101.965,18165.117,18053.426,18119.916,18203.076,18260.896,18171.174
6168.2075,6140.5786,6157.312,6139.05,6122.652,6133.0977,6161.162,6166.1143,6168.2217,6165.427,6136.14,6124.3555,6126.3438,6123.9224
16978.574,16949.646,17085.756,16912.406,16985.037,16921.64,17121.635,17128.61,17334.416,16967.803,17017.535,17106.258,17246.418,17092.678
5384.369,5375.2744,5377.6167,5361.9287,5362.035,5348.2666,5355.13,5345.175,5359.361,5365.188,5384.919,5368.9185,5374.761,5375.6704
16800.504,16761.377,16563.53,16350.951,16310.446,16412.336,16615.428,16734.797,16729.16,16671.723,16593.842,16468.262,16564.49,16580.506
15816.139,15869.848,15618.994,15505.175,15483.879,15622.338,15925.554,15711.861,15658.551,15805.659,15816.638,15654.913,15594.637,15771.282
8001.704,8069.1387,8061.7104,8119.4165,8118.307,8112.1846,8112.612,8111.249,8088.933,8190.3022,8193.643,8169.535,8187.785,8212.276
17925.469,17805.807,17791.146,17757.164,17783.488,17798.033,17848.78,17842.85,17808.76,17802.102,17822.283,17778.61,17784.373,17800.62
18491.746,18577.006,18271.285,18199.59,18131.8,18321.225,18781.46,18425.648,18452.0,18596.385,18649.295,18385.525,18310.36,18565.652
3969.17,4011.1238,3974.3254,3983.4268,3915.4082,3996.453,3848.1501,4014.736,3956.213,4001.678,3899.262,3941.682,3772.6711,3871.9597
19757.617,19748.857,19640.24,19577.8,19542.516,19616.615,19721.941,19648.373,19590.568,19667.832,19736.578,19655.654,19687.605,19671.984
3947.1753,3978.0737,3980.7664,4040.467,3991.4587,4013.3823,3993.4077,3998.3452,3936.816,3942.544,3984.2637,4035.392,4019.1553,4031.9062
17390.553,17317.992,17223.885,17305.455,17404.27,17461.352,17580.873,17359.771,17377.203,17475.982,17454.928,17353.82,17393.836,17225.969
5638.1094,5688.831,5747.9375,5729.4194,5891.7715,5910.9414,5926.142,5653.05,5874.793,6025.535,6145.5146,6019.8706,6070.6826,6112.76
5043.6147,5044.4106,5053.8125,5042.141,5035.304,5041.0063,5040.5005,5034.2114,5038.5864,5031.143,5040.216,5037.9663,5035.6504,5037.1064
17107.371,17035.008,16942.332,17019.504,17118.152,17167.484,17280.744,17071.65,17085.64,17181.31,17165.068,17067.135,17097.006,16944.703
15198.78,15187.815,15102.602,15055.45,15043.222,15107.713,15179.851,15116.038,15072.2705,15130.525,15188.184,15127.668,15159.335,15142.961
17467.154,17465.443,17257.328,17057.738,17130.055,17190.908,17502.768,17429.818,17450.195,17466.816,17428.947,17249.861,17382.766,17327.484
16281.839,16210.8955,16607.875,16628.873,16365.999,16115.414,15629.981,15619.453,16249.91,16668.78,16523.273,16143.155,16224.705,16198.015
14465.372,14455.016,14376.004,14326.825,14314.306,14376.045,14444.632,14383.251,14345.604,14400.863,14454.026,14394.561,14426.15,14410.553
7220.202,7479.039,7294.255,7386.5684,7244.8647,7528.0283,7030.713,6590.3057,6660.8906,7300.803,7348.01,7517.6123,7388.6675,6948.0425
4595.0796,4642.4346,4610.342,4621.5337,4560.139,4581.9385,4524.845,4545.5938,4571.7256,4650.673,4624.172,4612.796,4631.6934,4653.607
17184.693,17182.559,16978.281,16780.07,16849.834,16909.338,17213.066,17145.525,17165.994,17181.174,17144.377,16967.361,17099.434,17045.531
17894.637,17878.87,17647.225,17377.14,17309.55,17447.291,17697.348,17819.674,17811.492,17743.871,17651.998,17521.6,17622.756,17648.574
5199.972,5419.115,5380.7266,5222.4917,4968.388,5071.595,5073.159,5295.478,5252.031,5325.728,5287.454,5318.536,5173.1655,5312.136
14953.714,14942.994,14859.805,14812.09,14799.731,14863.3955,14934.004,14871.391,14829.496,14886.767,14942.969,14882.891,14914.518,14898.34
18309.295,18186.46,18159.223,18119.455,18144.834,18160.242,18222.084,18236.373,18195.145,18178.203,18198.639,18145.201,18148.578,18161.889
16928.848,16912.111,16697.963,16441.822,16377.931,16503.92,16731.713,16851.69,16845.342,16783.473,16691.918,16566.2,16668.166,16694.416
4639.128,4628.9023,4742.3325,4783.2715,4737.2163,4756.6597,4776.307,4745.148,4753.2764,4744.0034,4750.97,4757.016,4771.8647,4772.9697
18406.602,18418.674,18198.955,18022.81,18065.96,18123.63,18474.928,18407.775,18431.324,18443.637,18401.635,18202.361,18339.65,18312.05
18370.73,18308.357,18218.512,18349.484,18401.65,18479.164,18613.225,18374.102,18465.508,18536.24,18489.72,18333.914,18406.975,18219.484
6258.3228,6278.0366,6273.7056,6296.817,6302.5293,6319.47,6315.339,6309.5044,6292.93,6288.4624,6280.3203,6279.9575,6267.327,6278.554
17575.633,17559.682,17333.61,17068.006,17001.672,17135.584,17378.432,17500.016,17492.398,17426.633,17334.871,17206.02,17307.395,17333.354
18741.44,18754.396,18530.078,18353.584,18398.66,18457.805,18819.166,18746.057,18769.781,18783.568,18740.592,18538.902,18676.814,18648.646
19427.176,19364.057,19271.344,19448.768,19477.367,19583.914,19736.494,19457.215,19559.71,19646.125,19595.26,19412.469,19519.79,19277.525
17727.559,17737.52,17527.283,17351.188,17390.422,17445.133,17774.936,17720.834,17744.094,17753.041,17713.252,17518.762,17655.059,17628.291
6765.457,6773.2715,6808.358,6819.2046,6809.4883,6844.929,6929.602,6903.687,6920.705,6882.2466,6836.396,6812.465,6836.445,6830.3813
19423.4,19387.248,19536.947,19346.559,19429.398,19366.969,19577.523,19582.979,19798.66,19412.361,19470.938,19564.166,19711.941,19564.014
5472.732,5434.666,5491.3657,5485.5386,5360.302,5368.445,5419.5005,5503.3296,5444.9575,5383.837,5369.619,5378.6333,5378.9517,5387.223
8720.694,8761.763,8737.569,8898.191,9060.195,9167.341,9125.368,9200.764,9243.428,9069.635,9041.368,9114.721,9229.564,9225.506
18662.193,18628.283,18774.018,18588.834,18668.768,18605.12,18813.195,18819.104,19031.818,18651.275,18707.238,18799.287,18944.547,18795.307
17883.496,17858.52,17850.785,17834.598,17867.55,17802.602,17827.084,17845.742,17846.371,17786.633,17793.87,17831.402,17862.152,17812.877
17398.008,17398.559,17381.281,17294.207,17275.361,17230.285,17316.117,17394.297,17506.064,17356.299,17294.559,17336.523,17400.531,17353.87
14929.8955,14981.029,15027.818,14997.282,15002.11,14959.08,14983.553,15045.403,15105.29,15000.253,15059.944,15135.977,15192.248,15110.272
17184.734,17164.014,17159.676,17144.137,17177.926,17113.068,17141.562,17158.559,17159.645,17098.344,17106.861,17147.498,17174.654,17127.805
17027.521,16994.156,16985.219,16945.854,16942.451,16936.758,16951.432,16962.832,16984.67,16958.107,16925.982,16942.348,17005.924,16972.766
15636.624,15620.892,15625.51,15613.846,15652.095,15582.845,15622.102,15632.753,15636.934,15571.227,15584.194,15633.49,15652.366,15609.364
1557.383,1555.5197,1554.1493,1548.5162,1552.4226,1547.1449,1546.8572,1553.2352,1556.3129,1552.1313,1546.411,1550.5546,1555.4458,1550.8937
7956.3574,7992.537,7977.7617,8053.2754,8050.0435,8046.389,7940.108,8010.218,8089.1934,8139.103,8076.7026,8090.869,8156.901,8152.5103
15539.491,15593.198,15639.1,15607.422,15612.108,15570.192,15594.128,15657.941,15714.936,15611.596,15673.809,15748.888,15804.091,15721.162
6504.994,6518.1855,6499.459,6549.1226,6523.9233,6548.4917,6571.773,6550.4478,6431.428,6408.4766,6448.9175,6504.465,6383.905,6492.3584
13581.352,13626.038,13673.999,13645.933,13650.046,13606.1045,13631.288,13688.861,13754.939,13646.088,13698.665,13777.606,13837.653,13758.953
16767.05,16767.102,16750.023,16671.098,16648.488,16608.3,16688.467,16762.826,16869.959,16728.283,16667.766,16709.184,16767.04,16722.932
15514.125,15489.517,15611.222,15455.341,15518.239,15465.064,15642.84,15651.378,15836.789,15508.967,15548.143,15628.346,15751.611,15622.894
4842.7373,4825.1865,4841.653,4834.766,5082.555,5180.757,5228.15,5129.08,5130.75,5172.7637,5276.372,5129.156,5191.671,5277.897
17280.879,17251.896,17383.27,17214.904,17284.75,17232.98,17417.9,17426.262,17620.17,17276.154,17321.06,17405.768,17534.549,17407.674
6358.873,6338.614,6353.649,6307.2705,6302.725,6298.4097,6302.0396,6306.795,6304.6006,6319.794,6319.8755,6317.6855,6347.4053,6350.188
4815.7505,4812.5566,4820.3213,4795.814,4790.3545,4806.6626,4826.01,4817.464,4813.3687,4817.628,4802.263,4792.2773,4779.509,4788.5464
1566.9988,1565.1636,1563.7284,1558.0962,1561.8109,1556.9697,1556.6418,1562.8085,1565.9008,1561.6881,1555.9323,1560.0518,1564.9138,1560.4612
15064.973,15071.144,15053.826,14973.719,14951.441,14916.902,14994.189,15065.976,15171.105,15031.984,14973.537,15010.828,15069.42,15031.945
17539.49,17537.727,17521.033,17443.445,17420.582,17377.95,17458.598,17533.838,17640.68,17499.803,17437.473,17480.756,17538.396,17491.186
17435.312,17411.6,17396.143,17340.248,17375.928,17337.936,17331.69,17389.586,17419.805,17375.584,17315.701,17359.057,17410.078,17364.904
16376.017,16362.676,16362.482,16351.135,16387.97,16318.374,16356.261,16369.123,16372.332,16308.365,16317.736,16367.456,16386.664,16343.932
7162.866,7184.6006,7211.135,7201.656,7195.0728,7230.2744,7251.882,7194.634,7194.4097,7209.215,7225.969,7200.6685,7192.928,7203.8096
844.4086,846.849,851.44556,850.2992,852.7033,853.5465,857.12427,848.977,849.3392,850.50867,852.64197,848.84326,848.3491,849.41644
6997.823,7019.422,7046.051,7036.942,7030.5317,7064.777,7084.981,7030.264,7030.1284,7044.4873,7060.2495,7035.926,7028.688,7039.2417
755.6751,754.9612,752.40314,752.08405,755.82416,756.02386,753.43005,756.4357,757.8744,755.44336,752.7956,751.4118,750.875,750.39374
1207.4575,1203.6726,1201.5458,1206.7069,1206.3983,1199.3221,1199.5222,1192.8969,1188.1482,1187.0961,1180.1846,1193.8547,1177.0413,1175.8931
885.6981,883.8985,887.53156,884.96344,883.5402,886.6555,889.0477,883.9904,882.711,885.1331,884.98413,882.1619,882.38135,883.2811
976.8289,976.7541,982.24274,975.2908,975.1445,978.06555,985.2766,980.7726,980.90295,980.51166,975.5359,972.1815,970.8428,972.09467
1124.6636,1123.656,1140.6755,1130.7972,1139.5953,1149.3368,1174.9269,1146.3286,1144.7957,1140.7507,1148.0995,1136.8754,1131.6549,1136.2668
646.27966,644.7993,641.9683,643.22955,645.5583,649.06116,646.25134,644.76447,643.79785,640.8968,639.5627,646.07465,646.6863,642.69464
1393.1865,1398.6746,1393.9597,1395.2303,1394.6674,1395.8386,1403.9727,1418.3357,1435.6378,1415.2297,1402.2056,1399.0679,1397.5488,1388.9117
919.0644,919.158,924.9812,918.44135,917.78265,920.8751,927.78644,923.2058,923.41766,922.4739,917.90735,915.0475,913.3345,914.9145
1305.3754,1299.4498,1283.1008,1297.8197,1286.8157,1290.619,1285.3358,1291.7067,1274.8575,1281.7932,1279.6105,1295.4343,1285.8057,1279.3163
1028.4514,1027.1321,1046.635,1037.4082,1045.2363,1050.9266,1077.2186,1045.9014,1047.8619,1046.1936,1048.1392,1043.0844,1038.5828,1041.2455
964.9872,960.7552,971.5221,975.04047,982.25494,978.03265,980.01953,959.4943,958.90607,961.85895,962.0905,957.83563,955.76764,954.69464
948.2528,944.0805,954.7493,958.09186,965.37054,961.20087,963.2633,942.9559,942.4803,945.34686,945.56726,941.32733,939.3727,938.3601
1198.138,1203.4987,1215.413,1202.5507,1208.7393,1217.4316,1245.3424,1218.9458,1223.1232,1220.792,1221.8845,1212.8961,1225.282,1238.9159
963.69495,961.53314,968.78485,964.50323,968.412,968.27765,972.7542,965.6752,965.68445,966.5994,965.15955,957.8053,956.6873,955.8507
1414.4619,1424.4911,1418.4144,1410.5823,1421.6593,1402.0968,1412.3969,1425.1002,1421.3914,1416.6051,1432.0057,1426.0868,1444.4596,1441.9039
797.79944,796.46063,797.9388,799.17725,794.9715,792.81036,793.7969,794.42944,794.28876,795.63257,794.5539,792.8779,793.5029,795.076
1130.319,1128.1874,1131.7902,1121.8925,1148.8129,1148.6238,1150.2819,1121.5092,1130.2416,1124.5388,1118.0059,1111.738,1120.0665,1117.8298
907.08405,905.1717,912.63324,908.26715,912.2624,912.2534,916.97644,908.80536,909.4311,910.38824,907.23175,901.36707,900.3554,899.8236
1077.6482,1075.4641,1073.9172,1070.862,1074.3657,1079.7617,1081.778,1079.368,1077.0183,1071.5221,1070.4814,1070.0825,1070.9492,1070.5984
846.0771,809.8863,795.78796,806.57935,807.79736,798.51636,797.0655,808.29535,806.5498,803.03937,801.92053,809.7089,812.45764,806.9614
1183.8105,1181.0511,1188.6364,1188.31,1191.761,1192.9,1195.2461,1181.9385,1179.5067,1180.9497,1181.5411,1179.102,1177.6986,1176.1312
1054.102,1053.4672,1069.5012,1060.3566,1068.2637,1077.5234,1102.0198,1074.891,1073.7192,1069.8599,1076.0931,1066.1083,1061.4271,1065.6503
849.3448,842.7962,844.5352,846.52203,844.8433,842.8352,840.91876,837.97504,834.17365,837.0976,841.01904,839.21344,835.95386,835.8601
980.9892,968.6791,971.20245,970.84705,957.28705,953.38324,961.20703,962.7523,953.7448,961.42975,966.29504,965.29144,961.3897,961.1589
1112.1235,1111.5376,1114.7273,1111.1351,1111.3704,1114.5215,1116.1683,1112.0962,1112.7668,1113.4304,1112.3197,1110.152,1109.4028,1108.8032
1062.5848,1062.0382,1065.3,1061.6265,1061.9856,1064.9653,1066.645,1062.7281,1063.3232,1063.9646,1062.8689,1060.7517,1059.9805,1059.4054
10285.874,10208.423,10149.47,10080.624,10133.388,10203.944,10273.512,10133.464,10116.223,10168.218,10180.719,10089.557,10172.264,10177.281
10724.5,10729.272,10753.074,10767.013,10762.138,10791.818,10802.08,10802.996,10749.879,10816.64,10882.583,10873.662,10911.828,10892.477
4844.1074,4827.993,4855.011,4854.4033,4887.605,4869.362,4873.295,4857.296,4852.1963,4834.123,4867.2627,4867.3994,4859.8267,4835.397
11567.789,11479.938,11413.046,11335.88,11394.592,11477.698,11555.611,11395.588,11375.752,11435.02,11448.191,11346.371,11439.734,11447.4
11999.498,12029.938,12036.394,12049.474,12066.131,12065.048,12080.45,12081.919,12060.732,12103.853,12133.301,12113.562,12140.24,12128.664
5242.5317,5217.337,5193.4873,5161.6216,5153.123,5161.898,5131.9478,5107.403,5148.7153,5149.793,5175.2173,5148.7764,5166.852,5147.826
10013.437,9980.135,9951.066,9920.162,9902.5,9935.374,9971.075,9993.945,9977.059,9965.393,9973.865,9966.928,9999.592,9995.193
10315.721,10299.618,10329.473,10290.114,10328.966,10335.967,10417.296,10405.013,10362.101,10342.524,10438.6045,10441.56,10442.401,10456.134
8703.952,8523.916,8461.575,8488.703,8421.085,8609.761,8413.848,8538.482,8424.037,8383.791,8344.683,8383.452,8339.5625,8421.0
12185.121,12153.103,12153.532,12163.471,12170.362,12159.092,12156.3545,12152.384,12124.992,12143.589,12171.711,12172.915,12187.849,12164.292
6732.6567,6663.674,6658.635,6664.3833,6696.463,6700.4414,6682.2563,6669.878,6657.5825,6640.217,6633.44,6621.15,6598.063,6595.973
10831.206,10803.955,10804.289,10812.914,10819.104,10809.426,10806.834,10803.011,10778.461,10795.431,10820.604,10821.288,10833.177,10813.315
11757.087,11713.656,11657.135,11640.163,11656.743,11663.538,11670.003,11664.967,11656.506,11663.533,11688.914,11653.768,11707.07,11693.313
10453.757,10414.289,10366.836,10352.122,10366.49,10372.203,10377.728,10373.139,10366.932,10372.637,10394.585,10362.379,10409.835,10397.031
7742.493,7636.5864,7627.823,7694.8237,7724.446,7723.1553,7669.964,7613.131,7650.2993,7557.0747,7542.562,7564.7354,7634.639,7537.8164
10548.553,10543.445,10548.465,10579.833,10546.195,10610.494,10594.377,10597.076,10555.314,10592.305,10619.369,10657.98,10679.325,10697.593
9490.769,9510.799,9516.274,9549.958,9539.7705,9571.7705,9567.818,9568.274,9555.203,9574.026,9594.698,9610.575,9641.67,9654.603
10192.911,10126.108,10078.736,10059.945,9970.099,10125.623,10097.172,10117.834,10052.869,10106.861,10096.62,10136.162,10172.766,10208.552
11236.717,11195.758,11148.938,11144.509,11174.8955,11148.827,11248.851,11220.527,11103.024,11094.985,11152.982,11168.981,11168.846,11105.218
11626.008,11550.998,11494.616,11471.718,11368.142,11546.843,11515.888,11538.877,11464.535,11526.055,11514.224,11558.269,11598.479,11639.074
1733.2079,1760.872,1894.6377,1995.0016,1789.8761,1756.7776,1706.1527,1708.5972,1760.6489,1818.7072,1959.4937,1875.829,1760.4022,1777.2252
10829.184,10866.4795,10775.698,10832.359,10825.391,10883.666,10758.476,10758.628,10737.792,10784.263,10744.491,10796.304,10771.961,10742.893
9127.721,9172.9795,9273.092,9479.697,9550.975,9379.457,9240.035,9258.94,9382.46,9373.324,9349.869,9334.739,9335.391,9305.139
12362.011,12317.907,12296.599,12342.871,12334.513,12356.323,12334.557,12333.176,12272.27,12305.8125,12315.882,12357.085,12400.76,12408.627
6231.6045,6171.156,6219.6396,6224.132,6210.0693,6209.5806,6230.331,6218.623,6211.032,6192.2744,6217.612,6259.165,6236.6436,6184.198
11881.716,11838.006,11817.205,11812.009,11800.997,11842.878,11826.997,11850.414,11825.658,11843.703,11835.485,11857.3545,11893.224,11925.644
3729.088,3728.028,3747.0588,3734.736,3726.2075,3721.6855,3729.5552,3731.0073,3728.146,3725.9878,3736.054,3728.6638,3724.3328,3724.5793
11762.64,11759.556,11756.059,11776.188,11773.608,11843.36,11878.454,11866.279,11809.644,11817.718,11861.114,11880.902,11895.601,11925.354
12264.579,12297.313,12313.168,12222.614,12176.293,12097.912,12126.408,12213.871,12315.21,12290.062,12304.66,12208.203,12197.678,12200.798
3354.3933,3423.9153,3379.6404,3350.6592,3236.2554,3373.2415,3430.92,3417.3962,3352.8013,3413.1328,3293.7969,3463.5393,3400.564,3444.4587
10841.505,10805.947,10788.608,10827.832,10821.368,10838.39,10820.332,10818.782,10766.746,10795.472,10805.282,10839.477,10877.21,10883.912
10420.896,10382.761,10365.154,10360.368,10351.086,10387.599,10373.707,10394.086,10372.392,10388.512,10381.804,10400.887,10433.097,10461.417
11604.921,11594.28,11501.74,11676.5205,11666.912,11706.19,11668.86,11649.324,11605.239,11650.386,11641.261,11663.815,11675.465,11664.392
20540.91,20476.252,20447.963,20278.379,20282.924,20439.258,20412.086,20397.432,20345.002,20379.06,20423.865,20504.213,20537.455,20587.479
18264.777,18175.273,18064.748,17961.652,17845.416,18019.332,17979.156,18048.514,18018.178,18016.242,17973.797,18046.89,18118.916,18113.332
17140.457,17147.303,16889.393,16849.943,16699.0,16838.307,16755.705,16726.473,16659.262,16711.645,16669.31,16698.809,16745.088,16804.65
5642.824,5789.316,5741.139,5759.7856,5692.307,5627.823,5577.7495,5869.447,5782.6953,5799.6904,5639.635,5517.8857,5526.0396,5724.4883
17473.592,17677.334,17276.445,17297.729,17087.1,17269.758,17178.016,17215.893,17045.139,17039.84,16996.613,17046.54,17038.373,17105.23
17960.523,17839.406,17725.564,17568.018,17543.236,17675.137,17556.023,17603.396,17573.27,17612.207,17590.102,17646.27,17715.033,17720.79
17028.225,16969.184,16849.248,16682.797,16544.285,16714.846,16673.402,16720.35,16669.008,16668.076,16635.95,16687.367,16723.355,16712.984
12272.493,12387.299,12117.051,12185.488,11740.022,12046.935,11846.655,12013.983,11983.798,11893.948,11809.813,11915.908,11901.5,11923.144
15670.65,15631.402,15595.65,15568.598,15524.689,15623.544,15552.277,15565.282,15532.45,15593.995,15613.441,15665.598,15719.067,15724.751
17911.127,17817.697,17735.951,17645.56,17625.291,17723.758,17551.617,17557.318,17492.322,17575.49,17604.48,17701.977,17774.201,17744.504
5812.8374,5825.8447,5823.208,5821.6226,5818.8237,5804.7964,5788.333,5823.4863,5835.995,5842.891,5844.2417,5829.312,5817.906,5819.489
12823.96,12802.451,12780.693,12727.554,12694.475,12768.613,12713.162,12722.852,12707.249,12729.698,12746.984,12791.021,12823.789,12805.306
16935.484,16876.6,16757.336,16591.852,16453.818,16623.766,16582.418,16629.498,16578.375,16577.389,16545.533,16596.709,16632.53,16622.125
17322.568,17285.334,17159.979,17134.14,17009.342,17161.375,16928.195,16952.66,16884.648,16962.627,16985.977,17091.256,17229.154,17131.277
16402.27,16337.377,16323.724,16242.681,16211.9375,16300.99,16276.073,16276.489,16258.673,16266.223,16294.919,16350.833,16355.26,16358.336
17361.305,17289.754,17275.107,17190.67,17158.57,17250.488,17223.545,17223.357,17206.023,17214.02,17243.23,17301.629,17305.475,17308.889
2837.8928,2811.0137,2773.1382,2804.4998,2852.017,2783.5435,2724.6948,2775.764,2813.1519,2784.0632,2776.248,2793.2915,2792.3438,2715.5713
17266.594,17195.678,17181.125,17096.791,17064.746,17156.531,17129.742,17129.61,17112.21,17120.156,17149.305,17207.484,17211.324,17214.729
18334.64,18297.299,18165.125,18140.637,18009.17,18166.973,17923.008,17948.957,17873.557,17954.783,17980.121,18092.223,18234.012,18129.924
16725.006,16659.303,16520.959,16366.187,16327.395,16409.02,16278.893,16309.555,16257.572,16284.564,16268.829,16320.195,16375.471,16366.582
17608.725,17542.092,17394.941,17238.484,17196.635,17279.408,17139.883,17169.592,17114.02,17143.209,17126.002,17180.324,17237.867,17227.684
10356.71,10448.865,10338.15,10451.688,10482.416,10496.532,10422.747,10549.667,10539.28,10520.881,10543.994,10616.447,10560.756,10514.603
4235.799,4265.0757,4218.983,4163.291,4184.178,4291.5366,4329.1943,4270.7437,4270.888,4236.8696,4159.514,4164.879,4178.6436,4201.6064
11420.419,11357.615,11263.51,11248.317,11123.553,11309.084,11325.281,11309.882,11222.323,11281.637,11273.133,11302.586,11330.991,11366.767
13000.551,12989.975,12995.616,13004.242,13007.436,13056.043,13082.197,13071.795,13024.41,13027.955,13062.846,13081.294,13092.614,13115.926
9898.272,10072.758,10020.338,9991.345,10001.828,10109.849,10076.254,10084.092,9996.999,10053.48,10135.003,10080.116,9991.332,10109.016
3056.002,3068.8613,3064.6736,3111.2722,3099.1538,3138.4736,3114.8994,3079.2002,3123.4053,3192.278,3197.0442,3206.4644,3239.2776,3208.2424
12251.683,12204.679,12191.349,12174.71,12143.424,12198.531,12208.013,12223.533,12199.443,12200.011,12185.6045,12206.781,12223.205,12234.229
1088.3375,1084.1613,1083.0857,1081.608,1078.8721,1083.6793,1084.5408,1085.9943,1083.8302,1083.8418,1082.6163,1084.4934,1085.9597,1086.9604
11880.754,11820.57,11803.217,11843.5205,11825.848,11859.457,11829.866,11828.847,11758.712,11799.275,11809.197,11859.355,11901.412,11898.347
11910.721,11855.901,11827.335,11824.884,11810.016,11853.965,11842.27,11858.942,11829.717,11848.118,11837.808,11857.465,11879.635,11907.905
2609.0786,2593.0305,2570.1624,2554.3132,2525.3867,2559.794,2620.7495,2629.253,2672.2808,2613.962,2560.2224,2520.1892,2578.806,2490.8481
12051.611,11996.081,11966.905,11964.422,11949.248,11993.986,11982.175,11998.85,11969.076,11987.663,11977.179,11997.152,12019.424,12048.104
10679.146,10624.866,10609.917,10646.172,10630.112,10660.148,10633.901,10632.653,10570.489,10606.152,10615.947,10660.053,10698.473,10695.926
12639.994,12668.028,12682.867,12687.456,12674.7,12695.973,12697.8545,12673.099,12664.031,12648.573,12664.5,12680.422,12705.346,12696.161
19561.5,19500.104,19472.771,19305.39,19312.982,19466.732,19439.195,19425.818,19372.588,19405.377,19452.412,19530.889,19563.826,19614.658
2921.781,2961.2292,2960.586,2977.3054,3136.2065,2994.8242,2954.9902,2953.8008,3266.4324,3255.6309,3189.447,2911.0637,2972.3745,2963.287
18096.39,18101.447,17834.404,17794.135,17638.469,17779.97,17694.965,17661.201,17585.68,17642.344,17598.086,17628.729,17676.531,17738.475
19181.686,19092.602,18973.963,18864.088,18742.107,18923.732,18881.342,18953.164,18920.273,18919.555,18872.443,18948.305,19023.803,19018.666
19285.592,19196.041,19076.783,18966.28,18843.977,19026.277,18983.586,19055.73,19022.652,19022.033,18974.512,19050.695,19126.572,19121.492
13691.507,13671.124,13647.585,13588.121,13553.19,13632.271,13573.267,13582.792,13565.615,13589.604,13606.489,13652.777,13685.598,13667.857
7988.1763,8176.746,8301.668,8264.433,8347.411,8311.568,8292.654,8247.145,8337.297,8396.832,8410.65,8328.714,8355.604,8368.203
8263.843,8342.484,8528.691,8463.214,8561.797,8483.091,8455.833,8326.651,8512.708,8611.546,8614.339,8505.198,8589.868,8581.741
2524.3777,2518.3376,2495.7183,2417.7112,2399.5498,2501.5938,2574.0112,2592.4282,2507.4114,2396.6365,2355.8574,2361.3896,2375.0706,2363.3188
1183.4751,1180.1055,1209.2802,1178.4164,1178.4445,1167.6434,1191.272,1185.7208,1194.5846,1223.0934,1241.3917,1185.55,1224.6962,1230.8862
1368.797,1357.804,1363.0779,1357.2273,1355.6519,1340.2448,1341.3175,1348.992,1355.5994,1353.157,1345.3214,1329.789,1326.773,1326.2117
1303.1945,1307.0925,1332.0066,1320.127,1334.5728,1321.3462,1323.1858,1323.9541,1340.9762,1364.9438,1380.5645,1344.291,1365.1549,1372.2245
799.7958,808.8763,873.8668,896.0509,971.98987,976.4342,1126.3578,1118.9169,1199.8767,1027.0364,1115.9241,1214.4517,1253.8337,1159.0864
1284.8948,1288.7366,1313.2993,1301.5815,1315.8336,1302.7943,1304.6157,1305.3619,1322.1412,1345.7617,1361.1748,1325.4194,1345.9833,1352.9495
1381.6458,1401.7864,1406.5885,1394.7285,1374.7064,1379.096,1380.2535,1367.5289,1373.304,1394.1482,1404.2015,1376.544,1398.9059,1409.3579
1200.2532,1196.8342,1226.4127,1195.1254,1195.1366,1184.1914,1208.1375,1202.5345,1211.5112,1240.4346,1258.9751,1202.3541,1242.0618,1248.3353
1037.7651,1062.7579,1083.4193,1066.2693,1073.6449,1062.4553,1059.7572,1032.308,1069.769,1110.9468,1099.5123,1032.9099,1072.2313,1102.9678
1473.9612,1495.4514,1500.5817,1487.9005,1466.5553,1471.2406,1472.4813,1458.904,1465.0721,1487.2998,1498.0315,1468.5189,1492.3834,1503.5326
1453.4064,1474.5897,1479.6465,1467.1641,1446.1038,1450.7177,1451.9381,1438.545,1444.6241,1466.549,1477.1292,1448.0284,1471.551,1482.5475
1345.846,1355.5719,1374.0332,1322.608,1341.8641,1329.9507,1362.0721,1359.2527,1373.8408,1381.6665,1383.6322,1337.4445,1375.4734,1388.782
1415.679,1425.9056,1445.3322,1391.2449,1411.5176,1398.9751,1432.7589,1429.7854,1445.1353,1453.3671,1455.4391,1406.8529,1446.854,1460.853
1304.1537,1301.4039,1300.8616,1278.9911,1286.9812,1294.3289,1302.8734,1302.4392,1303.4712,1298.9497,1293.0222,1282.3146,1282.9093,1271.5791
1124.982,1121.7662,1149.5042,1120.1606,1120.1858,1109.9224,1132.3763,1127.1189,1135.54,1162.6427,1180.0319,1126.9513,1164.1726,1170.0536
1456.9158,1454.324,1487.0175,1459.9784,1508.8109,1458.6954,1475.644,1461.9744,1472.5465,1500.4291,1523.6342,1478.6533,1510.6815,1521.7725
1435.6771,1446.061,1465.7533,1410.9021,1431.4528,1418.7458,1453.008,1450.0013,1465.5607,1473.9072,1475.9985,1426.7393,1467.3026,1481.505
1532.7219,1529.9952,1564.4012,1535.9468,1587.3333,1534.6016,1552.4363,1538.0505,1549.1666,1578.5101,1602.9315,1555.6019,1589.2916,1600.9547
1353.8203,1280.6031,1335.3579,1350.6145,1395.6567,1323.1112,1290.1068,1287.8926,1309.017,1298.5017,1309.8353,1302.2941,1300.7354,1304.1895
1403.1063,1409.9468,1434.8318,1388.2048,1415.3097,1400.9297,1420.6643,1409.203,1424.8923,1444.5061,1451.951,1402.0997,1441.9264,1454.958
1498.0371,1505.3408,1531.92,1482.1332,1511.0731,1495.7224,1516.7892,1504.5579,1521.3105,1542.2515,1550.2021,1496.9834,1539.4935,1553.4058
4534.7354,4498.607,4484.9453,4417.046,4405.3613,4374.2563,4426.5938,4451.2803,4480.118,4486.9917,4473.6543,4432.2324,4473.093,4464.7925
6424.1826,6540.673,6625.0986,6595.1704,6661.358,6632.67,6620.6484,6600.1465,6658.2026,6700.6987,6703.812,6636.6436,6657.056,6663.5293
10120.728,10228.788,10258.511,10240.695,10259.167,10254.401,10239.584,10238.61,10260.54,10311.097,10305.312,10230.228,10271.446,10279.551
9084.547,9181.594,9208.309,9192.322,9208.928,9204.648,9191.361,9190.463,9210.149,9255.49,9250.353,9182.949,9219.954,9227.187
2834.323,2834.4468,2822.3083,2807.2852,2817.8743,2777.3757,2784.438,2817.3394,2818.0269,2797.2573,2742.4856,2715.9453,2698.0232,2708.0479
10585.45,10686.83,10893.565,10832.427,10913.026,10845.918,10780.33,10669.34,10864.766,10983.256,10996.87,10934.146,10963.446,10948.163
15178.006,15042.418,14914.638,15173.185,15085.888,15123.304,14980.445,15116.134,14831.7,14645.615,14645.751,15112.692,14889.3955,14446.126
13955.943,13994.834,14093.353,14093.577,14002.748,13835.625,13650.302,13749.543,13782.547,13834.988,13741.139,13685.424,13735.283,13749.2
1039.7915,1019.25574,1002.4311,1008.76587,1009.2634,994.99524,1022.62976,1001.8485,947.7988,1001.10144,1049.5294,1057.1876,1062.3528,1051.6874
9964.356,10053.414,10121.562,10043.647,10083.956,10073.853,10110.868,10096.293,10138.926,10223.572,10178.151,10069.071,10133.122,10123.524
950.0494,959.15125,977.7068,972.21484,979.45325,973.4376,967.55145,957.5848,975.12317,985.7572,986.9723,981.33813,983.98,982.6021
10335.25,10446.148,10541.671,10461.519,10521.177,10493.313,10491.614,10482.195,10535.761,10674.545,10633.735,10476.88,10544.083,10514.209
927.5836,937.53,946.1007,938.9105,944.2629,941.76355,941.6074,940.7697,945.5712,958.027,954.3544,940.28357,946.3194,943.63776
10350.566,10461.511,10557.177,10476.903,10536.675,10508.738,10507.042,10497.67,10551.265,10690.252,10649.31,10492.233,10559.603,10529.671
7978.6235,8166.927,8291.679,8254.509,8337.346,8301.58,8282.713,8237.225,8327.272,8386.714,8400.534,8318.667,8345.583,8358.154
8698.395,8782.325,8824.64,8800.521,8840.6,8830.264,8822.073,8814.685,8832.246,8871.516,8864.365,8796.04,8839.563,8838.06
9980.668,10126.513,10365.921,10260.763,10263.078,10307.157,10405.085,10251.902,10455.802,10516.072,10508.546,10298.758,10467.246,10494.617
2102.567,2089.237,2101.6875,2101.7266,2105.3564,2106.01,2114.0747,2101.477,2095.776,2092.0835,2106.9058,2108.051,2111.7754,2101.6724
9065.569,9151.883,9356.061,9284.329,9392.461,9306.152,9276.156,9134.526,9338.548,9446.95,9450.057,9330.361,9423.213,9414.349
8708.754,8792.771,8835.178,8810.996,8851.22,8840.827,8832.666,8825.26,8842.838,8882.197,8875.043,8806.563,8850.155,8848.636
4086.5454,4258.553,4256.5737,4208.952,4203.39,4320.7754,4348.4497,4264.358,4273.5615,4240.629,4259.0557,4247.4907,4282.377,4261.5986
9400.706,9507.608,9594.0625,9514.856,9552.718,9544.497,9586.854,9561.373,9609.122,9689.02,9642.452,9510.828,9593.485,9581.636
9968.614,10114.29,10353.476,10248.407,10250.607,10294.704,10392.584,10239.555,10443.251,10503.433,10495.8545,10286.353,10454.667,10481.9795
9098.502,9231.451,9449.776,9353.848,9355.896,9396.074,9485.457,9345.775,9531.728,9586.653,9579.7705,9388.471,9542.133,9567.095
20355.545,20417.236,20365.55,20484.654,20469.832,20480.713,20713.486,20582.55,20513.244,20424.018,20187.473,20527.955,19918.674,19547.193
9412.049,9519.021,9605.559,9526.263,9564.174,9555.9375,9598.33,9572.824,9620.588,9700.515,9653.947,9522.25,9605.002,9593.13
9192.407,9307.275,9417.963,9340.115,9357.138,9365.899,9356.803,9341.273,9406.125,9539.201,9489.061,9355.902,9419.796,9405.599
1693.5585,1676.6504,1679.098,1682.0094,1663.9835,1663.28,1669.0217,1672.9363,1663.7576,1660.4811,1664.3446,1669.3817,1670.8795,1665.1769
1632.488,1659.3885,1661.933,1641.0851,1663.2131,1660.2445,1656.5203,1639.4452,1652.1357,1667.1547,1666.2002,1643.6655,1655.7968,1665.0104
1083.2506,1084.4164,1088.8499,1089.4506,1085.3376,1102.3418,1110.8265,1105.9963,1099.938,1091.2938,1089.7267,1089.532,1090.9431,1104.5576
1218.698,1222.5588,1222.8525,1224.968,1242.376,1241.9374,1291.2902,1277.9586,1282.8123,1258.435,1258.1992,1261.8561,1243.2152,1249.537
1411.6211,1412.0305,1424.624,1421.8865,1402.0245,1404.8236,1389.4102,1386.7358,1391.238,1418.6814,1431.9291,1420.198,1419.532,1412.7562
1312.1309,1320.1519,1320.681,1332.9957,1349.9757,1341.8964,1337.2501,1335.276,1338.5607,1342.9225,1340.7365,1334.602,1338.445,1337.7408
1071.5703,1071.8689,1075.7955,1076.459,1071.4075,1089.5197,1100.1277,1094.5681,1087.7126,1078.9093,1077.1965,1077.0455,1078.2544,1093.4586
1167.1221,1172.3232,1172.2394,1172.2704,1169.2706,1181.5239,1201.235,1203.1277,1199.7601,1185.1122,1173.9729,1179.2008,1179.5839,1189.6892
1129.315,1130.2821,1131.645,1145.5586,1156.4644,1154.8213,1161.2085,1161.9172,1162.7074,1157.8918,1158.3032,1161.9592,1163.2573,1164.283
1149.7507,1151.3087,1149.2891,1146.0033,1156.6326,1170.4089,1222.1727,1200.5374,1206.2216,1172.2461,1166.4572,1175.8094,1168.2191,1183.8999
2174.7085,2180.3518,2176.9592,2174.3293,2179.6472,2182.6973,2192.518,2181.6477,2181.5767,2184.8364,2181.6719,2175.0325,2185.726,2187.698
1206.3613,1209.2567,1209.375,1209.944,1228.5306,1229.2197,1279.1365,1264.8171,1269.3928,1245.1085,1241.2998,1244.8943,1228.3047,1236.9932
1155.6815,1160.6096,1160.1066,1160.5258,1157.0251,1169.9056,1190.165,1192.4286,1188.6147,1173.2891,1162.3788,1167.3525,1168.169,1178.835
1071.3568,1070.9265,1069.4606,1077.5323,1087.0941,1104.7389,1107.6658,1106.9076,1108.3063,1103.59,1102.653,1106.0673,1108.8535,1110.9462
1142.8348,1146.6833,1147.5636,1150.0955,1152.7737,1164.0983,1176.6888,1176.5807,1174.4745,1163.939,1161.6044,1166.8683,1166.1434,1168.1938
958.21497,961.94806,962.5534,961.3312,955.4197,968.1301,987.2186,987.8707,984.8845,972.0698,963.49255,966.6721,967.3076,976.3689
976.0001,976.268,981.0509,981.2597,975.9667,991.76825,1001.8401,995.7757,989.8055,982.02704,981.3507,980.12115,981.50256,995.08154
942.3278,939.7077,943.61145,958.96106,986.59576,991.71576,995.4168,974.8486,971.03534,967.9429,970.2659,973.1729,975.59845,976.30396
1078.3893,1080.9899,1077.8206,1079.6454,1079.9556,1094.5154,1115.5884,1115.0457,1113.0759,1104.2638,1099.5277,1105.0262,1102.1458,1107.2589
1077.2563,1080.7007,1080.7557,1074.0042,1060.3431,1077.3881,1103.8989,1096.0735,1087.512,1082.5209,1091.7906,1096.9906,1090.6593,1106.6498
15842.311,15898.294,15961.4375,15979.702,15937.288,15967.862,15995.383,15959.235,15918.945,15924.321,15997.622,16012.143,15992.301,15994.833
15614.955,15671.95,15737.3545,15755.978,15710.649,15739.915,15772.595,15734.578,15691.796,15698.586,15775.028,15789.307,15770.855,15773.928
9457.389,9494.021,9479.542,9458.72,9451.453,9457.463,9469.02,9464.614,9456.936,9449.358,9418.274,9400.241,9403.235,9436.455
11647.478,11646.331,11585.126,11602.211,11436.862,11577.474,11710.452,11569.549,11504.497,11512.632,11539.1455,11511.331,11570.162,11631.451
5754.333,5679.918,5481.3613,5780.1157,5850.978,6023.765,5875.539,5388.521,5492.5967,5717.3916,5577.308,5867.3657,6676.6704,6540.1147
11111.004,11098.625,11054.338,11031.795,10882.712,11014.498,11102.686,11001.984,10967.956,10970.56,10992.714,10944.7295,11043.003,11074.953
5979.132,5871.33,6004.8306,6004.2544,6102.5776,5967.871,5982.493,5903.338,5951.8857,6016.305,6106.732,6089.73,6033.9067,5981.486
10384.042,10428.445,10369.05,10557.668,10213.473,10165.909,10410.88,10376.191,10027.217,10080.53,10152.524,10277.226,10211.08,10203.018
8506.159,8480.336,8463.713,8490.291,8471.111,8448.924,8460.881,8436.249,8386.603,8373.673,8421.22,8462.759,8443.634,8448.884
12468.136,12443.122,12473.594,12506.082,12489.736,12484.61,12487.664,12453.134,12449.277,12448.683,12468.743,12473.615,12466.442,12453.519
11765.628,11762.955,11702.919,11725.987,11561.625,11700.012,11837.684,11695.167,11622.97,11630.07,11660.3,11633.062,11686.225,11745.634
13486.09,13444.755,13596.567,13534.093,13463.5625,13562.605,13778.792,13654.496,13686.105,13456.337,13649.074,13635.49,13609.371,13616.584
12319.236,12284.331,12309.005,12283.23,12279.479,12286.834,12297.764,12290.234,12293.024,12283.494,12289.726,12286.34,12288.842,12283.493
12750.039,12717.334,12861.486,12752.787,12663.368,12792.386,12974.357,12885.597,12926.923,12684.706,12873.124,12798.113,12836.736,12871.475
12643.604,12781.635,12772.263,12784.86,12878.419,12886.169,12861.92,12878.639,12886.924,12885.252,12885.923,12877.394,12885.502,12876.777
6346.1914,6390.546,6365.27,6365.581,6332.885,6384.434,6395.11,6410.5947,6361.378,6408.2935,6429.255,6408.691,6406.652,6454.6553
12345.767,12321.407,12353.43,12383.863,12365.625,12359.521,12362.368,12334.343,12329.472,12330.311,12348.309,12352.879,12346.048,12335.368
14004.523,14000.799,14149.209,14078.833,14002.888,14101.12,14336.541,14196.091,14233.466,13995.0,14170.721,14200.357,14130.738,14140.323
13076.173,13168.996,13071.008,13038.791,12802.569,13013.281,13248.461,13013.436,12875.966,12897.513,12924.312,12897.061,12982.086,13080.302
10924.365,10762.534,10612.196,10875.679,11001.82,10902.477,10917.424,10668.196,10474.636,10478.26,10419.892,10625.495,10605.765,10511.279
13996.767,14073.159,14010.087,14009.873,13762.523,14024.216,14263.438,13995.122,13773.417,13796.119,13860.247,13851.657,13883.061,14066.479
13644.432,13641.96,13644.199,13612.691,13561.776,13587.73,13657.395,13657.218,13648.961,13611.126,13611.284,13617.191,13614.37,13622.677
13834.092,13829.453,13977.85,13900.486,13820.036,13926.046,14157.468,14021.728,14061.431,13818.943,13996.071,14021.182,13955.758,13969.165
14660.917,14711.136,14781.534,14797.229,14732.878,14761.435,14817.19,14766.539,14721.633,14734.237,14821.922,14838.305,14824.83,14828.209
12767.267,12781.04,12791.486,12754.04,12716.979,12728.353,12785.441,12801.799,12795.291,12757.045,12755.112,12760.862,12755.88,12763.037
6400.086,6398.4897,6361.3237,6407.681,6459.1777,6468.4185,6433.834,6417.406,6431.1685,6438.9194,6419.5835,6425.8716,6434.7456,6442.081
13254.2,13242.338,13256.998,13234.313,13224.655,13234.371,13244.238,13239.122,13241.301,13233.409,13237.855,13236.226,13235.981,13236.533
13879.947,13852.785,13912.27,13936.498,13934.694,13920.391,13961.845,13874.158,13857.268,13860.143,13877.673,13884.011,13879.108,13875.902
14650.793,14612.085,14668.451,14711.735,14723.033,14694.7705,14744.126,14604.734,14602.395,14601.335,14632.921,14639.907,14629.402,14606.345
9673.534,9620.926,9633.487,9629.832,9668.468,9702.892,9701.258,9648.586,9653.477,9621.881,9624.995,9633.508,9647.999,9622.794
901.75024,901.7109,899.82245,894.8017,903.51685,914.50073,959.96906,936.2796,941.2961,908.72107,911.10016,914.11597,910.8053,923.7344
1020.4651,1021.5701,1022.6955,1032.365,1039.9076,1041.8445,1052.2097,1048.3761,1050.5442,1046.4512,1047.3865,1050.2443,1051.5287,1052.0527
713.8445,711.4979,712.4238,711.7574,708.5829,708.3503,709.6018,708.5434,710.4485,707.7838,707.9853,708.16705,708.87946,707.06604
947.5152,951.2169,951.3631,950.5625,944.3849,957.3807,976.95233,977.78937,974.41364,961.18097,952.51154,955.5146,956.3677,966.1016
950.6321,951.9057,951.71655,947.59796,965.35834,964.9533,1009.5306,992.0861,996.65466,972.2892,972.9801,972.15576,962.5166,970.64905
992.9874,995.73083,997.4234,997.8084,997.3845,1005.0552,1023.70984,1021.92834,1019.4225,1009.34,1007.8562,1010.8564,1010.6097,1013.1988
1312.8052,1325.9799,1331.3262,1339.6135,1337.3921,1335.9816,1326.6802,1327.6082,1330.1174,1348.5953,1344.7439,1330.875,1332.2678,1333.818
931.4624,932.8484,930.7682,929.957,928.4062,941.1362,964.78613,961.59045,958.8952,949.98145,945.499,948.88947,947.52423,954.3197
1377.0245,1385.311,1393.6171,1391.8678,1387.4492,1389.5269,1393.5779,1386.1742,1383.4043,1390.6772,1401.2906,1395.4202,1391.0883,1391.2816
11331.012,11380.096,11412.705,11492.571,11262.627,11333.867,11311.249,11345.436,11193.929,11422.7,11270.57,11385.617,11240.656,11215.011
9513.083,9542.544,9570.741,9540.215,9520.6875,9536.527,9550.412,9518.331,9510.976,9560.51,9600.639,9555.771,9552.202,9542.803
8738.276,8819.06,8907.35,8881.095,8857.58,8863.728,8895.6455,8838.572,8822.605,8901.275,9015.014,8955.368,8912.46,8907.729
516.6932,519.93353,520.7427,519.8771,517.03516,511.88425,512.7682,520.9588,523.123,521.7177,520.3117,521.87604,522.91315,522.0876
11017.624,11125.407,11260.535,11212.737,11147.764,11159.201,11289.446,11211.718,11231.132,11234.805,11438.775,11289.468,11239.745,11258.671
8870.109,8943.544,9022.008,8996.458,8977.21,8983.009,9008.096,8960.316,8948.015,9014.56,9121.019,9069.567,9023.248,9016.68
3905.3203,3635.705,3182.04,3105.5688,1874.1953,3806.3188,4834.761,4632.3843,1983.8257,3443.7778,2587.6982,3379.0815,5060.127,6652.17
1027.3597,1031.3888,1034.1555,1030.4064,1027.2194,1027.9537,1032.3503,1031.4894,1032.0743,1033.5544,1039.2832,1034.1622,1030.4032,1031.2393
888.39124,892.37897,896.79407,893.03894,890.48315,892.80896,896.0931,890.66425,888.5909,895.6852,901.18567,895.00104,895.4059,895.9229
1014.66815,1018.8537,1021.89996,1017.7668,1014.0186,1014.9214,1020.1411,1019.20746,1019.5368,1021.40393,1026.0486,1021.2182,1018.1738,1019.00854
10864.204,10970.544,11105.826,11060.937,10992.764,11008.583,11142.948,11061.111,11079.473,11088.779,11292.189,11146.509,11095.495,11111.338
817.91833,827.0726,838.3874,836.32697,828.66174,832.30707,840.682,829.4935,822.6496,838.55304,854.74774,846.4508,843.1753,842.31146
541.25604,547.5955,546.1846,542.7207,543.494,545.97437,547.16516,545.6599,545.7896,545.74274,542.1533,538.24396,537.12537,545.6687
9978.011,10015.009,10079.848,10086.557,10059.22,10039.037,10057.112,10002.822,9982.993,10033.739,10108.429,10097.045,10045.321,10024.829
10119.425,10151.954,10215.6,10219.71,10191.942,10169.045,10188.538,10135.612,10123.021,10167.389,10238.373,10233.467,10175.469,10152.955
1008.3073,1012.8383,1018.07,1014.18713,1012.8755,1011.8405,1014.57446,1011.3975,1011.65533,1015.6771,1023.0528,1018.1921,1013.96576,1012.9948
935.5215,942.19977,950.71313,952.3286,948.8052,945.3508,951.6061,942.1586,934.0746,946.0924,954.7768,952.2532,949.9085,945.4574
995.9583,1000.54144,1005.63715,1001.9317,999.922,999.58997,1002.52734,999.12195,999.17316,1003.5539,1010.60803,1005.7271,1001.8363,1000.80457
725.87915,723.047,726.26044,722.99817,717.15546,721.13763,719.5711,723.1745,724.06323,726.3262,727.1405,722.2755,717.4989,713.20605
943.35406,948.1576,953.0369,949.14,946.52655,947.14435,952.2123,948.03705,944.981,951.3576,957.9364,953.29755,950.60986,949.8733
673.3544,685.1243,685.0248,687.6634,683.47864,689.12695,678.9526,685.6434,687.1074,693.1762,697.9478,706.1862,704.77045,701.02216
12178.887,12249.863,12380.506,12327.629,12273.82,12277.918,12453.692,12322.041,12346.997,12329.35,12455.826,12339.922,12300.587,12344.622
1199.81,1201.1356,1202.9337,1198.4966,1195.8235,1197.9104,1201.2327,1196.5297,1195.4962,1199.474,1203.0686,1197.6239,1197.5574,1199.6804
11782.255,11801.566,11823.195,11785.1875,11768.828,11773.823,11806.376,11792.28,11795.274,11802.7,11836.521,11795.86,11780.495,11787.322
11996.117,12070.77,12200.669,12152.105,12091.088,12101.334,12281.244,12147.433,12169.32,12155.376,12273.245,12163.288,12123.817,12167.434
11163.967,11240.157,11384.597,11335.552,11188.659,11302.283,11502.873,11348.306,11335.235,11353.955,11485.814,11389.525,11351.974,11388.023
1162.1191,1164.3716,1166.2532,1162.8174,1160.7712,1161.3453,1165.0627,1163.6573,1163.8291,1164.5792,1167.0972,1163.6626,1162.4004,1163.0897
1090.6323,1096.2653,1100.4602,1095.2351,1091.223,1091.9064,1099.899,1097.2389,1095.8483,1097.9686,1099.4288,1096.2213,1095.1115,1095.8422
772.65137,768.5759,769.3097,770.36066,760.0053,765.6402,773.0398,770.76746,770.4491,770.24005,770.8837,767.06116,774.1427,772.9815
1278.7439,1279.6301,1283.6887,1283.3658,1280.0189,1278.3818,1280.577,1275.6234,1275.215,1278.1974,1282.2605,1279.849,1277.6606,1277.6173
1188.5421,1183.0095,1170.9996,1185.4603,1176.3698,1174.3131,1158.2505,1161.4028,1156.3854,1160.1559,1154.3535,1168.1526,1166.8484,1169.1036
858.9945,870.85645,866.8254,874.2528,854.6584,867.8821,858.05096,864.68225,853.8939,856.37335,870.07654,873.01575,870.2844,854.0875
1184.081,1187.1625,1190.891,1190.7512,1188.5652,1187.5797,1189.8071,1186.9641,1184.9137,1188.0713,1190.0872,1189.0798,1188.5432,1188.3163
1224.4814,1225.0713,1228.9102,1224.3812,1222.9578,1223.2588,1225.3026,1222.4487,1222.9388,1225.8845,1229.1958,1225.3927,1223.3177,1223.0288
2021.5479,2022.8955,2036.0587,2036.9645,2041.8842,2045.0166,2038.5891,2034.2102,2036.8997,2041.4559,2051.3167,2056.3418,2061.8264,2061.1492
1089.0809,1090.3141,1097.7389,1096.3135,1087.825,1100.136,1086.8279,1097.7113,1103.1829,1105.0836,1090.9418,1094.8827,1095.2212,1090.5565
1929.9725,1931.2533,1943.8186,1944.6869,1949.3776,1952.3645,1946.2336,1942.0581,1944.6309,1948.9707,1958.3793,1963.1774,1968.4133,1967.7634
1404.673,1406.1768,1414.7604,1415.541,1418.9816,1421.0804,1416.6735,1413.5607,1415.3267,1418.9786,1425.3739,1428.0494,1432.3763,1432.2555
1454.9681,1456.5299,1465.422,1466.2325,1469.7982,1471.9731,1467.4045,1464.1787,1466.0089,1469.7942,1476.422,1479.1958,1483.6771,1483.5518
1695.531,1692.2638,1695.2032,1690.1573,1692.9901,1694.2185,1697.6224,1697.3197,1698.2999,1694.8763,1695.8763,1694.8911,1701.1251,1702.1353
1568.2126,1554.3256,1561.2084,1555.3925,1557.3129,1564.0508,1559.0317,1552.3696,1556.7637,1559.2537,1562.4569,1559.2521,1566.4446,1567.6998
1513.8829,1500.4827,1507.1237,1501.5104,1503.3623,1509.8733,1505.0206,1498.5914,1502.8295,1505.2345,1508.3328,1505.239,1512.1829,1513.3995
1539.396,1547.7173,1554.7423,1561.0641,1558.0216,1562.1978,1562.6558,1563.9574,1565.576,1557.1648,1560.5071,1560.8652,1564.9086,1566.7639
1552.7115,1556.2329,1567.6224,1566.6748,1578.7653,1577.6633,1587.1954,1574.1283,1577.3491,1570.2134,1581.6536,1579.993,1585.0717,1586.3732
1747.3055,1751.2793,1764.0979,1763.0298,1776.6368,1775.3976,1786.1221,1771.4166,1775.0436,1767.0131,1779.8922,1778.0204,1783.735,1785.2004
1605.1653,1600.8933,1603.6436,1600.5568,1605.3696,1605.5315,1602.9553,1601.1583,1603.5897,1602.8353,1604.8295,1603.3344,1608.4806,1608.1632
1345.7999,1333.8842,1339.7882,1334.7982,1336.446,1342.2363,1337.9213,1332.2024,1335.9712,1338.1099,1340.863,1338.1167,1344.2891,1345.3687
1248.9293,1250.2844,1257.9025,1258.604,1261.6495,1263.519,1259.5995,1256.8566,1258.4208,1261.6597,1267.3291,1269.6985,1273.5361,1273.4288
1663.7006,1656.3168,1662.1986,1665.8883,1673.7805,1672.206,1665.8564,1657.9178,1657.2251,1657.8615,1664.2206,1665.4679,1673.1298,1667.4672
1454.8037,1452.0034,1454.5226,1450.1969,1452.6265,1453.684,1456.6,1456.3425,1457.18,1454.2463,1455.1016,1454.2607,1459.6078,1460.4799
1139.8041,1141.5104,1141.3994,1143.1357,1139.4525,1139.687,1136.4613,1140.2595,1139.793,1144.04,1141.4531,1142.5751,1140.5919,1138.8838
1606.0828,1598.9594,1604.6309,1608.1913,1615.8081,1614.2875,1608.1606,1600.5027,1599.8341,1600.4486,1606.5814,1607.784,1615.1791,1609.7136
2198.6455,2180.169,2188.6094,2180.8762,2183.7134,2192.7217,2185.875,2175.8901,2183.684,2186.5916,2189.945,2185.365,2195.5312,2196.7354
1427.7505,1421.4176,1426.4629,1429.6279,1436.397,1435.0486,1429.6022,1422.7943,1422.197,1422.7422,1428.1979,1429.2673,1435.8419,1430.9844
1662.8239,1658.3992,1661.2462,1658.0529,1663.0355,1663.2048,1660.534,1658.6735,1661.1909,1660.4089,1662.4752,1660.9286,1666.2571,1665.9277
2281.3694,2262.203,2270.9556,2262.934,2265.8774,2275.2188,2268.115,2257.7598,2265.847,2268.8633,2272.3406,2267.5867,2278.1348,2279.3843
1276.4393,1288.398,1281.9465,1287.4435,1291.3921,1292.3531,1286.3899,1283.4218,1289.3706,1289.064,1291.2452,1290.5957,1291.6747,1288.6422
2340.7104,2330.9382,2338.444,2343.4023,2354.4282,2352.248,2343.2126,2333.27,2332.585,2332.1624,2340.9883,2343.0884,2353.716,2345.1953
2224.4116,2228.6433,2244.4055,2243.0488,2258.5044,2257.6975,2270.5,2253.087,2256.9807,2246.9192,2262.799,2261.6045,2267.863,2269.3577
2248.5247,2244.2776,2247.9026,2241.3535,2245.0693,2247.0298,2251.4846,2249.6333,2252.4656,2246.9753,2248.3809,2247.0806,2254.4468,2255.5396
1294.5549,1297.9595,1294.8765,1291.251,1286.7438,1287.2917,1283.9482,1287.4902,1289.7643,1290.5353,1289.8324,1289.489,1287.0314,1289.5333
1779.1266,1779.792,1780.7855,1781.8942,1780.6228,1777.1453,1778.3787,1783.3021,1782.2749,1782.9564,1787.7639,1794.1954,1790.6907,1780.4796
2308.4238,2312.8213,2329.1763,2327.7744,2343.8135,2342.9739,2356.264,2338.1978,2342.2354,2331.7864,2348.2705,2347.037,2353.5251,2355.0754
2331.845,2325.8857,2329.373,2325.5322,2332.155,2331.9216,2328.2783,2325.9304,2329.669,2328.5308,2330.7498,2329.1377,2335.8481,2335.0564
2247.1936,2241.4487,2244.811,2241.1106,2247.494,2247.268,2243.7585,2241.495,2245.0967,2244.0,2246.1406,2244.5857,2251.0537,2250.2898
2552.543,2519.5215,2525.2068,2595.4531,2573.8818,2474.789,2475.2012,2521.716,2556.6277,2510.8604,2442.5327,2416.8262,2454.0007,2418.1558
2166.9104,2162.8193,2166.312,2159.9983,2163.5808,2165.4692,2169.7595,2167.9795,2170.7107,2165.4165,2166.771,2165.516,2172.6191,2173.673
1837.6931,1839.3806,1844.0751,1836.9716,1833.3138,1835.89,1840.7106,1835.9071,1829.7183,1832.8284,1828.5717,1821.8517,1824.1508,1832.4362
709.8727,711.4156,709.1704,703.70526,680.8094,677.26324,655.2961,682.20294,700.04736,711.2162,687.0864,677.81323,676.6806,681.8836
2850.0356,2902.8652,2863.85,2846.5513,2821.2617,2862.7952,2894.6182,2891.6914,2893.1738,2882.528,2854.221,2871.69,2887.4058,2910.1414
5715.6294,5710.1675,5769.728,5757.6753,5739.5356,5678.9956,5736.4814,5709.347,5761.541,5761.8164,5759.81,5744.5854,5751.073,5738.681
8914.355,8998.223,8880.984,9014.528,8849.946,8928.575,9049.33,9042.067,9009.011,8908.265,8616.958,8784.642,8692.1,8854.617
11397.095,11516.311,11536.747,11571.37,11590.309,11582.5205,11504.977,11519.737,11537.825,11692.345,11670.154,11606.092,11677.719,11692.204
630.42346,630.94403,627.60144,634.12024,631.6563,630.7178,624.81134,629.10443,632.64746,625.27655,626.0018,626.4288,629.00995,624.63855
1539.6187,1562.6274,1561.9271,1554.8654,1550.4901,1559.619,1564.92,1557.8932,1550.0216,1561.8448,1570.5736,1570.036,1581.5967,1591.2662
1522.8203,1524.636,1521.447,1518.8816,1516.2722,1520.2899,1524.57,1520.5076,1514.261,1520.2423,1523.0369,1519.5376,1531.0768,1532.6454
1675.5255,1673.3462,1668.3557,1662.84,1657.3254,1667.56,1671.4503,1663.8208,1657.3658,1665.8168,1668.6671,1667.5491,1684.4619,1687.8591
1268.7981,1273.8258,1278.7428,1245.8701,1298.6017,1247.661,1294.9147,1302.1177,1336.19,1305.8005,1320.7156,1329.1215,1337.8976,1331.9811
1390.2593,1410.5808,1410.6862,1403.8445,1401.1489,1409.3602,1418.4329,1408.9185,1398.1263,1413.149,1425.2346,1421.197,1436.536,1439.0024
1468.6544,1480.4073,1480.8752,1475.6708,1473.8376,1480.056,1485.1692,1478.0852,1475.1553,1480.9803,1485.2616,1482.311,1492.84,1494.2747
1125.09,1133.2009,1119.195,1143.1588,1158.3341,1156.3328,1144.4388,1147.3196,1146.2412,1141.2279,1141.21,1162.4635,1185.0864,1159.1321
1611.4531,1619.5521,1617.9077,1603.838,1608.7316,1608.8302,1614.9646,1612.9165,1608.735,1613.7819,1616.4132,1611.994,1623.3889,1623.4149
1610.1576,1618.1796,1616.4431,1613.6499,1616.0573,1615.2976,1618.37,1611.4987,1604.8187,1608.9269,1613.6721,1612.9794,1623.9434,1621.7645
1633.0623,1643.8909,1640.5135,1627.7866,1626.3368,1630.8359,1641.8308,1641.967,1638.2952,1640.0042,1639.8925,1635.8605,1648.8329,1651.4764
1802.2178,1810.664,1805.0703,1797.4379,1793.9689,1799.62,1807.8683,1808.9994,1805.495,1807.2684,1807.0321,1805.7166,1815.8135,1819.1812
1114.653,1119.9102,1112.8475,1119.4454,1131.2872,1131.926,1126.3972,1134.6018,1158.2596,1155.3353,1152.5703,1160.1349,1176.9775,1175.3503
1298.4495,1297.7836,1293.6072,1303.6525,1303.8365,1301.9415,1307.2126,1292.4884,1238.6475,1238.6991,1243.7394,1274.8334,1267.996,1274.4608
1644.2985,1651.0985,1653.8037,1646.0312,1642.2655,1652.2168,1655.7169,1651.0768,1644.8766,1653.6088,1657.9253,1658.2047,1670.3656,1666.1133
1561.3967,1560.5121,1557.7205,1550.4861,1547.8411,1558.3246,1563.1218,1552.1007,1545.175,1557.1222,1562.0135,1560.7809,1576.3647,1578.5417
1489.7711,1499.4487,1502.658,1493.2838,1494.6647,1502.9725,1509.8131,1498.3798,1495.6251,1505.2759,1512.133,1509.5314,1520.7649,1520.8735
1310.1447,1317.2571,1299.9546,1289.2814,1276.7018,1306.3458,1274.1633,1272.1902,1316.5128,1298.161,1259.2913,1263.5209,1285.3722,1288.2947
785.1096,792.9634,787.728,783.6962,783.39935,786.1033,782.7241,780.8494,779.4806,788.7967,787.1855,784.47656,784.7355,791.5278
1059.6875,1074.9177,1078.0905,1072.5461,1072.7687,1079.959,1083.765,1077.8684,1069.0253,1080.1918,1089.8354,1088.9733,1097.773,1105.0308
1720.2067,1722.5731,1723.5565,1705.3478,1702.0381,1724.0481,1739.4309,1724.6694,1706.5367,1713.2327,1734.8081,1726.0219,1758.0785,1763.0193
1598.9341,1602.6477,1600.8754,1595.2899,1596.6798,1598.8047,1603.1309,1600.374,1596.1155,1601.3167,1603.5096,1602.3555,1610.716,1609.8926
652.7822,963.15936,882.5922,909.5143,1035.7412,1056.2941,888.53973,1100.6134,1152.462,1086.1422,994.28436,953.7898,887.39014,907.9577
1412.1404,1408.3165,1409.1042,1410.7445,1418.5393,1426.8191,1434.0809,1430.092,1418.6893,1404.8005,1418.1951,1440.8269,1436.5638,1413.1487
1662.325,1667.8872,1667.6411,1665.1432,1667.7393,1666.5193,1669.5894,1662.84,1653.4473,1660.9384,1667.1433,1666.7484,1676.33,1673.561
1831.112,1836.6049,1835.8932,1833.6948,1834.1484,1835.3094,1836.5435,1831.5763,1824.433,1829.7229,1834.2075,1834.7802,1843.8888,1841.2229
1427.9147,1497.4202,1494.0898,1481.4062,1515.0398,1522.9954,1535.9641,1491.1359,1482.12,1473.5864,1475.1222,1467.8417,1509.234,1518.7278
1436.3926,1436.2157,1436.5885,1437.4054,1443.0914,1444.589,1448.949,1445.2203,1447.4976,1443.5684,1441.3231,1443.2235,1452.875,1452.1732
12917.467,12915.982,12922.754,12948.585,12974.742,12987.206,13018.872,13006.8125,13007.531,12974.683,12967.466,12998.947,13053.5625,13044.159
1401.2736,1427.635,1391.1093,1423.6403,1396.464,1396.6244,1365.1781,1374.2645,1371.937,1389.1206,1416.7917,1409.3121,1395.5619,1388.9884
1782.9855,1777.188,1783.0387,1773.4874,1799.1799,1788.7292,1818.6244,1804.1116,1810.0449,1785.36,1788.0182,1783.6047,1795.6814,1798.0786
1566.7798,1565.0479,1557.6246,1555.9613,1560.8125,1561.7649,1566.0723,1563.8748,1564.1478,1558.3713,1551.1995,1549.7644,1560.3264,1562.9617
1678.7605,1675.9614,1667.0115,1664.3477,1665.6874,1665.311,1669.3214,1674.1442,1678.819,1668.3759,1663.0089,1663.5328,1667.6215,1667.0354
1425.0862,1414.2897,1412.5052,1414.0795,1419.6318,1418.772,1418.1927,1410.2725,1410.1061,1406.7772,1405.6486,1409.7855,1412.896,1409.4675
1273.0344,1273.578,1272.7516,1274.7863,1281.6848,1282.4071,1285.5408,1281.2458,1285.1348,1279.3335,1276.5912,1279.4883,1289.3137,1287.8716
1581.2986,1575.2671,1582.8633,1571.6046,1598.9772,1587.5603,1616.5707,1601.3389,1608.6185,1585.2242,1589.8541,1583.4528,1596.0034,1598.5071
1491.0309,1490.2261,1481.1659,1477.3748,1480.5682,1479.7777,1483.7026,1487.0251,1491.9253,1481.3346,1475.0391,1475.481,1482.2334,1481.8799
1425.095,1426.2181,1425.2823,1428.4758,1431.8967,1433.2224,1437.3921,1435.3982,1436.0295,1431.4673,1430.831,1434.3447,1442.8995,1442.1538
1603.9226,1595.4323,1590.2609,1591.6904,1597.8477,1597.4419,1595.4253,1588.3821,1588.0978,1584.5736,1583.4047,1586.5377,1589.7091,1586.1444
1653.2656,1648.2782,1645.3723,1643.7708,1646.3167,1645.138,1645.5663,1646.6892,1648.7626,1645.5514,1642.8691,1643.1741,1645.8444,1644.4316
14293.465,14277.3545,14193.732,14194.802,14243.6455,14264.074,14304.34,14281.316,14280.554,14220.555,14118.318,14078.234,14228.674,14296.874
1265.5685,1267.2087,1267.0608,1269.5531,1273.6277,1274.2142,1276.6302,1273.8799,1275.7844,1271.0758,1270.6791,1272.8995,1280.6023,1279.7869
1470.2126,1464.1481,1461.6406,1459.9897,1462.8473,1461.6676,1461.8995,1462.2487,1464.4084,1461.2018,1458.3654,1459.2854,1462.2489,1461.1096
11103.453,11115.365,11113.908,11129.265,11163.527,11173.09,11196.926,11172.549,11184.691,11139.156,11129.595,11158.872,11229.403,11225.139
12488.418,12475.741,12426.859,12400.156,12424.507,12445.534,12456.02,12455.936,12444.503,12415.016,12365.926,12356.313,12434.664,12443.154
14470.83,14430.693,14469.555,14392.947,14596.485,14518.328,14747.857,14641.495,14675.922,14453.193,14478.278,14460.562,14544.78,14565.116
14063.889,14043.692,13970.113,13937.753,13947.086,13947.521,13979.996,14041.897,14070.222,13980.401,13924.859,13930.798,13958.052,13958.205
5400.6177,5380.147,5391.749,5425.031,5453.1924,5440.1055,5446.055,5423.405,5419.971,5378.518,5412.7627,5429.7,5457.3584,5452.388
12663.247,12623.798,12674.421,12586.451,12800.975,12715.548,12943.75,12825.366,12863.883,12660.887,12703.067,12672.003,12754.956,12775.494
9517.183,9525.111,9494.32,9494.225,9457.479,9500.151,9467.033,9522.469,9490.521,9485.637,9473.364,9505.954,9464.677,9468.094
12798.617,12741.553,12711.279,12692.826,12712.59,12707.035,12709.1875,12717.392,12730.197,12701.049,12680.71,12686.716,12706.515,12699.258
14073.377,13968.99,14064.753,14097.55,14065.204,14136.837,14117.21,14111.923,14021.346,13978.308,14026.425,14106.483,13971.832,13873.504
13408.46,13341.1875,13291.767,13303.581,13353.962,13354.3545,13341.131,13265.568,13258.057,13220.299,13209.723,13240.82,13271.269,13240.95
1579.9603,1575.6447,1580.798,1576.5516,1574.239,1582.0142,1580.7601,1575.489,1575.8726,1579.8716,1580.8193,1578.5941,1584.8483,1588.3732
1392.6366,1400.249,1407.9503,1406.039,1405.0563,1410.9431,1408.3745,1404.543,1404.8809,1410.4694,1418.6947,1419.0029,1420.9941,1422.4003
1534.4059,1544.5455,1549.5963,1548.7946,1546.0635,1542.0493,1546.0303,1558.6659,1564.361,1562.5612,1555.6566,1550.6626,1546.3972,1543.0139
2030.0668,2015.4922,2010.1149,2039.9772,2003.8267,2023.3939,2023.6222,2025.3097,1989.1815,1951.192,1966.1187,2031.8798,1996.1824,1966.7413
1501.5831,1506.6909,1524.281,1520.1387,1517.2239,1526.165,1536.5713,1522.2754,1519.5656,1526.958,1544.3992,1540.4763,1537.2706,1546.6058
1052.6582,1058.4181,1064.2391,1062.796,1062.0542,1066.5023,1064.5594,1061.6654,1061.9225,1066.1469,1072.3644,1072.5968,1074.0996,1075.1643
1250.9393,1247.5255,1251.6084,1248.245,1246.4141,1252.5684,1251.5768,1247.4033,1247.7084,1250.873,1251.6252,1249.8628,1254.8151,1257.606
1274.5096,1278.8416,1293.7708,1290.255,1287.7787,1295.3689,1304.1995,1292.0688,1289.773,1296.0466,1310.8455,1307.516,1304.794,1312.7174
1456.1956,1456.7233,1459.8466,1454.1697,1451.6257,1457.4485,1459.4515,1457.4376,1458.344,1459.0703,1460.4314,1459.9921,1462.6582,1464.1014
1682.612,1681.6127,1691.4304,1690.4299,1688.4124,1695.5741,1690.3009,1681.0802,1676.3643,1686.0829,1694.5713,1696.2764,1698.1494,1697.1284
2525.8406,2527.6501,2527.4136,2530.8901,2532.0798,2533.4268,2510.9946,2512.4124,2513.991,2512.1614,2528.0144,2542.1248,2534.4788,2514.1963
1569.5111,1568.5726,1577.732,1576.7958,1574.9186,1581.5963,1576.6774,1568.073,1563.6808,1572.7417,1580.6637,1582.2499,1583.9974,1583.0436
1617.9456,1616.4918,1620.5206,1616.3499,1614.986,1620.1162,1618.7427,1616.4144,1616.2076,1620.0793,1622.6991,1622.093,1624.2109,1624.9355
1332.1425,1331.3506,1339.1218,1338.3257,1336.7294,1342.3976,1338.2258,1330.9271,1327.1979,1334.8857,1341.6068,1342.952,1344.4358,1343.6293
1561.4066,1561.9703,1565.3219,1559.2339,1556.5056,1562.7479,1564.8959,1562.738,1563.7106,1564.4893,1565.949,1565.4785,1568.3364,1569.8809
1280.9371,1279.7871,1282.9774,1279.6765,1278.5941,1282.6587,1281.5697,1279.7267,1279.5615,1282.6274,1284.7007,1284.224,1285.8994,1286.4714
1509.1874,1507.8293,1511.5892,1507.7003,1506.4276,1511.2134,1509.9292,1507.7574,1507.564,1511.1785,1513.6215,1513.0571,1515.0332,1515.7081
15412.396,15394.46,15439.4795,15451.48,15432.434,15410.939,15377.093,15321.587,15318.744,15399.306,15481.141,15473.694,15480.803,15460.802
11015.495,10866.962,10885.447,10864.505,10827.443,10830.371,10781.589,10754.029,10729.466,10834.649,10860.468,10860.17,10894.443,10877.584
5717.004,5689.359,5676.0244,5678.2954,5672.1064,5717.772,5728.534,5733.383,5707.4043,5701.619,5682.5557,5688.5796,5676.7715,5671.4834
11277.328,11254.946,11307.492,11314.098,11296.315,11282.087,11259.87,11213.479,11212.753,11273.566,11340.071,11331.578,11340.323,11322.045
5123.471,5025.6294,5027.334,5038.7485,5026.536,5017.0024,5010.351,4983.915,4984.804,4978.0,4993.925,4999.254,5027.1904,5033.3955
11817.3955,11735.186,11745.693,11720.064,11703.813,11695.379,11686.6875,11694.92,11713.931,11727.066,11737.763,11729.734,11752.197,11733.12
4714.595,4694.581,4661.4375,4600.6978,4529.212,4628.365,4690.6167,4675.6714,4672.864,4633.84,4563.65,4572.3843,4589.288,4623.2344
10171.134,10151.337,10201.215,10208.407,10191.346,10178.42,10159.31,10116.31,10115.911,10171.369,10232.1045,10223.989,10232.627,10215.447
9861.617,9879.374,9874.102,9859.283,9853.214,9865.406,9874.602,9879.723,9852.67,9852.956,9859.912,9862.394,9871.306,9881.715
12702.936,12537.056,12704.308,12743.113,12851.356,12755.429,12776.29,12674.1455,12709.1,12740.276,12866.529,12836.363,12859.195,12845.684
11919.974,11756.471,11774.624,11753.544,11710.763,11714.489,11662.174,11632.705,11603.668,11718.212,11746.85,11747.238,11783.951,11767.142
13102.699,13008.987,13020.998,12991.024,12971.112,12961.754,12950.109,12959.561,12981.718,12997.213,13010.589,13001.284,13026.934,13005.594
7294.1904,7260.886,7264.479,7231.0913,7254.335,7241.907,7249.502,7252.5728,7280.6,7237.635,7242.352,7239.403,7263.7344,7249.0347
15409.087,15227.272,15215.299,15212.554,15106.712,15103.067,15046.597,15008.126,14970.906,15111.49,15149.119,15155.971,15206.992,15244.525
8241.501,8348.185,8442.582,8471.317,8364.878,8395.223,8341.067,8343.769,8325.36,8453.824,8454.324,8432.652,8390.955,8437.555
15107.337,14914.307,15100.883,15127.725,15275.842,15164.988,15184.913,15079.062,15104.809,15141.128,15275.82,15248.94,15256.245,15243.195
1354.4963,1353.0093,1357.1826,1358.3708,1356.5785,1354.6763,1351.8038,1346.8495,1346.6437,1353.742,1360.9413,1360.2863,1360.8759,1359.1853
6668.15,6665.667,6622.6704,6657.1123,6611.713,6651.2993,6553.4297,6599.5327,6567.5977,6646.8384,6632.9736,6662.185,6623.404,6631.332
11157.678,11087.686,11169.434,11133.142,11092.187,11114.934,11115.66,11093.376,11105.217,11152.512,11238.476,11163.559,11093.738,11075.881
15013.985,14836.345,14825.071,14821.365,14721.231,14718.045,14663.185,14626.091,14590.177,14726.213,14762.348,14768.6455,14818.371,14852.772
11218.127,11348.631,11264.164,10471.744,9639.281,10000.962,11535.802,11051.511,11187.24,10415.244,9288.679,8558.431,8525.878,8129.1943
7127.8647,7205.357,7276.0835,7163.1934,7200.4966,7223.366,7297.8403,7313.63,7322.174,7326.6987,7284.3584,7231.598,7288.9946,7335.7725
15505.246,15305.215,15498.106,15524.028,15678.3545,15563.565,15583.668,15475.483,15501.244,15538.753,15676.817,15649.79,15656.047,15642.79
13931.415,13757.317,13926.744,13954.633,14086.192,13986.063,14005.401,13906.462,13931.906,13964.673,14089.456,14063.426,14073.158,14060.661
13472.373,13381.112,13386.865,13353.269,13332.537,13323.812,13307.546,13320.989,13348.001,13360.034,13368.799,13364.335,13385.204,13371.711
15543.213,15432.125,15448.818,15435.267,15423.102,15410.361,15337.064,15323.859,15333.343,15412.415,15438.458,15433.181,15449.425,15429.247
1463.3597,1447.2974,1452.5442,1457.653,1451.6517,1447.8894,1439.4733,1430.0818,1428.2886,1439.6471,1450.5834,1451.4098,1454.5127,1447.3844
8869.8125,8811.562,8842.592,8905.982,8977.78,8981.441,8968.149,8848.44,8835.964,8908.134,9011.902,9038.558,9036.92,8967.179
5662.144,5674.975,5654.717,5676.811,5651.674,5714.0117,5718.0723,5675.85,5592.8076,5653.57,5613.627,5649.3926,5618.63,5595.3823
8505.25,8493.768,8491.121,8487.868,8465.762,8474.677,8443.668,8454.439,8514.86,8427.4,8408.314,8404.595,8402.371,8398.275
15144.72,15038.793,15054.734,15041.987,15030.561,15017.374,14946.548,14933.693,14943.136,15020.032,15045.184,15040.242,15055.962,15036.578
872.62085,871.6451,873.8501,877.43646,873.3552,871.43494,870.47614,868.0995,870.209,876.6375,878.0437,876.1784,872.0755,867.51263
1413.55,1417.0956,1433.6313,1436.4164,1445.0039,1441.1592,1450.2761,1433.0939,1437.8729,1435.3992,1453.4531,1452.1594,1454.7379,1455.8499
1400.9777,1408.6237,1418.8048,1423.045,1426.1151,1427.197,1422.442,1414.1997,1413.1345,1422.683,1431.4504,1432.2439,1435.6918,1435.2086
1323.5342,1324.4244,1328.1807,1326.5872,1328.2891,1328.3202,1330.3368,1329.3916,1329.6511,1329.4852,1330.3583,1329.5481,1332.8872,1334.0425
1341.263,1336.7532,1350.7035,1359.7042,1367.7891,1363.717,1358.4028,1355.1865,1353.9507,1357.1957,1362.9355,1363.3358,1365.5712,1361.9814
1081.115,1078.0823,1082.4286,1082.006,1082.5516,1085.3126,1084.4874,1079.1079,1078.3641,1081.4545,1085.329,1084.1968,1089.3508,1089.9111
1222.59,1219.1305,1224.0076,1223.4985,1224.0259,1227.1969,1226.3594,1220.1936,1219.2327,1222.8212,1227.189,1225.9231,1231.633,1232.1449
11528.66,11580.977,11557.277,11557.876,11615.594,11612.811,11592.604,11568.171,11612.204,11562.167,11536.588,11534.722,11542.894,11550.478
1002.9261,1008.5837,1016.20325,1019.4712,1021.9265,1022.806,1019.5631,1012.7228,1011.74036,1018.9499,1026.0602,1026.5338,1028.7522,1028.6382
695.77136,696.41376,706.5547,713.6595,725.13684,709.30145,719.05743,707.5932,721.449,720.5151,717.78577,721.45605,724.20605,712.23804
1249.422,1252.7815,1267.2675,1269.9955,1277.7092,1274.3042,1282.0465,1266.8011,1271.1193,1269.0911,1285.2982,1284.2103,1286.4827,1287.5159
1287.8457,1283.4888,1296.8926,1305.6758,1313.4849,1309.5176,1304.4102,1301.276,1300.0469,1303.2275,1308.7892,1309.1969,1311.3102,1307.9215
1170.2805,1171.015,1174.4237,1173.0076,1174.5905,1174.6224,1176.4592,1175.5618,1175.7931,1175.675,1176.4701,1175.7704,1178.6465,1179.7876
1691.1259,1686.4415,1692.8602,1692.2101,1692.8676,1697.4392,1696.148,1687.7134,1686.3104,1691.3618,1697.3118,1695.8137,1703.3785,1703.8586
1146.4337,1146.3917,1150.732,1150.063,1152.899,1152.6033,1150.7611,1148.7388,1150.045,1151.2062,1154.0261,1155.0261,1160.1702,1159.4407
1640.4843,1644.3099,1663.2113,1666.2319,1676.191,1672.0193,1681.9346,1662.6257,1668.3258,1665.3243,1685.7662,1684.4482,1687.2859,1688.5695
868.8113,867.17303,866.8803,866.5867,866.0691,867.08234,867.245,867.0189,864.5011,864.0047,865.65106,866.4236,866.8991,866.5307
1323.7556,1330.22,1330.0792,1329.2882,1326.8838,1327.0312,1333.5927,1335.663,1332.2695,1337.8596,1338.7863,1335.4237,1333.2977,1328.147
13633.715,14089.35,14104.025,14470.821,14137.562,14517.6455,14590.812,14372.109,14474.947,14270.388,14271.329,15079.503,14268.793,14162.459
1421.5513,1417.6272,1423.085,1422.5958,1423.2932,1427.055,1425.8319,1418.8018,1417.6432,1421.8984,1426.9763,1425.6362,1432.2726,1432.8159
890.29645,904.6507,899.7051,899.23987,914.2392,901.1213,892.8557,898.8666,896.2872,894.01825,898.37213,904.5242,906.09204,909.2854
1713.1769,1717.1063,1736.8822,1739.9581,1750.3273,1745.9652,1756.4365,1736.2605,1742.2002,1739.0172,1760.2892,1758.8925,1761.864,1763.1901
1212.2894,1200.2378,1211.2152,1222.3851,1209.4698,1219.0804,1223.706,1224.0105,1218.868,1211.4556,1215.9344,1229.1254,1229.3943,1227.0397
1503.0223,1498.1039,1513.2279,1523.6472,1532.9563,1528.2354,1521.9589,1518.36,1516.9471,1520.6656,1527.2048,1527.804,1530.7184,1526.2875
1598.2915,1599.627,1603.806,1601.9368,1603.977,1604.021,1606.208,1605.2067,1605.5403,1605.325,1606.2944,1605.3702,1609.6211,1610.7698
1192.5923,1200.0104,1198.2936,1197.3538,1196.3057,1199.9844,1200.6353,1202.2429,1201.978,1202.2161,1203.204,1201.2396,1201.08,1203.1971
1439.254,1442.8616,1459.3099,1462.231,1471.0967,1467.4308,1475.7559,1458.78,1463.8965,1461.4283,1479.6266,1478.5248,1481.0107,1482.1951
914.1451,914.311,927.56415,941.688,955.73773,938.11066,954.5856,932.69116,947.22577,927.08136,933.53345,949.90356,960.4575,934.73846
1644.9001,1658.33,1652.1665,1659.4657,1663.1648,1663.2784,1654.6128,1653.6702,1658.8724,1664.8273,1663.4337,1666.6833,1666.1163,1663.3112
1378.1058,1392.9392,1402.7727,1401.7668,1402.6144,1409.1274,1417.7047,1423.3628,1444.8073,1442.5112,1440.631,1438.8542,1442.1174,1428.5769
1199.3235,1187.7843,1179.9767,1175.8373,1173.4799,1180.545,1179.4385,1175.3401,1175.0513,1181.9655,1178.0143,1175.3816,1181.7511,1189.3196
1076.8807,1075.1478,1074.1083,1073.6519,1073.6082,1076.3068,1074.5901,1072.6814,1072.3147,1078.1283,1077.4764,1077.7865,1083.4725,1088.438
1077.6283,1067.2656,1060.2427,1056.5242,1054.4058,1060.7538,1059.7582,1056.0782,1055.8175,1062.033,1058.4819,1056.1165,1061.8376,1068.64
1438.4702,1435.7317,1434.7319,1433.9207,1432.0515,1437.4476,1434.1809,1431.4337,1430.1665,1438.811,1437.3877,1436.3671,1443.2228,1448.8602
1106.6969,1104.9164,1103.848,1103.3802,1103.3351,1106.1062,1104.3428,1102.381,1102.005,1107.9827,1107.3135,1107.6292,1113.475,1118.5806
1167.0199,1155.7921,1148.1953,1144.1675,1141.8735,1148.7485,1147.6735,1143.6873,1143.4049,1150.1316,1146.2875,1143.7268,1149.9209,1157.2843
1253.1536,1251.8411,1256.4348,1253.2028,1237.5159,1259.9739,1251.3384,1246.6974,1247.5059,1249.8362,1254.6821,1257.0371,1256.9587,1250.9268
1362.9908,1380.0911,1381.5154,1399.3384,1404.9415,1409.4175,1407.7009,1407.3997,1407.808,1402.906,1398.2168,1403.41,1404.0629,1408.657
858.09174,860.0455,866.26654,869.43414,860.63983,859.97327,882.60486,883.59686,883.59674,876.5286,875.66644,868.79114,870.8486,876.86475
1290.1461,1280.5465,1277.5397,1288.161,1270.5726,1267.1963,1235.424,1252.8713,1246.5883,1248.1641,1239.8154,1237.7367,1250.1047,1248.4161
1347.6708,1343.4612,1344.1554,1338.5942,1339.6597,1344.0355,1347.7147,1342.219,1340.823,1346.1621,1345.3931,1342.7253,1348.1698,1357.402
1692.4049,1682.7832,1664.7472,1659.3375,1653.4149,1664.3988,1662.7745,1654.1688,1652.9565,1663.7402,1656.8342,1652.1093,1659.8406,1672.0021
1249.4454,1241.4343,1238.2319,1234.8652,1233.1227,1236.4719,1237.6058,1237.5425,1237.6909,1240.6525,1237.5181,1236.5524,1241.507,1246.7834
1263.8168,1256.4899,1252.025,1252.08,1252.1847,1253.8223,1251.2675,1247.7219,1243.672,1252.5358,1251.3422,1250.5277,1256.8536,1260.8871
1229.6521,1222.524,1218.174,1218.2284,1218.3284,1219.9236,1217.4349,1213.9866,1210.0406,1218.6726,1217.5095,1216.7169,1222.8718,1226.7996
1135.1663,1128.5869,1124.571,1124.6224,1124.7164,1126.1908,1123.8922,1120.7072,1117.0647,1125.033,1123.9589,1123.227,1128.9132,1132.5382
994.35175,992.75226,991.7908,991.371,991.33215,993.8218,992.2373,990.47656,990.13684,995.5043,994.9053,995.1907,1000.4444,1005.03174
1736.1162,1726.2587,1707.7538,1702.2147,1696.136,1707.3905,1705.7358,1696.9015,1695.6599,1706.7157,1699.628,1694.7773,1702.7024,1715.1698
1263.7913,1254.5881,1250.8843,1247.5485,1247.1873,1250.494,1248.7336,1247.2787,1247.6182,1253.0071,1249.2452,1247.8032,1254.2843,1258.728
1572.0309,1563.0221,1546.3423,1541.2764,1535.7644,1546.0365,1544.4929,1536.5264,1535.3905,1545.4215,1539.0273,1534.6638,1541.8636,1553.1646
1135.3755,1127.1134,1123.7883,1120.7898,1120.4657,1123.4341,1121.8549,1120.5475,1120.8541,1125.6929,1122.3141,1121.0186,1126.8417,1130.8344
1745.0756,1739.7305,1740.6279,1734.215,1735.158,1740.6359,1743.4177,1737.1864,1735.4099,1741.5265,1741.2804,1739.1162,1744.2897,1753.6265
1649.9774,1640.8789,1632.2559,1625.3478,1622.0886,1628.3038,1629.1857,1628.9503,1628.2169,1633.6918,1628.2954,1626.7029,1633.9326,1642.6342
1267.9082,1265.5261,1264.6437,1263.9117,1262.282,1267.0209,1264.1495,1261.7113,1260.576,1268.1971,1266.9613,1266.0791,1272.1063,1277.0825
1701.0518,1695.8346,1696.717,1690.453,1691.3718,1696.7235,1699.4451,1693.3547,1691.6174,1697.5914,1697.3527,1695.2341,1700.2882,1709.4175
1532.4989,1524.0646,1516.0894,1509.6852,1506.6504,1512.4326,1513.2479,1513.0066,1512.3425,1517.4001,1512.4231,1510.9457,1517.676,1525.7596
1289.2335,1292.6862,1298.4231,1298.5986,1293.6392,1273.0354,1274.2351,1270.0553,1259.3187,1267.1741,1284.8972,1293.104,1272.7666,1269.9421
1653.162,1644.4001,1638.2638,1638.0536,1637.6721,1641.0718,1635.4625,1630.8671,1627.0333,1637.1952,1636.1016,1635.3376,1643.9785,1649.7911
1780.1289,1770.7465,1764.0543,1763.8436,1763.4209,1767.103,1761.0131,1756.0293,1751.8534,1762.8934,1761.7294,1760.8809,1770.2384,1776.536
1716.4292,1705.8939,1696.4785,1689.0101,1687.838,1694.7936,1690.78,1688.3514,1689.0586,1697.2533,1691.6176,1686.9961,1694.97,1703.0118
1594.1615,1584.3518,1575.6633,1568.7322,1567.66,1574.1194,1570.3966,1568.1243,1568.7748,1576.3903,1571.1727,1566.8912,1574.2986,1581.7721
1266.818,1264.3771,1255.5397,1241.9249,1233.2054,1240.5988,1246.2622,1255.2272,1255.4751,1251.2,1241.9929,1239.4956,1251.1401,1257.7153
1141.028,1142.2195,1133.2258,1117.1519,1108.1519,1116.2953,1122.4604,1132.4603,1134.9689,1129.2251,1118.6724,1115.9397,1127.4873,1135.679
13444.184,13411.737,13432.281,13400.8125,13428.107,13522.386,13629.387,13545.576,13448.773,13415.814,13535.596,13536.414,13590.0,13669.726
10477.033,10653.94,10620.405,10182.717,10396.318,10342.577,10150.507,10208.217,10506.604,10402.242,10201.452,10038.354,10273.174,10251.673
12678.003,12622.98,12611.669,12597.761,12603.579,12622.27,12614.343,12615.97,12601.605,12614.757,12612.476,12618.162,12658.129,12661.498
11426.121,11442.068,11491.987,11439.014,11448.367,11461.592,11502.848,11457.296,11474.662,11485.442,11512.483,11443.075,11444.347,11451.581
11757.3125,11702.984,11701.2295,11722.404,11735.269,11735.919,11714.606,11685.315,11637.514,11663.908,11693.015,11717.413,11761.592,11744.918
10831.454,10818.594,10801.689,10775.397,10772.1455,10795.139,10815.83,10829.172,10811.061,10804.687,10801.396,10809.057,10834.22,10845.5
1480.8258,1486.4435,1484.5048,1485.8435,1485.4731,1483.196,1479.6017,1488.9678,1499.0817,1491.9535,1482.3318,1484.4731,1487.6617,1485.5454
8072.012,8049.638,8032.7207,8027.575,8045.994,8046.031,8013.7563,8100.8228,8105.5312,8073.0537,8047.285,8064.3984,8050.401,8009.0684
16308.472,16265.433,16286.948,16179.443,16213.651,16309.841,16336.143,16288.781,16253.412,16229.004,16264.514,16275.122,16296.263,16359.26
2501.38,2674.3767,3280.054,3535.868,3425.8357,3981.8347,3962.1782,3875.913,3957.0415,3957.8882,4101.8857,4027.1003,4052.6704,4008.92
7903.5815,8008.503,8039.485,8167.451,8108.7163,7981.399,7944.13,7987.769,8091.53,8325.243,8306.857,8188.6294,8211.118,8140.04
1239.9932,1232.3611,1222.6168,1231.6156,1225.2008,1235.6074,1230.6853,1230.4377,1213.2627,1218.3864,1218.8247,1235.0527,1221.6497,1220.2942
12258.995,12267.575,12243.851,12240.649,12221.695,12261.58,12242.323,12236.709,12211.122,12233.613,12227.725,12240.678,12269.13,12269.485
15183.096,15162.5,15083.309,15024.48,14979.678,15070.098,15088.985,15109.679,15084.741,15061.382,15064.334,15075.926,15105.913,15120.852
13308.678,13356.177,13171.262,13170.039,13082.92,13239.514,13286.941,13205.175,13100.672,13121.219,13037.904,13140.903,13118.198,13352.269
14099.902,14072.786,14013.498,13955.805,13920.573,14000.403,14011.929,14034.914,14011.5625,13994.221,13971.426,13993.1,14032.901,14047.523
9706.411,9856.988,9879.603,9830.621,9745.871,9852.33,9856.756,9867.403,9880.167,9927.09,9977.815,9904.236,9900.708,9864.977
16140.434,16098.271,16120.938,16013.383,16048.706,16144.118,16170.708,16123.37,16089.562,16063.769,16098.644,16108.338,16129.958,16193.119
11518.445,11489.663,11509.33,11419.974,11351.912,11466.523,11612.059,11614.602,11589.721,11511.883,11430.284,11394.203,11422.904,11408.687
14769.794,14707.777,14670.006,14649.611,14643.928,14705.005,14620.756,14579.662,14521.451,14555.915,14559.531,14598.844,14652.15,14634.503
13890.195,13871.902,13797.923,13793.82,13762.827,13803.15,13809.251,13807.9,13795.037,13783.531,13800.874,13782.262,13814.776,13827.603
2281.8884,2283.731,2266.55,2294.3955,2276.329,2318.6213,2298.8955,2296.0457,2266.542,2319.841,2301.9788,2298.2595,2312.495,2314.8684
14972.604,14961.302,14862.912,14859.394,14854.662,14876.508,14890.754,14887.434,14883.017,14862.388,14927.587,14929.782,14909.585,14919.265
14927.672,14869.52,14827.541,14806.2705,14799.021,14863.983,14778.083,14733.608,14672.749,14709.481,14712.911,14752.146,14807.991,14792.779
15157.08,15120.249,15147.339,15042.627,15082.61,15172.343,15200.429,15153.836,15127.095,15095.845,15128.357,15134.057,15157.135,15219.582
2883.0217,2886.4028,2891.9182,2889.9143,2891.3872,2893.323,2884.222,2884.2085,2885.921,2887.59,2885.5535,2881.227,2883.8706,2880.2483
2868.5999,2870.376,2861.8008,2855.6877,2838.531,2840.969,2840.7808,2839.2046,2852.0217,2847.652,2841.7632,2842.098,2842.245,2845.7988
13346.102,13429.135,13251.594,13264.373,13173.528,13364.944,13387.565,13309.408,13152.916,13288.819,13229.806,13312.707,13454.469,13583.759
14239.57,14199.932,14207.928,14123.764,14146.286,14225.047,14231.886,14203.269,14166.623,14161.118,14189.97,14203.872,14215.536,14251.33
11305.534,11301.236,11290.602,11286.504,11271.202,11311.87,11291.027,11289.396,11267.23,11290.145,11286.662,11299.1045,11322.932,11324.408
14660.899,14680.267,14573.488,14557.15,14547.872,14590.751,14681.589,14704.401,14676.348,14760.474,14785.62,14835.98,14697.827,14694.76
1632.4851,1625.4133,1599.4691,1621.2571,1599.5214,1604.0819,1573.4047,1575.1161,1582.5139,1563.8827,1571.2074,1586.7529,1585.4193,1601.3745
14397.074,14356.93,14363.782,14279.926,14301.711,14380.912,14387.675,14358.783,14321.888,14317.001,14345.948,14360.109,14371.686,14407.488
13271.173,13235.254,13248.7295,13164.234,13189.885,13264.925,13273.133,13246.223,13212.003,13203.345,13231.3545,13244.043,13256.057,13292.027
14188.038,14166.594,14096.207,14171.391,14084.072,14122.193,14300.281,14182.112,14023.143,13946.466,13942.899,14281.775,14285.028,14104.749
2358.5757,2353.2131,2388.3835,2371.9849,2358.1743,2351.0154,2373.4531,2369.1982,2369.6318,2368.9143,2373.1506,2362.6619,2364.2878,2367.4443
1622.3043,1621.5903,1630.2239,1662.354,1657.4146,1656.9869,1590.3091,1653.7413,1680.5435,1672.3729,1614.4604,1628.2637,1616.697,1614.172
12921.614,12958.472,12840.741,12791.261,12717.646,12813.678,12884.088,12886.355,12876.154,12826.373,12853.713,12912.642,12859.591,12865.9795
5944.3716,5928.184,5897.7544,5807.29,5805.9727,5887.9146,5881.373,5856.2866,5840.7466,5853.477,5881.3984,5874.391,5904.7124,5876.471
14496.816,14515.329,14410.189,14392.278,14385.204,14425.264,14515.356,14537.709,14509.764,14590.839,14617.453,14663.976,14531.637,14527.597
15002.296,14993.088,14933.579,14913.809,14884.771,14988.772,14901.467,14823.512,14701.813,14746.657,14754.274,14789.67,14880.143,14879.16
12597.729,12571.631,12556.4795,12529.261,12522.409,12551.32,12570.578,12579.676,12563.033,12554.582,12547.871,12560.927,12589.319,12596.466
4925.1006,4924.697,4988.3037,4981.49,4845.16,4828.743,4886.0625,4848.92,4908.637,4898.9824,4881.391,4842.1924,4818.3403,4801.2227
7776.4517,7756.1514,7728.7207,7728.116,7756.2637,7787.404,7695.5996,7708.2075,7734.544,7713.101,7703.3486,7739.962,7756.6665,7761.95
6521.8677,6593.44,6558.8813,6834.4453,6666.5444,6777.282,6834.961,6797.961,6712.9775,6750.885,6701.0547,6890.0264,6746.9824,6619.1343
12430.321,12356.129,12350.285,12377.405,12394.117,12407.426,12369.876,12334.404,12273.362,12296.172,12333.305,12368.224,12424.678,12408.014
11692.869,11642.919,11571.89,11484.763,11431.203,11598.503,11583.922,11553.103,11488.207,11545.114,11540.076,11556.453,11639.714,11661.672
9037.295,9058.457,9069.109,9074.966,9073.336,9097.0205,9095.01,9085.623,9043.963,9083.167,9112.805,9121.643,9132.75,9135.709
10326.677,10280.684,10224.543,10155.182,10111.892,10249.415,10238.736,10208.998,10149.818,10201.538,10198.865,10211.748,10287.959,10306.911
12436.622,12411.043,12395.761,12368.646,12361.937,12390.465,12409.666,12418.913,12402.406,12393.976,12387.304,12400.169,12428.354,12435.504
10820.182,10695.203,10642.62,10656.732,10745.702,10764.159,10442.658,10715.468,11389.535,11278.908,11043.867,10708.427,10890.146,10692.235
10206.911,10285.782,10233.945,10272.2,10298.155,10236.935,10213.07,10030.34,9892.341,10098.181,10150.759,10188.608,10200.042,10155.186
12271.068,12198.008,12192.453,12219.066,12235.492,12248.085,12211.37,12176.53,12116.684,12139.607,12176.086,12210.133,12265.668,12249.124
3329.7385,3319.4443,3320.2793,3315.9502,3339.6086,3328.6653,3325.529,3319.5188,3319.1682,3320.1658,3337.5293,3338.7388,3341.9622,3316.6
4795.7354,4815.006,4837.115,4830.9316,4779.2812,4719.825,4758.974,4803.0264,4803.644,4714.5254,4759.551,4752.2803,4730.37,4747.537
3293.2563,3334.588,3333.6533,3401.5527,3397.619,3391.1165,3416.2266,3345.6345,3252.732,3292.6252,3347.0557,3443.5508,3423.9294,3427.9707
13425.43,13380.747,13577.709,13463.341,13346.606,13206.962,13410.485,13394.177,13477.716,13481.749,13818.969,13377.554,13312.354,13429.596
1095.0957,1090.7539,1089.5804,1088.4088,1088.9755,1090.4318,1090.1407,1089.9766,1088.5756,1089.5237,1089.2987,1089.9823,1093.1992,1093.9412
12548.809,12482.597,12430.104,12357.916,12290.502,12455.478,12427.817,12402.977,12349.272,12411.033,12406.456,12423.303,12514.097,12529.463
10987.319,10930.059,10927.182,10947.171,10960.83,10966.371,10944.301,10909.428,10864.913,10886.3955,10913.59,10939.004,10983.058,10968.394
10586.06,10701.4375,10783.197,10715.588,10589.887,10706.09,10788.481,10828.458,10826.8,10842.278,10848.401,10772.309,10738.281,10883.615
12187.11,12163.949,12147.748,12119.048,12112.805,12141.06,12160.847,12173.826,12155.978,12148.562,12142.296,12153.491,12180.426,12189.498
12350.55,12326.782,12310.5625,12281.694,12275.3545,12304.072,12323.877,12336.796,12318.746,12311.251,12304.918,12316.385,12343.512,12352.555
12847.565,12792.167,12780.749,12766.673,12772.478,12791.517,12783.481,12785.118,12770.731,12783.856,12781.604,12787.308,12827.715,12831.41
12653.12,12626.64,12645.187,12621.354,12649.144,12731.359,12821.922,12752.596,12662.756,12647.18,12757.057,12754.022,12801.366,12874.606
12382.133,12316.13,12265.208,12194.619,12128.215,12290.105,12262.762,12237.862,12185.441,12246.427,12242.036,12258.661,12348.5205,12363.335
4348.7754,4334.833,4328.0303,4321.407,4318.351,4333.155,4332.337,4355.826,4369.729,4354.6157,4344.258,4335.316,4324.4414,4307.722
12423.0205,12422.303,12476.342,12455.219,12454.989,12465.141,12428.894,12398.899,12389.958,12421.061,12426.923,12414.78,12374.084,12384.536
7368.7607,7384.6157,7434.325,7442.7915,7496.406,7503.0913,7501.9326,7481.246,7478.8486,7505.9453,7522.334,7521.091,7544.586,7524.066
12780.157,12868.327,12940.501,12935.041,13037.407,13049.74,13154.469,13046.669,13056.072,13057.873,13084.275,13081.566,13110.628,13088.822
12640.278,12574.918,12606.769,12585.933,12640.667,12706.005,12663.758,12631.472,12634.54,12673.622,12652.365,12632.996,12694.316,12688.977
8607.566,8625.781,8681.623,8690.974,8750.216,8758.347,8756.658,8733.261,8730.689,8760.525,8778.614,8774.9375,8803.917,8780.762
1120.3496,1114.4591,1117.4412,1115.5393,1120.4143,1126.3501,1122.9004,1119.8674,1119.9431,1123.9164,1121.648,1119.9862,1125.5996,1125.27
8465.76,8483.664,8538.791,8548.081,8606.8955,8614.834,8613.223,8590.09,8587.4795,8617.111,8635.0205,8631.767,8660.093,8637.192
11317.924,11398.708,11464.824,11461.922,11554.379,11566.52,11662.716,11564.313,11574.132,11575.657,11600.131,11597.409,11623.826,11605.169
1148.3826,1143.9729,1147.6279,1144.0145,1153.6768,1156.086,1153.7252,1149.9429,1151.8231,1152.7363,1150.2976,1148.9436,1155.7227,1153.0563
12828.145,12761.972,12794.094,12772.9375,12828.509,12894.298,12851.099,12818.586,12822.036,12860.641,12839.916,12820.273,12882.045,12876.451
1315.0543,1309.6783,1313.8582,1309.6003,1320.3345,1323.0542,1319.1118,1315.7837,1317.9359,1318.6104,1316.2179,1314.5914,1322.1724,1318.7723
12971.766,13060.636,13133.63,13127.706,13231.149,13243.551,13349.447,13240.333,13249.658,13251.486,13278.132,13275.382,13304.767,13282.546
1103.822,1102.0505,1104.4127,1100.7615,1105.396,1109.1595,1116.486,1114.4418,1114.3344,1112.0911,1108.2134,1109.066,1117.6039,1116.435
1344.1862,1337.5262,1344.1216,1347.1675,1362.7048,1363.782,1358.379,1344.8511,1341.915,1348.902,1352.4723,1354.3441,1364.1774,1352.2616
1190.9425,1185.2142,1191.276,1194.1,1207.9457,1208.9661,1204.2539,1192.2313,1189.8971,1195.9247,1199.0747,1200.5123,1209.2157,1198.7919
12453.96,12430.816,12457.072,12410.923,12464.166,12509.647,12592.549,12569.5,12567.73,12538.307,12497.36,12502.9795,12594.38,12587.162
1364.2445,1357.455,1364.1102,1367.1782,1382.911,1384.0006,1378.5187,1364.7966,1361.7634,1368.8833,1372.5051,1374.4486,1384.4119,1372.3069
1295.7706,1290.5145,1294.6382,1290.4617,1301.1042,1303.791,1300.0698,1296.6566,1298.7767,1299.4869,1297.0737,1295.4794,1302.9694,1299.6699
8458.431,8450.041,8354.533,8311.384,8182.5576,8310.052,8516.366,8147.9136,8143.015,8205.654,8309.844,8189.911,8500.473,8468.498
10085.8,10043.41,9942.545,9924.898,9928.495,10065.943,10561.256,10080.945,10140.977,10185.108,10091.255,9916.024,10359.189,10470.626
10224.975,10233.149,10114.359,10038.729,9854.333,10035.62,10239.112,9840.468,9860.404,9931.47,10029.523,9860.575,10237.548,10236.721
11960.571,11807.3125,11822.271,11818.784,12324.158,12448.3545,12705.101,12356.75,12399.007,12402.241,12418.646,12246.434,12594.781,12534.338
11408.143,11383.299,11289.745,11247.76,11169.81,11415.372,11930.38,11388.656,11388.109,11412.055,11420.346,11222.854,11655.057,11826.332
13016.826,13058.097,13068.855,12810.072,13104.101,13160.356,13833.432,13212.72,13421.907,13122.771,13239.678,12695.487,13438.57,13560.157
10414.901,10420.469,10294.015,10221.06,10030.526,10222.117,10423.853,10022.961,10025.076,10106.603,10221.195,10049.645,10416.876,10416.137
11187.694,11158.182,11062.333,11026.098,10966.368,11178.016,11704.017,11174.168,11191.588,11216.0205,11190.8955,10996.209,11445.027,11599.45
8261.92,8256.379,8167.5923,8121.7183,7997.7056,8119.831,8322.307,7959.39,7968.2275,8021.3096,8113.149,7994.411,8312.041,8280.396
9253.105,9273.301,9189.429,9111.787,8948.48,9102.018,9298.24,8920.0625,9017.711,9033.842,9068.31,8912.069,9318.522,9323.795
12778.456,12818.84,12836.074,12584.624,12878.082,12931.397,13573.429,12985.787,13199.677,12896.883,12987.759,12471.748,13227.632,13338.654
11554.009,11590.906,11631.916,11414.374,11708.344,11740.174,12270.511,11803.264,12032.071,11745.818,11743.668,11319.366,12090.316,12162.03
10712.718,10744.78,10671.597,10605.572,10829.817,10903.473,11194.349,10975.32,11102.8125,11034.439,10955.798,10691.172,11230.346,11218.031
11010.936,11107.705,11045.9,10892.652,10848.91,11077.096,11604.482,11478.494,11597.148,11494.111,11355.67,10972.482,11498.391,11583.768
12171.351,12277.256,12170.951,12038.23,11996.657,12233.754,12818.865,12600.842,12752.675,12622.612,12557.648,12130.808,12620.2705,12731.425
11872.258,11748.838,11738.016,11713.107,12203.257,12314.979,12571.997,12186.502,12230.155,12243.27,12244.274,12049.197,12403.917,12345.959
12058.194,12075.35,11958.845,11910.295,12064.819,12169.724,12552.421,12254.495,12381.064,12352.543,12281.732,11979.436,12458.868,12493.069
10549.353,10452.829,10481.548,10451.847,10931.375,11042.695,11290.111,10998.009,11081.829,11092.427,11051.793,10871.333,11231.371,11230.131
12396.392,12502.915,12383.479,12257.033,12217.495,12456.829,13051.754,12808.865,12964.705,12833.04,12784.563,12347.327,12826.279,12940.749
11838.502,11859.042,11750.397,11697.227,11870.945,11969.2,12329.834,12048.963,12178.587,12138.829,12062.526,11767.846,12267.715,12289.732
11656.069,11536.483,11534.334,11506.994,12009.711,12109.721,12377.036,11996.486,12047.639,12059.125,12054.335,11861.252,12219.666,12172.542
11438.485,11382.731,11330.76,11288.614,11230.994,11474.266,11965.208,11411.408,11432.682,11448.77,11465.249,11273.969,11743.48,11846.762
9969.257,9896.82,9824.609,9811.131,9840.58,9969.268,10431.182,9956.696,10019.058,10047.109,9995.824,9823.666,10262.942,10332.429
11194.777,11131.77,11074.754,11039.846,11002.504,11212.392,11709.208,11166.942,11198.051,11225.651,11210.121,11024.998,11504.493,11592.61
7262.142,7268.0034,7208.352,7158.784,7054.04,7159.7427,7340.138,7009.8247,7078.447,7085.5933,7128.4775,7016.991,7350.954,7327.174
11416.621,11427.788,11436.459,11231.19,11487.872,11552.31,12105.904,11554.696,11748.805,11471.518,11583.666,11127.302,11817.687,11848.09
11181.302,11192.21,11205.418,11006.464,11263.832,11322.139,11856.133,11329.37,11527.75,11251.917,11346.419,10905.78,11603.292,11628.528
11321.574,11396.923,11298.59,11185.174,11138.3545,11378.712,11945.367,11678.601,11817.12,11691.795,11652.202,11260.95,11726.201,11786.806
11660.953,11651.922,11556.0625,11516.355,11664.866,11761.475,12157.193,11825.389,11939.827,11895.675,11835.217,11571.394,12083.532,12053.399
11716.498,11568.736,11590.03,11583.787,12098.006,12215.015,12460.047,12127.659,12177.387,12179.514,12188.9,12019.856,12368.387,12317.267
11089.865,11164.152,11073.711,10954.845,10904.666,11145.925,11704.434,11457.503,11593.177,11472.938,11412.501,11033.068,11505.633,11564.434
9979.655,9989.545,10019.68,9848.693,10106.131,10136.391,10595.346,10165.309,10374.622,10131.842,10161.044,9770.846,10462.767,10469.554
9900.475,9966.886,9905.949,9775.913,9733.306,9956.515,10452.176,10284.929,10406.606,10297.63,10155.725,9831.543,10329.962,10381.243
10206.564,10214.92,10153.559,10100.568,10309.162,10383.541,10690.373,10426.912,10535.399,10469.748,10412.778,10168.006,10702.158,10651.574
10469.828,10352.212,10395.077,10382.928,10852.395,11017.612,11178.7705,10958.164,11034.015,11029.223,11005.338,10848.371,11178.936,11148.641
11423.314,11418.549,11328.544,11285.734,11448.936,11538.6,11915.414,11601.142,11716.391,11665.685,11604.72,11343.151,11867.05,11830.716
5035.1274,5074.9907,5152.918,5278.8965,5253.596,5417.3115,5463.072,5344.903,5283.015,5360.8667,5454.4395,5471.7393,5449.0186,5365.0747
5087.5596,5128.5635,5206.2476,5332.9717,5308.728,5471.2217,5516.8984,5398.91,5337.1626,5412.2397,5505.0796,5521.5464,5498.914,5416.616
768.86475,774.4107,786.37714,806.50964,806.5628,829.7066,840.6404,816.51245,805.2706,820.2604,835.5657,838.37915,834.835,822.33716
850.6911,853.99634,860.48663,870.6971,876.8163,894.37604,904.96625,880.9306,871.8885,879.07666,882.0241,884.72595,885.2635,880.65393
969.88934,974.4981,993.639,1008.7751,1017.1889,1035.5457,1069.2671,1033.4218,1019.7698,1019.563,1044.5077,1046.959,1038.4592,1032.3134
818.30176,821.1283,828.5701,838.6551,846.1774,863.02747,873.8584,849.6434,840.9947,848.105,851.57153,853.8181,854.8154,849.76276
856.9403,860.381,866.55994,876.8624,882.59436,900.2552,910.72064,886.7945,877.6845,884.8513,887.6961,890.5028,890.91144,886.4152
763.3803,768.9236,780.8938,801.0162,800.9547,824.0423,834.7897,810.81177,799.8264,814.98706,830.2231,833.1252,829.5769,816.9757
963.24365,967.7898,987.0027,1001.97034,1010.35016,1028.519,1062.0547,1026.4901,1013.29816,1012.91895,1037.8954,1040.2711,1031.8225,1025.6433
903.03107,908.0911,920.1265,938.6351,957.50397,958.74896,967.6114,935.5705,926.6542,943.3203,950.50903,951.5788,948.4295,944.528
900.3119,907.11957,915.5995,927.00507,929.71063,951.9789,970.1658,953.2315,943.60156,941.30817,947.84625,953.0083,950.6287,942.1611
903.8393,909.1873,918.09766,929.67346,939.4245,950.4877,961.6617,941.39667,933.3028,935.6886,942.40265,945.28174,943.1125,937.412
928.33435,932.7036,951.9155,966.0809,974.153,991.4399,1023.87244,989.8046,978.53986,977.5574,1002.3309,1004.2857,996.2704,990.0327
896.4729,901.50903,913.8132,932.41656,951.24243,952.33093,961.21576,929.25214,920.6495,937.21265,944.50397,945.5818,942.4553,938.44275
924.0172,929.2052,933.75287,945.3987,945.70123,963.1836,972.4709,951.9024,943.6462,950.6372,953.0115,956.78955,956.3558,952.34827
867.03546,872.90753,882.0907,893.1096,895.1945,917.8613,936.53925,919.5314,910.1568,906.70544,914.44745,919.33704,917.57556,908.20355
840.17804,845.5188,855.3053,864.93506,865.86566,889.2368,905.1881,893.06805,885.97986,883.8054,888.47034,892.69434,890.2512,881.70984
915.5367,920.5659,925.5306,937.1272,937.64526,955.22656,964.78253,944.0975,935.5906,942.8434,945.4386,949.17926,948.8243,944.72437
4761.9756,4799.075,4874.1753,4997.032,4968.241,5132.5967,5177.1177,5062.273,5001.338,5089.1196,5183.3975,5204.857,5181.124,5093.265
862.17523,867.23474,880.4827,899.34143,917.69275,918.21515,927.06805,895.81244,888.5079,904.3281,912.1206,913.21545,910.2302,905.7079
864.20197,868.4776,878.9274,890.0922,899.66144,909.91046,922.3372,901.66315,893.91174,895.8313,903.32825,906.34937,904.5077,897.1381
871.3914,875.97107,882.02203,893.5443,894.9759,913.08356,922.9594,902.258,893.2468,901.0251,904.67926,908.16425,908.10504,903.62463
913.735,918.38196,935.9857,949.7246,953.40643,972.7417,1002.73846,971.01196,958.31433,958.93787,980.63434,983.80096,975.79584,968.573
897.4798,902.6136,911.8738,923.37476,933.10986,944.02563,955.49097,935.098,927.0426,929.32947,936.24774,939.1512,937.0367,931.0029
905.6397,910.1472,927.8308,941.44183,944.80963,964.27167,994.257,962.7177,950.1574,950.8862,972.7906,975.9938,967.9166,960.5662
889.984,897.3838,906.02954,915.49225,918.7021,939.285,954.2634,941.99994,935.1183,933.14966,936.9947,941.0169,938.04565,931.6685
863.3203,867.3507,885.03253,897.9369,900.1542,919.73914,949.23364,918.83704,907.02563,908.12024,930.7507,933.88196,925.7403,917.99945
881.8807,888.87524,897.7663,907.3629,910.08545,931.35254,946.5344,934.281,927.3638,925.4854,929.3091,933.39343,930.5289,923.77893
976.3568,982.6881,994.2458,1012.90356,1027.8112,1031.5928,1039.9856,1008.7594,1001.0402,1017.1906,1024.1246,1025.3132,1021.6701,1017.02997
967.3332,973.64417,985.5699,1004.4317,1019.22784,1022.8299,1031.4072,1000.19073,992.74976,1009.0292,1016.13324,1017.30975,1013.6624,1008.85645
920.1789,926.7385,939.75336,959.48505,973.33685,976.25635,985.4534,954.94464,948.5041,964.8984,972.8285,973.9487,970.39886,964.69934
884.5716,889.8053,899.8013,911.88464,916.309,929.66846,938.2947,923.2196,915.55914,918.5715,925.68677,928.771,926.47784,918.743
937.2963,944.48315,951.875,964.06506,968.88074,982.2196,988.1164,974.54535,967.79297,970.20953,975.7755,978.4651,976.09814,970.6662
928.7686,935.6143,943.55304,955.74133,960.5396,973.83997,980.2315,966.38965,959.4144,962.0134,967.92584,970.6835,968.31714,962.44904
16670.727,16551.781,16612.682,16577.367,16601.021,16881.975,16808.975,16734.928,16599.018,16706.92,16692.627,16669.97,16691.756,16711.63
16451.227,16335.521,16396.508,16362.29,16385.367,16661.244,16590.209,16516.084,16381.723,16487.74,16472.69,16449.498,16472.275,16493.18
12051.822,11992.755,11984.97,11981.978,11973.172,12049.479,12024.721,11998.321,11958.776,11982.255,11958.441,11937.925,11959.058,11972.736
13160.608,13159.666,13166.439,13154.657,13195.974,13288.214,13297.486,13201.471,13183.521,13185.052,13171.663,13154.098,13159.046,13181.77
11301.741,11250.068,11245.179,11244.403,11235.616,11305.756,11286.034,11259.831,11223.035,11245.008,11224.115,11204.307,11225.008,11239.311
11932.699,11874.891,11867.546,11864.966,11856.228,11931.517,11907.655,11881.326,11842.172,11865.362,11842.05,11821.671,11842.741,11856.518
13891.464,13890.813,13895.34,13884.235,13921.661,14018.676,14029.507,13931.879,13911.156,13912.723,13901.357,13884.91,13886.271,13910.794
12808.345,12763.612,12750.075,12747.939,12780.042,12869.179,12845.909,12785.879,12732.576,12748.526,12731.237,12721.165,12721.674,12734.686
12681.451,12637.746,12623.716,12621.845,12655.298,12743.268,12720.36,12659.771,12607.691,12622.658,12605.737,12596.111,12596.967,12609.821
13345.53,13288.802,13289.56,13287.376,13280.172,13368.773,13342.105,13306.54,13258.615,13286.016,13261.71,13238.937,13263.522,13277.038
12231.581,12171.067,12153.608,12129.059,12120.572,12241.546,12251.346,12227.704,12196.851,12198.512,12135.834,12117.072,12115.898,12150.776
1291.697,1285.2605,1283.6252,1281.6241,1279.7075,1292.9629,1293.8723,1291.5244,1288.0115,1288.3888,1281.5378,1279.4105,1279.331,1282.7467
14029.244,14028.767,14032.684,14021.781,14058.282,14156.359,14167.451,14069.457,14048.184,14049.758,14038.807,14022.772,14023.445,14048.264
1304.5835,1298.0492,1296.3877,1294.4313,1292.403,1305.9115,1306.7855,1304.4596,1300.8685,1301.2538,1294.3298,1292.1504,1292.0907,1295.4646
12807.307,12759.117,12737.63,12726.718,12733.224,12850.314,12829.977,12791.525,12758.061,12785.015,12730.768,12694.499,12685.625,12705.177
12008.311,11968.705,11953.052,11952.166,11992.309,12073.963,12052.081,11991.252,11943.26,11953.293,11939.03,11931.9,11934.566,11945.804
12682.28,12635.301,12614.436,12604.478,12608.866,12725.436,12705.928,12668.003,12633.752,12660.276,12606.565,12570.695,12560.966,12580.75
12016.177,11969.664,11951.039,11942.582,11945.021,12055.937,12042.087,12005.085,11969.634,11995.974,11943.227,11909.182,11899.364,11920.269
10469.86,10430.653,10463.163,10440.406,10458.099,10580.108,10542.897,10501.321,10453.059,10502.055,10483.246,10463.497,10483.955,10501.729
11162.216,11109.276,11141.749,11116.966,11144.461,11274.66,11230.682,11189.735,11139.376,11192.263,11175.661,11154.945,11170.983,11187.614
13759.705,13764.027,13760.058,13757.271,13802.473,13918.121,13926.24,13814.079,13782.874,13783.88,13779.279,13771.904,13776.117,13792.058
12724.657,12728.405,12726.476,12724.383,12770.818,12878.061,12884.448,12776.254,12749.856,12750.995,12744.885,12735.268,12742.1875,12754.663
12488.245,12435.99,12436.829,12433.883,12429.024,12512.003,12489.176,12455.371,12410.309,12436.066,12414.118,12393.35,12417.067,12430.776
12314.193,12269.349,12224.794,12179.954,12200.7705,12344.5205,12351.344,12323.811,12284.741,12282.51,12203.97,12177.433,12185.686,12212.759
13319.298,13275.735,13252.084,13261.761,13301.014,13393.863,13365.786,13299.499,13237.186,13249.87,13238.909,13233.848,13234.843,13246.539
13324.102,13256.054,13223.437,13175.717,13193.917,13352.782,13356.997,13325.143,13283.684,13285.411,13196.258,13172.0625,13182.216,13207.826
14410.405,14364.3545,14335.274,14350.131,14384.2705,14489.765,14457.786,14386.764,14313.577,14332.743,14319.164,14310.969,14310.881,14324.453
13679.998,13622.335,13587.808,13575.259,13592.694,13736.136,13712.611,13663.678,13615.256,13648.736,13592.961,13553.511,13550.825,13564.738
14233.525,14187.986,14159.764,14173.583,14209.327,14312.504,14281.167,14210.76,14139.737,14157.574,14144.484,14136.905,14136.931,14150.291
13160.95,13095.64,13061.203,13014.095,13033.175,13190.101,13194.374,13162.777,13122.077,13122.916,13035.466,13010.388,13020.681,13045.962
13849.182,13790.898,13756.087,13743.603,13760.454,13906.187,13882.245,13833.316,13784.396,13817.904,13761.467,13721.109,13718.582,13731.867
12804.398,12751.006,12716.829,12702.138,12723.006,12855.564,12834.265,12785.13,12738.9795,12772.284,12719.226,12683.636,12681.435,12698.428
9870.854,9923.827,10007.653,10023.892,10102.869,10106.001,10099.971,10075.634,10096.508,10120.171,10142.447,10140.374,10170.003,10126.483
10780.702,10734.083,10779.101,10754.154,10808.033,10850.536,10822.084,10786.856,10782.262,10824.874,10809.199,10799.43,10853.8545,10850.304
10634.921,10588.945,10633.654,10609.13,10662.707,10704.732,10676.2295,10641.754,10636.786,10679.445,10663.904,10654.307,10708.2705,10704.377
12394.848,12453.019,12579.195,12566.31,12669.959,12708.098,12885.827,12697.208,12754.862,12757.084,12784.828,12752.646,12799.733,12785.583
10006.471,10059.129,10144.432,10160.408,10240.177,10243.626,10237.675,10212.435,10233.53,10257.6045,10280.841,10278.4375,10308.629,10264.726
882.56036,887.9066,895.23663,896.94366,904.1843,904.3273,903.7099,901.78986,903.6628,905.7596,907.3818,907.395,909.94305,905.94336
9512.524,9471.017,9513.236,9491.943,9541.347,9579.425,9552.095,9522.318,9515.597,9556.931,9542.879,9534.188,9583.675,9578.498
11673.331,11676.826,11713.25,11702.569,11719.871,11746.368,11822.674,11776.53,11790.499,11781.727,11743.098,11747.826,11846.712,11797.544
12226.441,12283.908,12408.768,12396.221,12498.815,12536.625,12711.873,12525.865,12583.534,12585.709,12612.97,12580.893,12627.49,12613.72
11516.028,11520.445,11556.013,11546.071,11562.969,11588.565,11663.149,11617.766,11631.766,11623.305,11585.578,11590.422,11687.249,11638.319
1093.0111,1098.0896,1109.5206,1108.5563,1117.8888,1121.387,1137.0621,1120.4937,1126.0745,1126.2336,1128.6426,1125.6083,1129.8083,1128.6976
11412.247,11359.252,11450.456,11472.909,11606.899,11610.28,11577.116,11429.806,11432.434,11498.353,11521.441,11525.407,11590.756,11502.972
11257.462,11205.239,11295.684,11318.193,11451.119,11454.06,11420.987,11275.597,11279.222,11343.874,11366.626,11370.514,11434.928,11348.404
1030.1714,1031.1521,1034.1239,1033.4395,1034.9274,1036.9187,1043.1813,1039.2366,1040.5842,1039.868,1036.7231,1037.3585,1045.5217,1040.9764
11476.267,11438.872,11498.165,11449.236,11558.513,11574.318,11555.99,11491.162,11518.902,11550.361,11521.784,11504.455,11600.127,11551.011
1006.567,1001.96783,1010.30334,1012.56445,1024.6913,1024.6698,1021.5989,1008.68054,1009.6328,1015.0758,1017.1101,1017.4241,1023.0496,1015.41846
11321.455,11284.735,11343.309,11295.158,11403.562,11418.742,11401.385,11336.801,11364.171,11395.8125,11367.535,11350.825,11446.6455,11397.134
1012.7446,1009.56604,1014.88434,1010.67615,1020.6188,1021.77997,1020.5425,1014.5062,1016.9146,1020.0298,1017.5415,1016.33545,1025.5543,1020.6236
664.5465,675.77246,684.0949,687.1404,677.36206,682.541,681.31287,674.64575,675.49536,685.58405,687.78076,682.1579,686.1297,686.0373
696.4426,708.21857,716.9046,720.0659,709.86273,715.3048,714.0093,707.04565,707.95135,718.45593,720.71063,714.8787,718.99304,718.9375
954.5243,954.4181,956.5814,954.9442,953.37695,954.0076,953.65497,952.27484,953.381,953.7626,952.77405,949.37115,953.1411,953.8884
779.42535,779.344,781.10925,779.7728,778.49506,779.01013,778.71967,777.5919,778.4963,778.8086,778.0006,775.22125,778.30084,778.9107
886.2957,888.8172,909.0443,904.5165,905.4742,911.6706,916.732,913.0125,918.03534,915.0441,916.421,906.6246,910.8962,912.4958
1039.6108,1042.5767,1066.2881,1060.9661,1062.1115,1069.3744,1075.3057,1070.9425,1076.835,1073.3291,1074.942,1063.4401,1068.4559,1070.3438
914.243,914.1449,916.2174,914.64905,913.1494,913.7536,913.4153,912.0913,913.15265,913.51697,912.5705,909.31274,912.9232,913.63806
972.1951,972.1943,975.2424,972.2561,971.4703,971.7365,970.1283,970.71375,972.33386,971.8683,970.7417,967.90155,970.303,970.32214
1031.4216,1033.5375,1034.9058,1032.0017,1029.7748,1029.0612,1031.7312,1033.2405,1034.1544,1032.4366,1030.0543,1027.6879,1030.4502,1031.3242
1016.10535,1016.18933,1021.8046,1020.87445,1019.39557,1019.8975,1016.1031,1016.17883,1017.5764,1017.95905,1017.9332,1016.929,1017.95166,1017.0706
973.091,973.1733,978.5499,977.6592,976.24146,976.7246,973.09125,973.161,974.49945,974.86847,974.84454,973.8809,974.8598,974.0175
828.56995,828.56836,831.16327,828.6203,827.9523,828.18164,826.80884,827.3082,828.68756,828.29254,827.3308,824.9127,826.9603,826.97437
829.156,829.231,833.8099,833.0542,831.847,832.25806,829.16016,829.2224,830.3599,830.6737,830.6526,829.83234,830.66534,829.94763
841.9054,843.6355,844.7528,842.38196,840.56433,839.98553,842.1611,843.3937,844.13824,842.737,840.7916,838.8595,841.11426,841.8303
987.8361,989.8639,991.17645,988.3935,986.2623,985.5789,988.13074,989.5788,990.45496,988.811,986.5267,984.2623,986.9085,987.74646
864.6894,866.298,868.78296,867.1125,866.03656,866.13007,865.9356,864.43555,865.0183,866.6931,865.846,862.84845,866.62854,867.9614
1015.0922,1015.089,1018.2718,1015.154,1014.3338,1014.61346,1012.9315,1013.54395,1015.2346,1014.7489,1013.57294,1010.60895,1013.1157,1013.13464
844.3124,853.69696,859.1529,859.8086,857.3823,857.6717,857.1592,855.4078,857.41864,859.71967,859.9589,858.0313,858.8357,858.89496
719.7923,727.7942,732.4378,732.99817,730.9329,731.1746,730.7403,729.2571,730.9702,732.9231,733.1259,731.4861,732.17035,732.2224
1058.8094,1060.4988,1063.4728,1061.4604,1060.2292,1060.4802,1060.2292,1058.4696,1059.117,1061.0001,1060.0026,1056.2084,1060.9392,1062.5337
547.6095,556.8099,563.8001,566.433,558.2212,562.4088,561.45807,555.824,556.5432,565.06934,567.0354,562.1825,565.6565,565.43964
1016.16833,1017.84155,1020.71124,1018.7731,1017.57623,1017.7934,1017.556,1015.84906,1016.4778,1018.3225,1017.3566,1013.72296,1018.25977,1019.8002
1052.0643,1057.4323,1076.5101,1078.4292,1079.3024,1081.328,1084.2646,1081.467,1090.7896,1088.8905,1092.2655,1079.542,1083.3226,1087.7837
1009.6255,1014.75226,1033.0654,1034.9653,1035.8322,1037.7404,1040.5793,1037.8434,1046.8601,1045.067,1048.3486,1036.0669,1039.69,1043.9745
881.4932,891.2969,896.9824,897.66907,895.14154,895.4375,894.9042,893.08417,895.1816,897.5754,897.82477,895.8159,896.65643,896.7188
858.7366,863.02136,878.6094,880.44476,881.3067,882.76154,885.2764,882.74194,890.67694,889.216,892.19183,881.49005,884.56616,888.17554
1125.973,1134.4482,1139.3385,1138.0519,1135.5436,1134.2357,1131.3973,1130.2124,1133.9083,1136.4576,1135.963,1134.6501,1136.4542,1135.8187
1042.7258,1046.7803,1049.0162,1045.333,1043.1211,1043.5255,1045.4563,1046.827,1047.741,1046.5702,1045.0056,1043.3962,1046.009,1046.7292
918.4578,926.145,930.1522,929.1641,927.20544,925.84314,923.6437,922.2967,925.5379,927.8087,927.46063,926.3028,927.8072,927.2234
1084.7266,1088.9515,1091.1376,1087.6549,1086.0928,1085.5509,1084.988,1086.6919,1087.8839,1087.9994,1086.6671,1085.2893,1087.8356,1087.8688
851.3163,854.6865,856.67804,853.7559,851.91907,852.083,853.78625,854.90094,855.66345,854.7133,853.5013,852.1237,854.2909,854.8655
1080.3687,1088.6865,1093.3822,1092.1562,1089.7712,1088.4478,1085.75,1084.5276,1088.1272,1090.6143,1090.1539,1088.8738,1090.613,1089.9879
885.41486,889.08527,890.8693,887.991,886.70435,886.2077,885.8464,887.1671,888.2258,888.36743,887.3074,886.11084,888.2208,888.21423
1000.68976,1004.59174,1006.77783,1003.259,1001.1355,1001.48755,1003.36566,1004.6787,1005.55646,1004.43494,1002.95184,1001.39154,1003.90753,1004.595
12552.924,12576.871,12598.351,12585.549,12611.672,12652.274,12650.657,12615.6875,12557.302,12607.91,12675.834,12692.786,12758.388,12768.247
12415.3125,12439.029,12460.354,12447.727,12473.803,12513.8125,12512.188,12477.629,12419.89,12469.926,12537.23,12554.061,12619.01,12628.904
12513.88,12443.087,12380.989,12278.899,12296.401,12423.506,12424.215,12359.565,12272.859,12333.337,12362.486,12348.506,12467.708,12491.754
12407.174,12336.663,12275.153,12174.508,12192.234,12317.931,12318.493,12253.692,12167.773,12228.323,12257.544,12243.183,12361.546,12385.026
14251.809,14219.491,14250.904,14155.556,14256.498,14322.543,14477.437,14359.521,14288.73,14180.58,14392.955,14339.162,14402.333,14483.442
14374.741,14342.522,14374.019,14278.0,14379.984,14446.528,14603.121,14484.173,14412.647,14304.055,14517.999,14463.811,14526.837,14608.566
11197.461,11151.22,11070.434,11008.153,11023.849,11128.146,11133.991,11053.963,10976.675,11043.087,11073.406,11058.816,11163.368,11187.395
13491.932,13487.922,13425.884,13375.7705,13387.249,13407.7,13453.269,13461.377,13434.732,13415.67,13420.227,13424.266,13469.442,13489.91
12065.059,12077.115,12020.048,11976.953,11990.493,12006.836,12050.233,12066.992,12024.721,12008.81,12021.63,12019.874,12062.428,12080.374
13376.709,13373.535,13311.272,13261.744,13272.922,13293.083,13338.233,13346.698,13319.968,13301.022,13305.817,13309.622,13354.523,13374.984
12843.136,12811.357,12843.07,12753.758,12846.18,12913.863,13068.115,12947.86,12877.677,12764.773,12981.392,12922.714,12986.057,13058.188
11888.421,11845.989,11843.275,11845.144,11869.861,11863.404,11853.831,11821.583,11790.843,11803.075,11831.642,11843.129,11877.913,11858.721
13180.875,13121.858,13114.869,13116.135,13146.157,13140.22,13128.416,13088.347,13052.951,13064.206,13097.227,13114.506,13160.887,13135.038
13243.826,13199.435,13180.583,13159.966,13179.726,13185.441,13187.48,13182.477,13168.941,13173.312,13181.255,13180.593,13212.991,13213.786
13131.283,13087.059,13068.071,13047.553,13067.139,13072.798,13074.831,13069.88,13056.365,13060.682,13068.591,13067.986,13100.12,13101.063
11854.429,11821.359,11802.3125,11781.99,11804.154,11808.1875,11810.229,11803.198,11789.164,11794.981,11802.986,11801.873,11830.784,11826.968
10262.589,10296.05,10315.455,10308.019,10335.534,10388.962,10392.176,10339.091,10260.282,10318.178,10416.008,10438.774,10497.627,10520.469
11397.069,11435.031,11457.669,11445.961,11478.328,11527.187,11531.631,11493.7705,11413.889,11468.395,11554.096,11574.128,11641.9795,11659.28
13770.633,13727.603,13614.807,13479.684,13504.344,13641.044,13632.029,13601.541,13501.2295,13565.141,13584.074,13572.661,13679.299,13706.989
11495.341,11533.687,11556.58,11544.556,11577.536,11626.794,11631.41,11593.27,11513.04,11567.705,11653.812,11673.756,11742.141,11759.409
13642.094,13598.481,13487.355,13353.148,13378.099,13513.038,13504.234,13473.642,13374.329,13438.036,13456.963,13445.613,13551.398,13578.648
13851.368,13820.341,13848.34,13768.01,13861.412,13912.329,14042.162,13949.649,13890.44,13837.007,14000.385,13956.16,13991.173,14056.131
10952.434,10983.258,11005.5205,10995.799,11021.531,11059.459,11061.028,11028.725,10964.36,11015.386,11082.464,11096.79,11155.975,11167.285
12248.1,12199.542,12117.203,12006.489,12033.911,12147.337,12150.161,12104.679,12008.553,12076.37,12100.161,12083.89,12186.267,12204.646
13721.508,13690.349,13718.377,13638.495,13730.968,13781.405,13909.59,13818.173,13759.215,13705.947,13868.509,13824.267,13859.576,13924.094
13508.229,13475.096,13427.404,13395.028,13401.783,13418.724,13447.098,13452.077,13431.377,13423.899,13425.468,13430.973,13475.3125,13482.536
12317.044,12285.847,12316.786,12240.095,12328.776,12378.592,12506.668,12413.302,12348.98,12292.834,12465.156,12413.066,12448.226,12507.541
12032.952,12008.884,11968.831,11929.07,11940.184,11955.257,11988.588,11994.782,11972.976,11963.669,11964.553,11968.0625,12002.326,12011.105
14651.874,14566.958,14548.309,14559.479,14604.62,14596.089,14568.458,14518.695,14448.51,14469.527,14525.749,14554.4,14622.163,14577.799
13876.662,13835.428,13817.882,13803.167,13820.228,13824.882,13822.616,13816.0205,13809.049,13817.408,13821.506,13820.792,13859.15,13852.275
13048.737,12984.598,12977.452,12981.918,13015.502,13006.146,12992.049,12944.0625,12899.939,12922.427,12960.377,12979.358,13024.993,12994.515
12486.59,12444.501,12430.021,12414.005,12431.733,12434.747,12435.45,12431.22,12418.644,12427.032,12433.336,12431.195,12460.334,12456.314
14514.558,14430.384,14412.369,14423.169,14467.481,14458.741,14431.657,14382.156,14313.399,14334.305,14389.694,14418.015,14484.786,14441.184
13405.067,13414.283,13378.579,13597.693,13758.016,13514.9375,13671.507,13497.696,13224.365,13380.802,13334.557,13305.464,13512.9,13753.053
12296.961,12309.827,12370.654,12531.238,12581.534,12376.375,12395.064,12396.481,12169.148,12293.719,12294.975,12445.389,12363.468,12428.279
12220.345,12222.899,12274.527,12415.355,12440.022,12311.704,12279.6045,12335.817,12116.834,12196.233,12292.421,12400.0,12317.078,12384.567
12382.86,12385.471,12437.599,12580.257,12605.278,12475.553,12442.803,12500.242,12278.083,12357.861,12456.222,12565.723,12481.082,12549.246
12401.225,12408.492,12377.453,12574.727,12719.817,12499.876,12641.729,12481.416,12223.189,12365.882,12326.292,12289.184,12485.017,12698.826
15093.742,15057.429,14984.8545,14941.41,14983.276,14930.471,14965.91,15058.033,14974.729,14868.45,14791.463,14849.014,14786.202,15000.467
11377.946,11389.81,11445.572,11590.011,11636.603,11447.589,11461.996,11457.256,11247.1045,11365.491,11366.786,11492.907,11424.658,11479.404
14905.951,14869.415,14797.665,14754.662,14795.702,14744.333,14778.982,14869.646,14787.295,14682.643,14607.742,14663.617,14602.584,14813.757
13956.09,13915.564,13846.898,13806.791,13841.3545,13800.519,13829.324,13911.498,13833.441,13737.429,13679.334,13722.561,13673.929,13867.136
13890.531,13874.466,13837.248,14032.262,14236.0,13862.559,13897.612,13898.995,13541.918,13537.806,13635.021,13737.746,13691.567,13717.549
14507.419,14548.307,14471.633,14602.369,14799.607,14625.131,14887.109,14758.105,14779.424,14773.686,14429.407,14573.68,14687.456,14914.395
13420.96,13455.469,13384.944,13503.824,13686.849,13523.177,13764.27,13643.145,13663.314,13658.075,13331.673,13461.5625,13565.895,13778.678
14064.263,14047.958,14010.371,14208.606,14414.787,14036.091,14072.922,14074.232,13712.061,13707.913,13805.773,13911.469,13863.774,13890.16
13016.091,13001.157,12965.082,13140.953,13332.69,12988.311,13010.316,13011.114,12680.597,12676.376,12772.824,12856.159,12818.916,12842.736
13608.529,13619.794,13549.782,13784.414,13933.641,13753.244,13901.771,13700.146,13543.08,13875.652,13692.54,13661.338,13900.407,14080.441
14327.923,14367.984,14292.357,14421.242,14616.427,14443.514,14702.33,14574.547,14595.612,14590.172,14249.815,14391.764,14504.398,14728.591
14207.644,14210.033,14140.147,14294.218,14527.911,14278.9,14507.025,14358.15,14423.989,14494.636,14224.192,14293.131,14263.378,14545.779
11237.898,11240.568,11289.393,11415.1875,11437.825,11321.269,11293.837,11340.432,11142.751,11219.931,11299.667,11387.339,11320.847,11386.104
14031.438,14033.696,13964.708,14116.555,14347.617,14101.008,14326.129,14179.368,14243.239,14313.85,14045.961,14113.73,14083.848,14363.427
13208.763,13171.299,13137.504,13085.852,13095.723,13101.787,13115.262,13193.376,13100.936,13033.651,12972.128,13056.657,13013.207,13138.086
13369.334,13331.772,13297.775,13245.479,13255.669,13261.342,13275.329,13354.384,13261.025,13192.649,13129.568,13216.241,13171.593,13297.949
13142.534,13143.064,13080.349,13218.67,13437.344,13198.926,13410.099,13274.19,13325.13,13393.136,13141.087,13198.139,13168.086,13432.707
13445.26,13456.272,13387.29,13618.721,13766.238,13587.909,13734.318,13535.344,13378.872,13708.162,13527.223,13495.187,13731.848,13910.885
12247.283,12207.49,12171.414,12125.674,12131.417,12142.748,12150.199,12223.786,12134.772,12077.199,12031.382,12091.906,12063.333,12178.457
13385.322,13426.599,13370.064,13471.263,13592.873,13543.891,13706.853,13681.986,13675.505,13658.486,13507.573,13622.617,13718.152,13797.014
13225.469,13266.131,13210.337,13310.069,13430.337,13381.58,13542.703,13517.858,13511.613,13494.903,13345.227,13457.813,13553.363,13632.022
12272.092,12306.847,12254.873,12341.707,12455.332,12408.468,12557.001,12533.208,12529.9795,12512.462,12365.109,12453.384,12555.705,12638.837
13904.115,13919.242,13847.348,13986.186,14159.837,14049.588,14174.69,14104.848,14177.046,14287.092,14132.594,14169.155,14153.67,14306.644
13112.669,13082.449,13050.267,13239.629,13374.497,13093.744,13145.267,13142.574,12746.283,12959.538,12918.101,13076.531,13019.459,13062.223
14302.516,14269.056,14237.088,14453.66,14600.69,14289.97,14351.046,14342.418,13913.657,14146.923,14100.983,14290.586,14217.752,14267.523
14131.452,14098.324,14066.619,14280.0205,14425.34,14118.611,14178.567,14170.297,13746.081,13976.521,13931.595,14117.758,14046.385,14095.355
13737.359,13752.001,13681.092,13817.677,13989.516,13880.12,14004.174,13934.533,14006.052,14114.632,13961.568,13996.885,13982.233,14134.119
12744.543,12755.252,12689.951,12808.473,12969.922,12864.492,12986.45,12917.054,12984.713,13081.506,12935.074,12956.1875,12953.119,13101.926
11652.681,11623.136,11642.523,11631.76,11672.901,11829.977,11854.772,11674.209,11613.315,11624.619,11656.62,11739.652,11781.856,11642.484
11045.487,11017.637,11036.584,11026.125,11065.661,11214.912,11236.357,11064.736,11008.976,11020.018,11049.386,11128.313,11168.398,11037.278
13919.526,13831.095,13807.513,13807.602,13853.963,13976.045,13968.499,13879.107,13816.203,13782.039,13781.109,13800.809,13868.628,13792.832
14531.456,14438.568,14413.223,14412.143,14462.53,14589.967,14583.636,14490.28,14427.508,14390.167,14389.239,14408.5205,14477.451,14398.462
1358.2936,1352.3271,1354.5522,1352.658,1357.3373,1378.1693,1383.0629,1362.2657,1351.9397,1352.2795,1357.0682,1367.2384,1373.1177,1354.0328
1705.0055,1688.6265,1698.2738,1685.6704,1712.1234,1729.241,1740.175,1709.3225,1701.3258,1687.3242,1700.319,1711.2782,1705.2462,1693.9353
1301.0579,1295.5444,1297.6378,1295.8538,1300.5763,1320.4269,1324.9276,1304.9415,1295.1545,1295.5769,1300.2145,1309.9843,1315.5814,1297.2999
1633.2278,1617.6082,1626.8516,1614.9594,1640.3828,1656.8889,1667.39,1637.6749,1629.6936,1616.4637,1628.7878,1639.602,1633.8707,1622.9482
1281.1868,1269.5957,1276.5836,1268.4274,1288.4448,1301.8019,1309.9758,1285.8538,1278.2478,1269.3164,1277.8462,1287.5381,1283.6118,1274.6156
10922.724,10853.915,10839.342,10841.631,10872.786,10967.2,10957.375,10887.576,10831.04,10811.493,10810.7,10831.451,10887.409,10828.249
1514.0729,1501.5426,1497.8297,1490.3116,1497.7119,1516.6959,1520.507,1512.2384,1508.3525,1497.1406,1492.4613,1497.9956,1507.4824,1491.2548
1187.6212,1177.2416,1174.972,1169.6509,1175.1199,1190.2191,1193.8009,1187.1898,1183.9033,1174.2455,1171.3995,1176.3969,1184.2854,1171.189
1580.6216,1567.6667,1563.6687,1555.7229,1563.5098,1583.2223,1587.0988,1578.5153,1574.5167,1562.9749,1557.9547,1563.6062,1573.4271,1556.5249
1554.0388,1534.397,1536.9539,1534.8572,1555.6719,1568.2567,1563.7754,1545.5684,1536.1881,1530.3462,1532.6207,1542.9337,1552.7562,1531.281
15449.957,15348.988,15331.062,15313.072,15360.784,15499.569,15490.576,15386.536,15304.126,15278.367,15274.569,15315.003,15402.492,15308.2705
1488.6421,1469.7449,1472.2422,1470.1708,1490.3939,1502.487,1498.12,1480.5543,1471.4053,1466.0607,1468.1893,1477.9143,1487.5286,1467.0079
1168.041,1152.9758,1154.9741,1153.2737,1170.0897,1179.7003,1175.9711,1161.7479,1153.8694,1150.6788,1152.2998,1159.2537,1167.5116,1151.7587
1488.6847,1473.8896,1472.452,1468.1755,1480.9882,1492.4894,1490.1627,1480.3774,1478.3661,1473.0143,1472.9153,1477.9224,1483.6086,1468.6486
1208.3442,1200.1836,1198.6301,1196.6354,1201.0616,1211.5879,1210.442,1202.3992,1194.7532,1193.5514,1193.1652,1196.262,1203.5758,1196.839
1554.1932,1538.7129,1537.2401,1532.7428,1545.8252,1557.7753,1555.4849,1545.4653,1543.3497,1537.8312,1537.6903,1542.8135,1548.644,1533.1057
1020.5817,1016.8837,1018.5793,1017.2363,1021.86224,1037.0646,1039.4459,1023.623,1016.6622,1017.41266,1020.8883,1028.7473,1033.0433,1018.98035
15989.719,15814.544,15826.069,15763.937,15811.244,16002.691,16089.128,16010.75,15962.456,15813.829,15783.515,15831.414,15970.209,15788.25
16155.015,16049.716,16031.336,16014.654,16063.015,16209.071,16200.756,16091.51,16008.62,15979.532,15975.489,16017.507,16107.764,16008.539
1167.5387,1156.3401,1155.1271,1151.5507,1162.9734,1172.4095,1169.8414,1161.4038,1159.7333,1155.4781,1155.5995,1159.924,1164.7665,1152.6989
12381.172,12293.522,12354.232,12296.035,12482.911,12618.41,12703.141,12448.903,12361.389,12296.698,12359.842,12459.048,12449.695,12347.494
16586.82,16452.37,16543.385,16448.15,16697.16,16873.287,16985.371,16657.475,16553.262,16450.81,16543.777,16671.766,16642.758,16521.912
15857.772,15731.304,15817.185,15728.71,15967.38,16136.84,16243.986,15928.832,15826.697,15731.212,15818.488,15942.624,15916.505,15798.831
15286.631,15119.45,15131.3545,15073.861,15118.214,15299.789,15383.394,15309.154,15262.56,15118.723,15091.481,15136.576,15270.562,15097.678
1732.9265,1711.1423,1713.8943,1711.1149,1735.8972,1750.8619,1748.0409,1725.507,1713.0764,1708.6431,1711.4745,1720.6272,1730.9087,1710.8813
1591.9408,1576.4979,1576.5071,1570.6375,1587.4484,1601.8344,1598.6914,1586.0569,1583.162,1576.3168,1576.7026,1584.2587,1591.1953,1572.7712
1242.9644,1230.8512,1230.9784,1226.8003,1239.7943,1251.8198,1249.1377,1239.4292,1236.5504,1230.6744,1231.9734,1238.5256,1244.2781,1228.8771
1193.5161,1180.8777,1181.836,1178.2417,1181.3773,1194.7747,1201.4662,1195.8892,1191.9751,1180.5702,1178.9729,1182.2661,1193.028,1180.24
1294.1987,1278.7218,1280.3976,1278.9559,1296.5685,1308.0396,1305.7502,1288.3707,1278.6637,1276.6058,1278.6439,1285.1305,1292.9526,1278.8517
1665.1139,1648.9941,1648.9478,1642.7412,1660.2471,1675.1256,1671.9288,1658.7501,1655.8767,1648.7676,1649.0282,1656.7437,1663.9075,1644.8855
1656.8778,1636.1763,1638.7405,1636.2017,1659.7185,1674.1042,1671.4128,1649.7406,1637.7344,1633.7749,1636.478,1645.1268,1655.0115,1636.024
13104.603,12977.691,12926.416,13028.949,13066.569,13059.527,13015.735,13032.449,12949.013,13049.361,13056.368,13023.195,13119.548,13091.1
12302.025,12354.892,12358.351,12453.205,12483.202,12471.113,12456.843,12449.131,12404.925,12473.3955,12512.962,12531.946,12587.332,12571.348
12107.462,12159.454,12162.86,12256.072,12285.872,12273.918,12259.837,12252.217,12208.471,12275.933,12315.152,12333.901,12388.424,12372.648
10879.244,10859.258,10824.849,10926.75,10963.791,10988.073,10966.618,10986.138,10918.903,10980.919,11028.1045,11060.814,11103.475,11075.719
11090.916,11070.565,11035.345,11139.146,11176.883,11201.751,11179.943,11199.836,11131.051,11194.5205,11242.552,11275.862,11319.284,11290.956
13315.559,13187.019,13134.771,13239.056,13277.423,13270.097,13225.774,13242.488,13157.902,13260.027,13266.705,13232.706,13330.48,13301.703
11763.611,11647.359,11601.874,11690.926,11719.298,11718.501,11677.712,11695.018,11617.746,11707.061,11716.093,11693.602,11779.849,11754.358
1086.9083,1091.5989,1091.8691,1100.0758,1102.9421,1102.043,1100.6587,1099.9784,1095.4851,1101.7988,1105.6819,1107.6921,1112.4384,1111.1534
15414.156,15454.147,15457.561,15515.256,15606.049,15598.4,15622.856,15614.583,15554.082,15574.748,15606.901,15616.283,15656.457,15660.764
1269.635,1266.1284,1265.3906,1266.7527,1268.4238,1268.9379,1270.3655,1271.2935,1269.1143,1269.5292,1268.792,1270.1218,1273.532,1271.669
15170.226,15209.925,15213.188,15270.1455,15359.524,15351.9,15375.964,15367.806,15308.366,15328.622,15360.24,15369.474,15409.061,15413.188
14363.664,14322.38,14314.158,14330.463,14348.644,14354.814,14370.533,14380.351,14355.921,14361.119,14353.164,14368.064,14406.911,14385.602
1361.4271,1365.3531,1365.4286,1371.1132,1379.324,1378.5441,1380.8383,1380.1224,1374.5706,1376.3824,1379.2811,1380.1495,1383.7426,1384.145
14136.944,14096.355,14088.268,14104.235,14122.224,14128.253,14143.738,14153.426,14129.369,14134.43,14126.623,14141.286,14179.49,14158.493
14124.885,14060.484,14033.367,14127.121,14174.021,14133.564,14073.676,14102.472,14014.379,14069.761,14088.3955,14127.058,14178.803,14124.343
14112.772,14046.931,14033.504,14074.061,14096.919,14085.194,14056.087,14092.998,14059.911,14090.55,14077.07,14088.375,14141.136,14118.664
13901.634,13838.416,13811.982,13903.826,13949.828,13910.182,13851.482,13879.631,13793.305,13847.546,13865.756,13903.812,13954.622,13900.995
1247.4484,1241.8932,1240.8069,1244.2056,1246.126,1245.2251,1242.7496,1245.909,1243.0756,1245.4905,1244.4784,1245.4838,1250.223,1248.233
13889.787,13825.21,13812.079,13851.854,13874.301,13862.861,13834.266,13870.537,13838.042,13867.9375,13854.853,13866.003,13917.998,13895.863
1248.288,1242.7638,1240.6025,1248.569,1252.595,1249.1409,1244.0969,1246.3793,1238.8175,1243.471,1245.0328,1248.6097,1253.1105,1248.2821
13979.748,13976.351,13967.364,14001.995,14086.671,14085.21,14120.801,14102.083,14076.264,14078.505,14095.906,14115.852,14155.014,14155.435
1538.6858,1526.7618,1519.2979,1526.4785,1529.7432,1535.3901,1529.9645,1526.5826,1524.2458,1530.859,1528.3763,1527.7368,1536.0355,1533.4354
1565.4911,1553.3513,1545.7546,1553.0544,1556.3425,1562.1274,1556.6107,1553.1642,1550.7753,1557.5183,1554.9791,1554.3434,1562.7742,1560.1348
9574.123,9557.141,9529.313,9619.237,9650.82,9670.96,9652.237,9668.876,9614.408,9664.695,9705.983,9735.524,9774.119,9751.22
1373.4756,1362.8116,1356.285,1362.5809,1365.8528,1370.4478,1365.6243,1362.8218,1360.7374,1366.5581,1364.605,1363.6803,1371.4099,1369.0913
15653.952,15645.05,15633.497,15673.82,15771.584,15770.56,15811.65,15790.558,15758.687,15761.521,15782.7705,15806.219,15850.571,15851.58
1539.2224,1532.9419,1529.6412,1531.0481,1534.0667,1536.4902,1538.4069,1539.7,1536.8912,1536.249,1535.622,1537.8335,1541.7062,1540.2699
1669.2349,1658.5084,1652.7229,1665.9335,1673.3534,1670.1587,1663.1538,1666.6462,1656.8887,1661.6409,1664.6455,1667.8486,1674.4722,1668.4424
15926.004,15916.659,15904.828,15945.93,16045.4795,16044.53,16086.384,16064.905,16032.293,16035.235,16056.952,16080.83,16125.966,16127.134
1350.8142,1345.3744,1342.5833,1343.7823,1346.5323,1348.6154,1350.3572,1351.4606,1348.9856,1348.4408,1347.9213,1349.8323,1353.2107,1351.9257
1462.0697,1453.1375,1447.9867,1459.5096,1465.5072,1463.0042,1457.2383,1459.6956,1451.7489,1455.8044,1458.3717,1461.193,1466.9305,1461.5088
1512.9208,1506.75,1503.5132,1504.8943,1507.8727,1510.247,1512.1349,1513.406,1510.6454,1510.0106,1509.3994,1511.5717,1515.3779,1513.9623
1637.3073,1626.8237,1621.1545,1634.0907,1641.3226,1638.214,1631.3698,1634.7517,1625.2448,1629.8914,1632.8285,1635.9679,1642.4587,1636.5302
1404.9751,1397.8326,1394.9095,1398.9817,1401.9744,1401.9988,1400.6782,1401.4856,1399.6616,1401.4723,1400.566,1401.4916,1405.6222,1403.6459
1600.8217,1592.6823,1589.1953,1593.9247,1597.2006,1597.4138,1595.7992,1596.8177,1594.6716,1596.7611,1595.6503,1596.8345,1601.5305,1599.306
1573.4648,1565.4631,1562.0452,1566.6903,1569.9186,1570.1177,1568.5343,1569.532,1567.4303,1569.4794,1568.3914,1569.5486,1574.164,1571.9772
1368.9727,1375.9684,1382.987,1384.4764,1384.7656,1387.6384,1385.3445,1381.5913,1380.1063,1386.8687,1392.9158,1394.2959,1399.992,1396.9194
11862.035,11805.065,11846.186,11828.649,11821.559,11863.096,11864.309,11804.125,11799.057,11829.324,11854.402,11843.122,11893.608,11892.038
1189.4237,1190.1044,1202.3086,1201.5094,1206.2397,1205.4994,1215.1852,1201.25,1203.202,1200.2683,1213.9701,1213.6759,1216.5496,1217.0802
1318.8895,1325.6815,1332.4229,1333.9014,1334.1945,1336.9327,1334.6904,1331.1067,1329.6403,1336.1768,1342.0059,1343.3363,1348.8341,1345.8821
12188.123,12128.867,12171.621,12153.216,12145.915,12188.635,12190.16,12128.117,12123.242,12154.141,12179.7295,12168.013,12219.889,12218.297
14122.296,14128.18,14274.32,14263.012,14317.853,14308.24,14427.143,14261.993,14284.524,14248.124,14408.477,14403.939,14438.325,14444.066
13743.385,13749.508,13891.543,13880.878,13934.405,13925.243,14040.199,13879.538,13901.597,13866.44,14022.832,14018.62,14052.027,14057.678
1026.8732,1022.219,1025.5884,1024.2117,1023.6195,1027.1906,1027.1718,1022.05035,1021.49335,1024.1761,1026.4182,1025.5007,1029.871,1029.7234
13186.762,13190.629,13207.671,13190.634,13195.009,13201.723,13222.46,13213.431,13212.925,13208.442,13211.042,13212.183,13256.313,13252.208
12833.654,12837.704,12854.179,12837.672,12841.9795,12848.527,12868.474,12859.888,12859.253,12855.028,12857.616,12858.721,12901.779,12897.905
12572.427,12493.079,12588.43,12636.06,12675.82,12663.403,12624.806,12568.015,12566.088,12581.097,12629.135,12634.852,12692.54,12652.244
12918.896,12837.393,12935.024,12983.396,13023.857,13011.307,12971.915,12913.056,12911.567,12926.764,12975.793,12981.591,13040.948,12999.614
11301.942,11363.626,11421.063,11436.115,11437.708,11461.227,11440.617,11409.841,11394.166,11452.274,11502.222,11513.463,11561.515,11536.346
1475.876,1468.3414,1473.6473,1471.3137,1470.4014,1475.8053,1475.9688,1468.2992,1467.8602,1471.6401,1474.687,1473.1737,1479.4846,1479.3109
15419.553,15424.516,15581.498,15568.621,15628.646,15619.971,15744.851,15570.199,15593.49,15555.53,15725.257,15721.269,15757.174,15763.621
12596.442,12577.019,12599.724,12586.596,12596.893,12604.267,12596.213,12580.526,12584.644,12590.221,12607.82,12602.817,12658.8955,12637.26
10999.559,11059.922,11115.714,11130.774,11132.534,11155.141,11134.785,11104.962,11089.404,11146.213,11195.009,11205.98,11252.748,11228.323
12942.52,12922.262,12945.718,12932.047,12942.641,12950.33,12942.062,12925.812,12930.089,12935.796,12953.935,12948.624,13005.961,12983.531
1519.2999,1511.4578,1516.9766,1514.5251,1513.5848,1519.1578,1519.3556,1511.4362,1511.0226,1514.8916,1518.0142,1516.4395,1522.9299,1522.7546
1088.0824,1081.2285,1089.5842,1093.9026,1097.4979,1096.3401,1092.9014,1088.2079,1087.8652,1089.2451,1093.5011,1094.0311,1098.9694,1095.4443
952.22815,957.5607,962.3555,963.7877,964.0108,965.87933,964.0124,961.48035,960.026,965.022,969.30566,970.25134,974.31726,972.2266
1090.7015,1089.1045,1091.0397,1089.9525,1090.8444,1091.4497,1090.747,1089.4279,1089.7715,1090.2654,1091.7678,1091.3873,1096.347,1094.541
1087.963,1093.8073,1099.2694,1100.6671,1100.9496,1103.0875,1101.0809,1098.2808,1096.9436,1102.3965,1107.2109,1108.3135,1112.872,1110.4698
1280.7974,1281.391,1294.3549,1293.4526,1298.5138,1297.8743,1307.8809,1293.3547,1295.3601,1292.362,1306.6853,1306.429,1309.3844,1309.9651
1511.279,1508.8058,1511.5742,1509.8645,1511.1893,1512.132,1511.1198,1509.1309,1509.6893,1510.395,1512.527,1512.0033,1518.2715,1515.6454
14977.724,14982.902,15135.205,15122.975,15181.521,15173.187,15293.721,15124.059,15146.918,15110.235,15275.584,15271.891,15306.713,15313.061
1262.3529,1256.272,1260.5942,1258.7831,1258.0098,1262.5948,1262.5836,1256.16,1255.624,1258.9487,1261.6218,1260.396,1265.8098,1265.6432
1498.4437,1498.5579,1500.623,1498.5985,1499.1028,1499.9196,1502.2856,1501.2062,1501.3096,1500.7072,1500.904,1501.1199,1506.0869,1505.4949
1343.0769,1335.06,1344.7454,1349.736,1354.024,1352.7115,1348.373,1342.6086,1342.4603,1344.0792,1349.0645,1349.6921,1355.8427,1351.5326
1570.661,1561.2446,1572.3981,1577.9573,1582.7296,1581.3374,1576.4061,1569.1647,1569.2853,1571.0847,1576.802,1577.5499,1584.7886,1579.7953
1244.8718,1245.2239,1246.8057,1245.2178,1245.6654,1246.323,1248.126,1247.3662,1247.3536,1246.9443,1247.1296,1247.3021,1251.4862,1251.0414
1616.983,1607.293,1618.7404,1624.3923,1629.2603,1627.8542,1622.8107,1615.2655,1615.4475,1617.2825,1623.1378,1623.9127,1631.3607,1626.237
1555.7288,1553.145,1556.0154,1554.2277,1555.6038,1556.5867,1555.5444,1553.4712,1554.0554,1554.7797,1556.9742,1556.4354,1562.8359,1560.122
11964.247,11847.733,11911.062,11957.576,11855.489,11892.145,11855.922,11817.79,11815.634,11882.242,11936.225,11931.385,11952.554,11931.742
12221.05,12102.769,12165.683,12212.626,12108.943,12146.6875,12109.352,12070.343,12067.991,12135.908,12191.294,12186.157,12207.962,12186.016
8737.264,8684.084,8651.75,8723.08,8564.264,8689.147,8576.679,8488.989,8519.129,8651.66,8585.684,8688.362,8643.728,8737.747
9486.981,9431.094,9395.406,9473.076,9301.944,9439.387,9313.374,9219.53,9248.318,9395.007,9323.084,9437.787,9385.736,9487.99
10889.009,10807.245,10862.701,10863.82,10831.711,10835.35,10858.546,10832.631,10837.855,10824.682,10863.582,10860.408,10878.694,10860.522
9859.558,9788.778,9837.967,9840.086,9809.068,9813.29,9835.569,9811.595,9817.479,9803.828,9840.187,9836.902,9854.207,9837.258
3455.4126,3450.6245,3431.8638,3451.9373,3419.105,3411.1653,3343.8909,3350.8328,3362.8503,3416.5442,3419.215,3428.7292,3399.4836,3363.3364
1685.5663,1722.3594,1706.8706,1721.2402,1686.1342,1722.1582,1726.0233,1722.344,1695.8993,1726.1239,1674.5355,1693.7988,1687.1947,1666.5907
11406.232,11393.769,11381.438,11384.195,11380.108,11375.794,11366.979,11373.406,11369.248,11384.916,11393.501,11374.619,11351.56,11346.32
31776.285,32121.861,31625.537,31768.736,30736.953,31435.004,31773.79,31215.512,30884.578,31292.098,31601.28,31671.488,31531.742,31460.768
31776.285,32121.861,31625.537,31768.736,30736.953,31435.004,31773.79,31215.512,30884.578,31292.098,31601.28,31671.488,31531.742,31460.768
3834.8425,3812.407,3806.9636,3809.9712,3804.6497,3804.9543,3816.7847,3807.9001,3836.0613,3830.2034,3808.1948,3803.7947,3823.134,3794.3298
6748.426,6755.649,6762.613,6794.8857,6757.736,6762.2153,6757.9634,6785.431,6763.645,6803.072,6776.41,6778.8457,6756.2344,6770.2324
665.9151,693.5227,689.6788,676.41125,646.5544,686.55066,705.9521,700.3182,684.0531,691.00824,667.48315,705.74646,696.74927,705.53796
2670.891,2681.5737,2686.9644,2686.0586,2676.6182,2688.8584,2695.4443,2705.4094,2698.8582,2694.5034,2686.9148,2692.9326,2687.0437,2691.9111
2971.4314,2983.3206,2989.3154,2988.307,2977.804,2991.4211,2998.7473,3009.8354,3002.5461,2997.705,2989.2583,2995.9517,2989.4014,2994.8208
1063.5259,1081.8348,1067.2891,1066.8972,1237.8369,1186.0332,1220.3666,1249.0798,1295.607,1256.0206,1221.1521,1162.7582,1224.8296,1243.3591
6224.8784,6245.243,6235.4,6267.107,6247.2803,6284.7476,6219.286,6231.569,6223.6787,6242.2617,6230.49,6247.6987,6252.2964,6272.4136
2731.184,2747.3835,2703.203,2674.2356,2688.065,2716.1887,2676.6338,2659.6267,2681.791,2698.0508,2687.8694,2655.6716,2682.998,2669.9587
3928.2207,3959.557,3959.685,3949.9111,3950.2258,3942.1787,3923.5222,3938.434,3972.3848,3977.329,3966.0105,3961.105,3973.7366,3970.6396
2977.1782,2957.0193,2949.4521,2954.46,2942.4993,2927.0227,2926.1978,2936.8594,2935.1025,2925.57,2918.5073,2924.2585,2922.4077,2918.6216
3837.2617,3915.291,3946.8213,3957.9402,3898.7393,3893.1985,3925.4807,3959.2368,3974.4194,3966.467,3992.8794,3920.7502,3841.983,3894.492
3703.4736,3636.9575,3676.8394,3800.8896,3822.7605,3778.2737,3776.1064,3788.4949,3825.5583,3761.5845,3734.3877,3749.9917,3788.4485,3784.526
8860.242,8737.186,8722.802,8764.409,8874.706,8789.679,8597.143,8733.722,8760.444,8574.026,8507.768,8570.906,8678.976,8495.249
8876.775,9035.69,8996.943,8956.47,8917.669,8954.118,8918.447,9018.598,8976.335,9024.216,9025.319,9024.461,9020.2705,9046.091
6899.506,6961.8906,6921.621,6856.7495,6888.1797,6855.8726,6875.612,6998.2505,7147.054,7042.759,7001.354,6938.4697,7000.803,6983.7734
3352.7173,3377.5525,3325.5361,3310.447,3314.149,3338.4375,3340.8892,3376.8726,3394.8765,3365.0168,3319.3933,3332.1702,3367.6504,3357.5256
4031.1455,4099.059,4137.2197,4131.59,3932.51,3765.063,3800.276,3949.561,3954.5745,3973.0012,4019.242,3990.028,3930.9434,3829.3242
3885.918,3882.3528,3859.1804,3835.131,3821.9722,3834.7803,3856.4875,3879.5417,3867.109,3836.6763,3838.2927,3838.4812,3851.109,3842.7876
5367.446,5358.044,5313.3604,5285.05,5270.798,5263.02,5277.6104,5267.474,5251.625,5247.786,5261.6543,5253.225,5324.4053,5345.0186
3484.7773,3525.9722,3542.8894,3513.4592,3462.5764,3457.176,3438.8384,3495.9497,3521.9773,3531.9768,3533.398,3503.681,3480.6807,3490.8152
2377.367,2407.6775,2422.8796,2425.286,2435.3938,2436.456,2437.3003,2429.0344,2442.9167,2437.2786,2433.825,2409.5063,2415.0908,2431.687
5003.1807,5017.157,4996.5835,4978.7075,4992.2837,4995.704,4999.644,4998.936,4965.5015,4986.63,5000.6313,4993.0337,5014.8794,5013.9307
3675.0693,3666.3335,3662.8782,3607.493,3594.766,3595.802,3610.5466,3611.7869,3611.584,3609.313,3609.425,3607.0894,3617.3147,3633.3794
949.5142,964.0537,963.44244,990.7225,973.37854,988.90643,954.7082,976.21246,993.9683,1001.6592,1007.7017,1003.3716,997.2527,991.0506
6886.959,6948.2104,6913.6855,6863.3745,6904.283,7004.409,6958.8076,6947.108,6868.712,6895.141,6878.315,6875.627,6895.882,6909.9185
1264.8612,1274.1351,1269.7677,1274.7368,1271.0605,1279.4126,1282.6487,1271.3345,1265.082,1272.0508,1287.2128,1288.9017,1295.4607,1293.9723
29017.947,29808.11,25862.746,29490.504,26395.158,26630.197,20457.16,23811.955,24764.559,24527.754,18770.37,18482.844,19745.178,19764.168
8131.075,8020.3076,8028.4834,8109.8486,8116.1367,8024.02,8075.8057,8091.029,8100.2256,7987.1875,7958.4834,7954.798,7953.6807,7910.126
7942.0645,7840.48,7819.6387,7877.0107,7887.65,7861.617,7899.9546,7893.544,7856.6475,7807.6465,7790.497,7789.1953,7807.2036,7780.2026
8749.493,8757.34,8718.554,8859.821,8707.438,8832.014,9000.098,9080.034,8969.988,8887.881,8789.045,8892.739,8880.92,8802.019
2845.2156,2833.3098,2840.4812,2844.893,2822.836,2831.4902,2795.3772,2808.5872,2825.5798,2825.3887,2810.9526,2821.5627,2815.1406,2818.5884
2023.7444,2027.4274,2021.8948,2016.0425,2057.9897,2054.5146,2057.9155,2023.7406,2042.2766,2027.7323,2016.2455,2016.8601,2032.3381,2026.3546
7197.675,7156.5625,7165.8105,7161.9937,7187.26,7166.8276,7163.33,7147.594,7111.4937,7131.955,7149.502,7143.674,7128.8765,7103.12
1660.2281,1673.1459,1676.554,1678.8057,1663.42,1653.3219,1633.8142,1655.4319,1670.1647,1655.5193,1639.3112,1629.7405,1625.952,1641.7484
1110.379,1157.0449,1182.2124,1140.1499,1191.8397,1177.8942,1107.5713,1086.0406,1138.7118,1188.4791,1232.236,1219.8342,1241.7107,1232.8895
5677.709,5591.361,5798.2153,5743.1753,6098.9473,5804.0146,5770.4307,5862.552,5919.727,5887.924,5899.398,5900.8657,5858.935,5886.115
1491.7206,1503.7661,1484.285,1500.3464,1471.4565,1490.7002,1451.949,1462.1948,1462.7833,1484.7598,1482.4152,1510.3942,1482.0856,1490.606
2239.494,2228.1025,2215.7385,2212.6926,2217.7732,2191.441,2172.6978,2196.5461,2208.5518,2210.0464,2215.9414,2222.6738,2234.5215,2216.1492
1704.3536,1692.0645,1669.887,1663.3362,1671.5742,1687.3663,1688.5315,1697.2789,1703.2286,1673.926,1659.682,1657.4282,1678.2196,1670.6466
4626.7637,4585.289,4596.96,4569.8906,4538.141,4539.188,4568.25,4545.7754,4567.888,4543.5977,4569.0874,4535.7056,4539.162,4534.3545
4215.751,4158.0903,4102.3384,4080.5173,4100.2285,4107.38,4299.7896,4227.8794,4226.2324,4159.668,4214.2593,4157.119,4303.046,4348.715
6701.207,6879.9917,6818.1484,6875.323,6844.7686,6752.0376,6577.3975,6750.795,6869.361,7030.0093,7122.54,7067.4126,7009.5703,7024.3984
1988.4825,2014.2253,2015.404,1977.9033,1989.0908,1984.0544,1969.0148,1969.6992,1997.7363,2009.1162,2013.1769,2000.7432,2005.5638,2007.798
2032.5652,2046.8328,2028.6366,2042.6118,2059.4424,2081.663,2027.2614,2061.6685,2052.5647,2059.0667,2080.306,2119.4067,2139.9338,2163.081
3657.83,3681.3433,3721.7378,3686.84,3690.8008,3659.7034,3699.3547,3685.62,3711.7651,3706.732,3806.2883,3699.9792,3702.1233,3712.705
4820.673,4613.928,4678.3877,4636.972,4468.5415,4730.5435,4588.8066,4787.079,4704.1665,4655.6484,4673.5996,4699.842,4701.3535,4670.9116
1415.0978,1399.3131,1397.3221,1410.0546,1414.3777,1417.2933,1399.3708,1400.6582,1401.469,1403.1401,1398.3512,1408.2488,1404.1194,1394.7527
1436.555,1420.4302,1424.3708,1447.3722,1439.1324,1446.726,1435.3267,1426.2228,1431.1135,1426.5725,1402.2288,1420.3784,1412.1384,1390.682
1931.9039,1942.1167,1955.1731,1886.2155,1892.4563,1887.3477,1998.2985,1937.2417,1981.604,1971.34,1935.0189,1904.1611,1991.4708,1996.3438
2537.1248,2539.5732,2519.841,2516.4636,2505.8757,2550.6416,2512.3496,2489.832,2507.844,2522.0593,2519.8904,2521.0254,2545.14,2583.866
6364.31,6318.139,6522.3003,6406.618,6387.1406,6272.975,6311.267,6323.5195,6533.951,6569.059,6512.98,6338.299,6309.505,6318.293
1865.7655,1875.8766,1881.4668,1883.8524,1872.636,1877.9221,1875.5073,1878.1201,1875.2015,1877.401,1878.3286,1877.5452,1872.7937,1880.7234
1404.6864,1420.6758,1427.9508,1444.6367,1441.3834,1443.5339,1441.9868,1447.7606,1445.0399,1444.8187,1449.5513,1450.5247,1449.9128,1450.1185
1491.3107,1505.3387,1506.1088,1495.7301,1496.4458,1500.5214,1497.8179,1499.1702,1495.3038,1499.7161,1503.6703,1502.2174,1498.7434,1505.4924
3856.531,3877.037,3900.0815,3881.4844,3872.4058,3907.306,3890.1086,3839.0876,3813.5242,3894.7595,3976.6099,3908.063,3962.6042,4027.6562
1972.4774,1996.5524,2017.0515,2011.4819,2000.52,2003.2754,2033.0472,2016.8441,2018.0907,2017.9357,2029.5074,2006.156,2004.0608,2005.8789
2568.765,2639.4358,2638.7852,2677.3147,2624.5112,2500.466,2444.5884,2527.5361,2491.3594,2470.7747,2511.552,2646.399,2466.9097,2452.5322
8236.008,8195.658,8221.371,8116.2925,8118.6724,8105.6357,8098.65,8106.3916,8123.175,8152.528,8217.792,8174.8438,8133.438,8112.43
1250.445,1261.6124,1271.3297,1281.7305,1281.3636,1286.091,1276.9689,1278.6138,1279.8354,1278.9769,1281.5149,1284.5732,1283.0151,1281.0717
1469.7255,1500.5571,1517.1763,1507.9363,1503.3662,1502.0404,1529.181,1545.5874,1551.8535,1548.3713,1542.423,1527.7648,1507.5642,1521.3433
2000.6969,2011.4491,2011.5991,2018.9492,2025.6322,2017.5845,2021.1973,2018.6659,2028.5414,2021.9281,2014.445,2025.0911,2025.2915,2020.7119
3211.4526,3186.6533,3220.9797,3203.895,3272.1526,3231.7888,3333.103,3270.1458,3344.4895,3291.6865,3352.288,3374.9639,3413.862,3339.205
3390.8008,3371.4812,3388.016,3397.8022,3367.4102,3393.2021,3393.4653,3402.3584,3354.13,3360.6506,3376.1665,3404.7603,3398.7578,3403.3123
3723.8118,3709.2363,3702.726,3708.2031,3736.6323,3698.4268,3682.8179,3687.4639,3649.173,3663.6826,3672.8164,3645.73,3623.6316,3616.8674
1999.8832,2012.8691,2015.6508,2013.9248,2005.6418,1996.346,2000.3217,2017.1493,2015.0242,2012.2498,2008.0779,2010.7147,2020.1473,2027.3981
2098.2798,2098.3552,2096.0222,2092.739,2094.7808,2095.8215,2099.979,2100.8755,2106.9292,2103.217,2094.235,2088.1335,2091.6072,2093.3271
1760.828,1771.3776,1771.2372,1773.7788,1778.7305,1788.2345,1811.1462,1784.1578,1776.0675,1769.1368,1767.6855,1771.502,1770.3143,1771.2104
2505.156,2515.6062,2528.4658,2533.4365,2524.8384,2531.4658,2538.399,2530.6694,2526.093,2521.6958,2519.684,2520.9849,2541.2627,2541.1533
3890.7988,3946.5498,3875.5364,3953.817,3889.0469,3833.1372,3803.85,3833.1792,3817.9673,3839.7664,3857.6826,3883.9712,3798.923,3845.897
2771.2964,2795.9343,2794.2102,2762.7566,2767.7322,2759.9917,2838.6453,2824.0876,2820.2244,2809.8813,2794.4856,2755.722,2783.4504,2811.516
2018.1558,2015.3344,2020.1648,2006.4554,1996.2823,1986.6338,1998.5427,1993.6111,1999.9266,1989.619,1999.1184,1975.8293,1959.7736,1960.557
10630.606,10600.045,10622.18,10756.891,10636.709,10663.298,10691.25,10762.314,10668.167,10533.443,10276.279,10528.808,10462.089,10270.157
1851.5421,1947.8931,2023.0686,1966.6466,1925.2253,1880.5308,1880.649,1848.0114,1962.6785,2019.0454,2012.2507,1930.2301,1915.2682,1974.498
3817.1772,3789.4597,3811.132,3818.0786,3896.945,3932.0427,3922.29,3884.1611,3911.5076,3910.5266,3930.5447,3907.023,3954.673,3925.6836
1638.0553,1645.1693,1656.098,1658.111,1670.2236,1658.0222,1667.1569,1661.7727,1678.1882,1676.9216,1678.6512,1673.7198,1679.8275,1675.8851
1604.9749,1612.8501,1619.472,1615.5629,1616.3455,1606.2544,1593.3512,1611.5836,1637.7994,1659.555,1636.8534,1601.4583,1599.4762,1645.3352
2758.682,2770.6938,2777.348,2755.9944,2735.0981,2717.5022,2655.9158,2747.952,2807.267,2812.8171,2804.6375,2782.9734,2796.8325,2771.7534
9890.055,9999.848,9770.979,9744.684,9698.67,9684.722,9647.499,9595.944,9590.282,9612.909,9663.068,9701.898,9699.908,9656.793
1286.7388,1313.7245,1284.6096,1281.2128,1304.3356,1320.8022,1319.3896,1310.1926,1321.9705,1302.3376,1286.4712,1268.8976,1269.9225,1308.6394
1981.1176,1960.8184,1986.9857,2012.8542,1993.9381,1960.1025,1941.2142,1977.8138,2010.2098,2001.7227,1985.8793,1974.2751,1958.1919,1953.6609
1765.6857,1777.389,1766.1572,1745.2852,1754.4961,1718.7332,1616.6316,1690.4495,1731.6498,1744.1554,1710.4109,1680.1326,1669.9657,1673.0569
6311.2373,6300.4673,6289.707,6272.1094,6297.7817,6214.739,6224.963,6223.4414,6269.488,6250.3833,6240.673,6214.186,6221.1997,6215.8022
1017.86035,1015.4282,1014.8364,1012.4965,1006.12616,1013.5417,1035.9377,1023.52246,1011.52344,1003.9874,1014.6915,1012.07043,1024.8516,1036.2277
1798.0002,1855.6545,1830.3977,1819.9899,1771.2354,1794.3552,1775.2622,1827.3853,1777.3369,1822.9342,1820.5288,1780.0164,1725.5632,1806.5046
2179.0137,2180.4146,2181.526,2182.6797,2183.56,2188.5923,2187.8132,2183.4646,2180.5881,2181.7136,2181.4695,2183.1506,2189.8257,2184.5645
4233.3105,4123.2256,4162.22,4192.314,4176.4146,4162.2583,4103.847,4095.7463,4093.8506,4098.195,4104.9443,4123.406,4107.754,4074.0415
4938.1714,4958.091,4951.7188,4927.452,4917.4663,4931.622,4947.6875,4951.5254,4952.4844,4955.5503,4949.1094,4944.1963,4949.47,4948.6655
9877.393,9912.695,9820.297,9831.49,9908.27,9953.685,10168.68,10041.376,10099.143,10096.464,10055.0,10028.287,10227.57,10167.174
1556.5157,1525.8268,1539.3804,1526.3662,1559.355,1528.2816,1593.4056,1594.7097,1639.3853,1612.5,1655.2524,1646.537,1694.8488,1671.7046
2772.3308,2809.0698,2813.749,2839.2363,2839.3794,2822.8706,2788.2192,2778.2515,2820.236,2842.8296,2848.3533,2845.9746,2825.8645,2818.3967
1480.6555,1465.3529,1483.2577,1501.3752,1465.271,1442.264,1468.1666,1477.0365,1473.6904,1463.394,1468.9962,1473.021,1470.0778,1470.2325
1565.4163,1560.0978,1567.2673,1554.6508,1557.0559,1554.6234,1561.0593,1561.3152,1545.6854,1541.2268,1528.808,1539.3832,1536.2517,1525.0214
9212.596,9408.368,9294.8545,9758.98,9508.3955,9881.565,10162.601,9862.716,9019.241,9792.094,9645.887,10465.166,9853.38,10213.191
1718.5723,1718.1991,1693.8804,1691.8685,1699.7385,1730.4637,1728.0997,1721.5149,1701.2365,1667.2745,1667.9924,1682.76,1702.8239,1692.7512
3307.581,3332.7993,3282.875,3313.4805,3445.0984,3422.3474,3402.4038,3334.8354,3359.689,3518.936,3580.1433,3523.1526,3633.4348,3591.0295
1398.8303,1385.4955,1386.7375,1390.0698,1397.9753,1386.2919,1388.5896,1363.8566,1372.0449,1362.9446,1364.0366,1360.6278,1364.3733,1361.9641
1629.0686,1623.9761,1616.7078,1646.945,1670.98,1663.9053,1624.0372,1628.5825,1654.6271,1666.4778,1666.0326,1673.6403,1676.5973,1665.3899
1619.5105,1619.2019,1630.5242,1651.7386,1656.292,1645.4211,1634.7822,1634.8154,1652.2556,1657.7112,1665.1924,1658.2954,1656.4877,1649.0206
17444.889,17284.652,17186.424,17385.814,17544.035,17648.576,17452.105,17250.357,16919.738,16866.29,16989.467,17137.73,17007.723,17039.443
3363.9092,3357.1912,3358.187,3349.9854,3346.7942,3341.55,3339.0635,3345.215,3347.0454,3354.3179,3369.1462,3376.0952,3351.6316,3343.5857
1787.0182,1836.9688,1817.5476,1900.8936,1999.185,2058.637,1973.7853,1962.6147,1953.6877,1969.2565,1949.6246,1950.3553,1973.6913,2005.6667
1309.8055,1350.9156,1343.9572,1347.0983,1348.4381,1362.2074,1315.6904,1323.673,1350.1924,1383.46,1401.4762,1389.3678,1390.8115,1394.9104
4529.6895,4423.62,4344.197,4517.999,4693.0063,4483.3716,4291.0713,4297.225,4373.5293,4435.287,4399.7104,4446.353,4453.9253,4332.565
4636.5522,4500.1104,4501.1514,4809.707,4900.224,4656.2114,4419.3887,4363.995,4486.793,4560.5166,4571.2627,4652.045,4561.981,4380.1494
3685.3513,3713.839,3685.9194,3736.7053,3712.419,3704.3992,3720.9097,3770.2153,3752.4746,3756.006,3809.6672,3826.142,3837.0393,3842.071
11072.936,11120.189,11119.514,11105.101,11083.742,11078.807,11103.66,11113.944,11127.572,11144.181,11142.305,11111.306,11119.446,11117.493
6389.289,6323.206,6372.245,6249.1714,6178.768,6290.8184,6276.6597,6278.6865,6367.5693,6285.7134,6257.806,6184.5625,6345.027,6284.621
9064.146,9240.029,9120.988,9157.12,9049.849,9063.514,8986.909,9002.359,8769.218,8866.341,8873.652,9013.7,8949.88,8981.771
1203.1217,1197.0085,1186.7368,1195.664,1192.705,1189.629,1182.0204,1184.6719,1181.6752,1183.2677,1183.3953,1189.109,1187.7417,1191.6179
2864.3706,2921.742,2899.9387,2843.443,2969.207,3018.7527,3021.6797,2997.7673,2965.2542,2956.958,2923.7507,2911.1345,2964.7883,2955.493
8719.387,8663.628,8616.306,8511.812,8529.117,8490.94,8509.694,8547.539,8620.843,8595.6455,8549.969,8499.738,8515.561,8510.623
1941.0232,1927.8046,1929.6659,1930.2034,1933.5414,1930.933,1927.7913,1911.2466,1918.712,1924.9883,1934.0956,1934.3759,1939.825,1934.5383
2797.2046,2805.6814,2802.4966,2776.6394,2765.326,2765.8347,2800.7993,2764.738,2797.6375,2787.2532,2768.4304,2726.9055,2702.329,2764.1108
1930.1661,1945.762,1931.1313,1925.7202,1926.2717,1921.2086,1912.0164,1943.2872,1944.691,1945.719,1937.9429,1936.373,1937.4976,1937.1768
2837.0251,2897.6226,2804.5784,2817.3784,2729.7349,2695.256,2659.482,2660.1243,2623.1804,2644.3088,2655.6814,2647.2217,2657.3914,2661.928
1384.8464,1373.2966,1390.4673,1386.6646,1392.9216,1389.989,1381.61,1370.4779,1378.4292,1387.9064,1399.105,1391.0397,1379.0417,1366.1254
9273.453,9229.507,9215.588,9216.133,9216.44,9240.174,9262.174,9241.364,9196.175,9207.3125,9225.226,9233.587,9234.285,9222.796
4294.0264,4302.0513,4279.5625,4277.2812,4293.821,4251.9873,4243.3096,4253.5127,4273.3926,4271.378,4255.6743,4248.8857,4259.7524,4244.305
3558.5835,3572.7524,3590.707,3643.7654,3658.8533,3680.7297,3390.946,3591.4082,3711.4084,3516.4556,3509.3916,3543.2334,3598.1328,3480.5652
3898.9731,3889.8552,3889.8025,3896.2722,3871.303,3892.57,3901.4458,3896.3303,3864.5278,3893.8625,3913.732,3909.6138,3904.9807,3905.1655
1959.1156,1942.4824,1898.2611,1919.5048,1940.7345,1975.1023,1954.6975,1951.2728,1946.9828,1932.54,1913.3129,1947.2965,1957.7332,1920.3549
3249.823,3224.8743,3193.7698,3199.7139,3125.4644,3132.6616,3149.137,3244.8127,3258.2979,3224.0989,3189.3308,3231.2275,3209.0063,3186.1772
7205.1675,7153.4136,7165.245,7186.0967,7184.25,7140.515,7165.3525,7186.5874,7256.9644,7191.2046,7164.5366,7128.595,7153.6367,7167.0366
9515.215,9504.705,9594.98,9907.098,9929.473,9977.546,9920.346,9743.204,9666.686,9663.736,9826.415,10026.109,9974.074,9895.952
3029.1096,3070.3345,3087.719,3085.4836,3065.9746,3047.4663,3058.7844,3060.3088,3075.4321,3073.7659,3069.3022,3074.7065,3078.7131,3076.0427
3600.6106,3604.4849,3569.4756,3577.518,3610.347,3522.2205,3423.046,3401.647,3469.0977,3490.3276,3498.8542,3485.2236,3432.104,3413.8672
2192.9792,2207.989,2223.8713,2168.6643,2220.1345,2186.9302,2358.953,2309.5662,2350.838,2275.3977,2209.5369,2222.5325,2310.8845,2238.7341
3618.2432,3556.71,3588.6672,3776.5356,3899.9268,3822.9697,3619.1445,3687.1807,3885.471,3776.459,3797.1853,3820.8308,3840.3706,3695.2617
1621.7074,1623.9061,1621.4974,1622.4226,1622.9268,1628.6508,1625.8834,1611.6758,1600.9214,1615.7183,1619.1049,1618.7234,1622.7573,1625.277
1578.3055,1590.763,1588.8844,1593.4008,1600.7599,1621.4124,1596.7134,1569.8818,1570.9045,1589.8628,1596.9327,1594.4713,1597.5778,1597.4327
2964.794,2946.4685,2947.8203,2930.4688,2933.775,2928.5962,2943.5403,2942.7085,2952.85,2940.9175,2956.9294,2936.1199,2939.9087,2944.6863
2448.9417,2434.461,2440.9443,2457.6343,2453.8572,2451.1558,2448.0757,2436.631,2432.4758,2431.3164,2441.333,2448.5085,2454.851,2445.5781
8994.696,9027.441,9193.012,9125.483,9158.968,9292.164,9372.4375,9069.239,9056.127,9239.77,9430.256,9166.209,9177.858,9232.794
6023.3555,5991.1465,5984.445,5964.932,5982.492,5977.8057,5996.0386,5993.766,6034.1304,5998.5625,6001.1743,5972.8164,5983.4414,5952.769
6017.071,5972.246,5966.566,5952.375,5984.5664,5971.647,6001.6313,5990.4497,6022.136,5975.931,5988.3237,5974.84,5976.787,5933.7354
3107.3047,3247.526,3217.3296,3365.8188,3294.358,3303.994,3054.636,3187.8394,3166.3098,3188.2866,3066.7637,3272.2476,3041.0784,3127.7349
3035.4795,3089.347,2951.3213,3043.2112,3068.0425,3112.3894,2976.8132,3044.8755,2986.042,2984.2546,2994.3745,3087.158,3030.3484,3058.5073
3118.6914,3071.618,3008.0151,3076.148,3154.6506,3138.426,3029.7822,3054.2825,3076.3652,3005.6907,3032.566,3090.3438,3133.775,3038.9197
2916.2002,2885.3306,2857.9307,2856.0647,2843.931,2865.3198,2848.2334,2853.1729,2858.6233,2843.6868,2806.3733,2818.315,2827.888,2807.8608
8991.899,8895.462,8921.149,8943.817,8914.886,8872.5,8828.845,8816.924,8827.025,8823.534,8840.568,8857.156,8856.847,8844.672
1285.1097,1291.1691,1307.001,1310.682,1305.553,1309.1022,1305.1617,1298.3033,1296.9799,1304.2257,1308.8971,1303.0038,1299.4194,1306.5828
759.2601,756.8027,764.8304,775.20874,800.4015,794.2203,805.23566,793.41144,793.9261,786.90656,788.55475,783.12585,784.96826,781.8296
2237.7466,2227.2979,2224.2427,2215.794,2198.5176,2211.1387,2223.833,2224.6694,2216.7676,2200.4365,2204.1904,2196.1897,2197.9185,2197.6704
1896.0144,1846.5847,1844.2196,1837.8823,1901.7233,1895.7743,1892.6312,1844.9318,1860.6228,1880.5844,1887.676,1889.8525,1944.3857,1909.6587
1470.2806,1466.7767,1476.3665,1469.6028,1468.9434,1488.99,1470.1997,1465.5256,1468.1519,1468.9463,1472.9056,1480.1626,1474.8987,1473.9843
1995.3477,2007.1449,2032.0125,2044.7781,2049.2153,2032.0089,2038.4078,2030.3638,2028.3395,2020.4249,2058.149,2054.2114,2054.5042,2033.7789
2340.5347,2338.4802,2345.3916,2340.3027,2331.9946,2330.8682,2324.884,2315.7495,2324.5386,2345.6108,2357.6611,2355.8667,2347.4268,2344.9683
2314.7522,2324.691,2329.9712,2330.4456,2327.1238,2326.0696,2311.085,2307.876,2314.2114,2333.62,2347.9045,2339.395,2328.0334,2334.0981
1470.0787,1486.194,1475.8398,1482.818,1481.9642,1481.132,1466.8964,1468.2611,1493.6227,1487.1903,1484.823,1473.8605,1481.4574,1469.4995
6997.614,6932.3184,7146.9663,7193.9956,7578.7905,7384.25,7501.5264,7372.3755,7524.2363,7482.1035,7476.739,7450.394,7507.379,7522.6426
5037.001,5059.5444,5080.2993,4943.5317,4875.6934,4856.193,4820.4673,4830.3516,4821.669,4871.6475,4908.6494,4892.1665,4849.4683,4852.6616
1393.19,1420.767,1439.7036,1437.2163,1447.385,1433.4973,1416.4948,1406.1864,1435.8167,1444.0896,1445.9095,1428.9403,1424.9324,1425.8757
1600.989,1590.6708,1596.1638,1611.6305,1624.5391,1624.2544,1617.0609,1597.8234,1594.5358,1575.3033,1595.6683,1616.8591,1623.8552,1619.7477
1895.7372,1918.578,1936.2517,1952.6896,1970.5039,1969.7555,1952.3363,1910.4993,1930.31,1950.6764,1985.1437,1974.3021,1963.9939,1945.7587
890.3105,867.8581,875.1674,888.32544,932.2969,893.72723,899.23456,888.25256,892.4031,886.52985,905.3191,903.67596,904.62,901.873
1822.1829,1819.8188,1825.9025,1832.9587,1835.4764,1831.4005,1827.7551,1827.7957,1830.573,1828.9996,1832.7725,1831.778,1831.3203,1825.2621
3341.71,3288.4243,3352.803,3415.5005,3422.13,3492.3208,3563.7878,3460.212,3393.815,3400.902,3482.8054,3570.6633,3695.025,3657.125
2583.462,2591.9941,2588.708,2604.4558,2602.2341,2601.1516,2589.4417,2596.1162,2618.3608,2605.0,2586.1326,2587.4946,2594.1226,2607.71
2461.7104,2470.477,2492.9094,2536.1733,2518.5317,2510.77,2545.1042,2486.753,2495.3337,2509.1497,2523.6335,2527.2886,2525.1257,2567.6067
3028.6465,2993.7837,3043.1614,3062.1106,3044.9507,3029.932,3048.566,3051.4824,2996.78,3021.0034,3076.0408,3068.161,3069.9504,3055.3484
3004.35,2939.1323,3111.2222,3152.6948,3052.1294,3054.09,3128.0183,3049.3418,3061.931,3081.7446,3156.2673,3109.4092,3094.4314,3073.805
2857.9631,2905.9849,3036.7566,3010.0562,2953.7688,3007.9404,3023.483,2925.568,2992.3076,3042.3125,3073.5647,2961.4512,2981.5613,3058.305
2526.0488,2519.7266,2526.8428,2518.9065,2527.456,2518.9924,2528.65,2521.9678,2532.9673,2515.42,2521.705,2521.6855,2523.7217,2514.8127
6692.1074,6650.2876,6552.272,6535.2275,6493.8174,6617.3945,6606.551,6598.7007,6562.759,6548.757,6463.93,6498.6094,6579.266,6644.6523
4369.734,4387.446,4379.8096,4379.17,4373.5566,4368.83,4374.3486,4390.581,4392.37,4391.8545,4391.727,4390.048,4395.86,4396.2017
1348.868,1348.28,1346.0316,1345.9006,1346.5511,1348.5702,1342.5892,1343.9414,1343.3132,1344.5928,1344.4143,1346.6538,1345.6514,1347.2163
3786.4167,3795.3564,3795.0273,3796.9783,3791.209,3791.5806,3780.8616,3780.808,3789.6853,3783.9268,3794.7056,3804.0447,3804.707,3795.4077
3775.826,3793.3271,3800.7332,3763.085,3691.725,3713.5845,3801.7532,3824.5583,3744.9087,3767.7185,3694.261,3696.951,3679.5972,3707.8118
5827.496,5813.5894,5814.8657,5809.274,5820.241,5798.5693,5802.0103,5751.388,5802.2886,5812.8594,5800.259,5783.5776,5768.3467,5760.204
2267.7334,2245.5232,2229.44,2246.6506,2264.1685,2263.371,2283.573,2264.3972,2239.486,2142.7104,2117.2395,2176.8037,2171.3347,2169.8914
1776.5042,1757.2162,1759.2782,1759.6593,1756.7747,1755.3359,1768.1465,1758.7124,1750.3789,1747.6516,1749.8534,1747.7194,1752.4789,1751.0754
1731.9677,1770.116,1779.131,1797.1533,1808.9938,1823.7095,1851.7532,1846.8271,1842.0991,1852.8739,1851.8279,1828.2794,1831.907,1852.0764
1919.4612,1924.0302,1938.6892,1932.696,1944.3448,1943.4076,1945.5315,1936.171,1950.5923,1947.5365,1943.3339,1937.9623,1948.9921,1946.781
14874.176,14524.061,15175.072,15233.966,14890.49,14837.512,14237.541,13320.379,13091.788,13590.672,15101.086,15150.039,14667.659,13687.046
1027.0671,1040.8947,1059.733,1047.1088,1051.0327,1030.1884,1033.9773,1022.3897,1049.5233,1060.4606,1058.363,1040.0093,1036.9539,1020.0072
6807.97,6819.9033,6846.1064,6838.8047,6830.8936,6819.7876,6817.9736,6826.481,6846.0796,6837.391,6836.3047,6828.0146,6807.3525,6808.3994
4325.7827,4279.0005,4244.5703,4223.0845,4062.6055,4072.338,4141.4146,4242.51,4245.0386,4165.2007,4085.3525,4099.5317,4169.27,4085.7988
2832.6829,2829.877,2805.2993,2819.2332,2750.296,2768.5688,2733.273,2798.971,2759.9568,2776.4194,2768.6235,2775.19,2735.844,2703.5073
5714.7036,5730.7603,5797.549,5890.622,5886.5703,5839.7847,5892.8384,5857.1567,5844.04,5846.456,5858.596,5862.7354,5873.483,5890.133
3537.2903,3552.3577,3561.8967,3572.8513,3589.178,3577.707,3563.8333,3550.964,3582.1382,3556.1284,3549.0193,3542.2837,3567.5854,3551.3652
2307.1218,2313.7568,2301.3706,2328.9185,2320.1428,2304.6917,2290.3806,2306.4253,2282.6064,2300.9602,2311.531,2321.8496,2315.2083,2303.774
2235.5464,2243.6704,2253.0288,2263.629,2289.035,2190.1477,2285.89,2296.6797,2348.7192,2253.8037,2330.448,2281.2668,2197.7761,2119.1838
2684.2437,2657.6543,2656.027,2678.1995,2636.726,2610.9106,2622.5623,2665.496,2740.2874,2725.5027,2766.0525,2715.0527,2785.8071,2712.6956
942.02515,964.15497,955.0442,949.12537,960.1399,952.01855,966.42236,976.1571,987.1239,984.21924,994.8278,961.03503,963.7367,976.0512
6182.797,6337.493,6319.49,6282.329,6331.0596,6359.4746,6279.156,6315.9844,6182.999,6369.877,6435.7295,6398.2065,6242.5303,6441.963
6375.079,6373.467,6363.2915,6340.991,6343.2285,6335.8804,6355.857,6359.782,6362.5303,6354.8564,6356.9272,6352.153,6370.125,6357.6455
1297.9534,1295.8618,1300.7831,1318.7876,1334.0251,1307.2606,1353.421,1333.8,1378.0355,1359.4979,1414.4604,1394.9452,1398.563,1396.5249
1249.7173,1301.8405,1286.8508,1299.4004,1271.2606,1231.629,1195.9304,1219.2273,1236.0167,1234.9701,1235.3622,1239.2986,1247.827,1237.111
1894.63,1869.9497,1860.1107,1866.9192,1869.388,1866.108,1857.253,1855.4954,1853.7749,1849.0312,1843.4352,1849.1234,1866.2272,1868.4471
2713.1526,2737.7446,2732.7383,2670.744,2677.7368,2702.6755,2750.6736,2744.2092,2748.8057,2725.3303,2728.2476,2722.4714,2737.6636,2729.2283
1276.9727,1274.0042,1266.3921,1264.6068,1266.1614,1270.5186,1275.6027,1276.3328,1274.3737,1264.229,1259.0846,1265.0729,1269.9697,1261.1836
2094.6975,2099.8062,2108.1963,2107.5823,2102.0735,2108.3542,2124.831,2122.1218,2120.849,2118.8738,2117.5442,2109.881,2117.3894,2125.987
1924.7245,1914.904,1924.0538,1916.046,1915.2202,1910.865,1918.7736,1909.547,1909.0497,1908.0424,1913.4788,1908.6064,1918.9283,1911.701
7752.4834,7710.6357,7770.632,7739.128,7736.4556,7706.8457,7816.621,7793.3555,7732.5435,7646.542,7736.9927,7803.4775,7714.9473,7570.739
1425.8688,1429.5559,1390.0742,1411.0627,1428.7573,1412.7854,1370.1051,1415.2443,1413.056,1399.5066,1408.5593,1434.6731,1435.8699,1410.987
5908.178,5916.334,5902.7935,5911.495,5941.317,5913.1626,5919.526,5876.5527,5887.642,5872.061,5908.179,5902.617,5927.1665,5911.926
5742.979,5785.697,5764.918,5915.0137,5964.4165,5927.3955,5810.568,5798.72,5818.587,5863.2637,5898.237,5954.8125,5952.182,5914.092
1645.7375,1628.7168,1610.6158,1568.8356,1577.2328,1598.0488,1564.9851,1594.4004,1588.722,1559.0049,1538.1936,1547.003,1558.2334,1541.6426
2821.338,2820.754,2816.953,2834.5159,2835.463,2832.8286,2839.7466,2846.181,2835.3826,2822.6096,2825.034,2835.859,2837.196,2839.2185
1562.3877,1560.1455,1520.7267,1508.9346,1457.5354,1520.4303,1469.9624,1476.6963,1475.3657,1480.8666,1486.678,1457.05,1484.322,1554.0625
4451.0083,4415.0996,4412.9766,4408.0083,4422.6396,4367.9673,4402.792,4393.8228,4410.8335,4352.4697,4358.6865,4368.5503,4361.081,4360.059
8299.142,8314.657,8306.408,8336.343,8350.452,8392.576,8404.38,8410.424,8339.31,8310.102,8311.57,8332.985,8322.018,8303.421
1305.6466,1321.2122,1321.9575,1311.1488,1320.4928,1308.6622,1325.3726,1321.8049,1339.736,1328.3284,1334.1836,1330.8455,1336.2343,1337.5618
2627.0635,2561.1133,2490.5054,2434.0293,2363.8552,2568.1353,2574.4597,2612.8987,2430.5022,2347.297,2425.246,2307.8938,2415.3545,2349.4631
3981.7441,4020.9678,4020.5234,4050.341,4057.308,4020.831,4027.4473,3997.8381,4011.8384,4025.8098,4057.4229,4046.8247,4055.38,4050.1917
7096.6016,7199.367,7217.6963,7373.4,7371.35,7245.8223,7438.5034,7240.826,7159.1367,7230.91,7431.1465,7431.213,7361.5176,7396.519
1822.53,1801.7557,1859.8431,1852.594,1840.4187,1782.6941,1837.6688,1802.0286,1844.1029,1842.0452,1838.7817,1792.9314,1832.4655,1830.4906
2160.8936,2163.2566,2175.8062,2207.955,2191.0376,2216.8716,2224.4148,2204.4097,2195.9756,2187.6746,2184.2397,2218.881,2237.6274,2243.848
2206.2046,2210.0413,2209.298,2234.8804,2229.1477,2223.9216,2233.7656,2218.8818,2217.3215,2198.3247,2224.4905,2241.3264,2257.1372,2256.2795
2154.0427,2171.3765,2167.9414,2215.4988,2220.3606,2217.399,2203.498,2204.4817,2220.0466,2217.4338,2190.402,2182.185,2180.8904,2191.3523
1904.8196,1899.4625,1899.9059,1891.1599,1884.1761,1891.4089,1899.0771,1900.2334,1900.591,1894.1516,1893.4402,1887.6671,1882.0945,1897.3788
6921.3364,7005.0356,6996.354,7037.4287,7070.7334,7103.6934,7156.9146,7083.3613,7037.77,7002.503,6966.195,6998.756,7009.0605,7014.1206
2304.272,2401.9478,2468.6296,2555.8743,2535.186,2552.3398,2496.0044,2588.7148,2595.0142,2605.6387,2580.3462,2555.0393,2546.3274,2591.8318
2183.4656,2261.2715,2358.1887,2354.3281,2343.2966,2362.7888,2356.0422,2441.2114,2445.4714,2453.487,2439.1921,2411.3958,2417.959,2450.052
6919.6245,6997.8384,7060.2935,7106.9165,6981.205,6900.3203,7005.961,7097.4756,6927.629,6976.555,7058.683,7046.9,7096.7173,7175.592
7998.9263,8058.3115,8135.5483,8311.926,8502.366,8488.438,8520.222,8547.368,8566.976,8520.802,8527.782,8524.216,8533.29,8510.275
3004.6643,2959.6633,2881.6172,2808.377,2807.9895,2912.823,2838.5046,2879.087,2876.8516,2809.041,2671.1724,2656.461,2833.6833,2859.6667
1484.633,1471.8943,1462.1632,1469.5667,1475.3818,1480.5785,1485.2222,1484.5181,1466.9761,1459.2585,1456.2465,1458.2157,1459.9353,1452.1426
1078.8936,1108.5177,1108.0929,1143.7725,1144.2328,1139.7053,1128.9908,1135.7073,1146.4191,1149.0188,1143.6812,1131.4541,1133.4454,1153.7604
6204.252,6111.998,6145.2666,6190.929,6133.8013,6138.6543,6073.97,5999.2065,5999.643,5977.3096,6000.492,6026.059,6011.895,5993.472
2955.53,2978.0771,2969.1624,2976.9854,2981.2798,2938.8406,2981.8428,2980.757,2955.9282,2959.5618,2913.6287,2869.523,2836.367,2883.4912
1194.4885,1200.2992,1204.3951,1211.1138,1195.9384,1189.137,1207.3661,1224.4973,1216.5846,1200.157,1208.3674,1220.5366,1220.2511,1218.8053
1174.4663,1190.8257,1187.1506,1198.912,1186.3901,1188.869,1194.8154,1215.4694,1206.7904,1197.9934,1196.9363,1210.6061,1210.046,1211.6285
3850.8958,3797.1584,3857.8271,3839.0962,3896.3357,3873.8962,3943.1025,3878.9849,3858.2097,3830.3655,3875.7637,3870.5203,3912.7527,3918.1682
133.14252,130.92537,131.23108,126.1106,124.997856,133.50563,133.89236,122.15822,123.0455,119.213356,125.26927,122.4643,128.82231,127.41787
1376.7882,1385.9135,1339.9889,1334.7034,1309.2131,1368.1827,1365.2424,1335.4132,1289.2179,1279.1969,1303.7542,1306.066,1334.3683,1386.484
2631.8281,2621.2285,2619.809,2630.788,2628.6995,2613.8787,2612.9268,2637.6196,2630.1736,2622.168,2611.2705,2659.558,2681.0374,2681.341
2786.2993,2779.9392,2767.2324,2755.7332,2770.9011,2777.9192,2796.619,2787.4824,2791.1091,2769.2432,2763.4392,2765.3442,2780.8271,2772.7456
6399.499,6401.065,6402.0264,6371.7383,6397.7456,6402.1157,6339.539,6282.1064,6409.1953,6439.0933,6539.8623,6418.043,6717.2764,6827.257
7623.0835,7653.0215,7548.6143,7672.742,7678.5737,7669.118,7697.4697,7735.114,7682.122,7688.2935,7655.9736,7765.37,7804.5605,7760.246
1050.8933,1030.5021,1003.00903,1041.1816,1032.1498,1035.7235,1036.1594,1014.4791,1016.35675,1022.9871,1045.3104,1067.1951,1106.7107,1049.6505
6519.652,6546.8496,6530.6045,6468.0947,6504.039,6586.8574,6589.126,6420.6367,6543.251,6583.3843,6630.8755,6552.753,6709.81,6791.582
1880.7559,1861.8735,1865.9515,1866.9928,1889.6938,1862.316,1860.3229,1856.8167,1854.8823,1857.4672,1867.7725,1870.403,1869.3942,1866.3627
3055.909,3049.0215,3038.7195,3028.255,3040.8972,3052.4536,3049.6282,3055.928,3046.7122,3042.5808,3042.851,3041.5376,3051.2512,3044.6218
6854.124,6838.875,6843.5737,6870.8696,6746.467,6817.826,6832.731,6868.0347,6730.198,6751.1562,6806.259,6852.3877,6840.1675,6817.42
2958.3018,2952.7515,2947.609,2947.8586,2924.6665,2947.7131,2954.5205,2965.3242,2933.6912,2932.9844,2935.2305,2945.6013,2928.204,2936.503
1484.8888,1501.6875,1502.9585,1495.1237,1405.8513,1492.1633,1464.0787,1536.7072,1483.8813,1483.5358,1426.3097,1467.6948,1448.3524,1419.6841
1520.7625,1513.1438,1502.9467,1476.6924,1452.9834,1500.442,1512.4983,1522.5497,1494.8976,1492.1252,1474.1781,1463.3463,1451.7126,1468.1421
3886.1738,3899.3726,3840.4053,3828.4692,3841.7695,3881.293,3823.0964,3859.6409,3853.2036,3847.7134,3821.2993,3856.8384,3882.0554,3853.601
3467.7537,3925.611,3835.7734,3784.6929,3664.2725,3826.961,3712.9429,4089.7803,4030.9873,4381.6445,4327.1807,4045.7434,3804.79,4028.29
1323.8392,1328.8616,1317.3107,1321.7869,1317.1931,1315.0706,1329.2992,1319.2097,1315.4728,1312.8462,1290.871,1290.5349,1303.304,1317.9471
5045.7783,5006.17,4997.4766,5018.264,4975.897,4973.577,4943.115,4936.6934,4881.151,4934.385,4965.0073,4992.9316,4997.61,4941.2114
5879.2305,5914.2886,5961.8306,5975.6685,6025.271,6030.9746,6026.9307,6008.3755,6030.9434,6005.6597,6012.092,5986.606,5986.662,6011.8438
6487.6836,6537.344,6582.8,6532.3804,6496.2095,6548.7705,6599.5117,6550.103,6585.367,6619.071,6637.6504,6556.5513,6620.4414,6639.923
1390.1217,1393.158,1399.9314,1398.0881,1388.212,1386.025,1392.2783,1392.2604,1393.8534,1392.1879,1389.6478,1378.1685,1383.9438,1391.3751
1396.676,1408.3818,1388.7811,1383.2172,1388.9585,1380.0867,1387.4489,1394.8271,1435.1465,1390.787,1381.895,1391.7405,1397.8713,1397.1205
6451.3804,6542.9443,6533.614,6599.4463,6609.388,6594.9155,6541.049,6525.263,6659.269,6611.845,6673.978,6709.691,6793.7734,6880.451
1427.744,1424.6758,1398.2234,1360.8064,1366.7234,1364.3796,1359.9199,1367.8787,1393.0077,1399.0521,1376.0558,1357.9583,1366.4012,1386.3462
4334.773,4392.9224,4349.3135,4359.388,4345.1733,4374.281,4360.532,4375.1934,4379.8984,4457.479,4450.772,4499.779,4462.114,4416.7314
4141.813,4106.4614,4106.056,4107.295,4014.8657,4038.8245,4012.3477,4007.8845,4092.8274,4026.6228,4026.3196,3977.9036,3980.604,3989.174
2629.2297,2567.7598,2541.9175,2541.1362,2490.335,2528.088,2563.4375,2572.9856,2545.5635,2536.895,2448.2778,2559.716,2615.2588,2550.8865
6349.361,6381.538,6395.62,6387.3174,6370.065,6341.4204,6364.787,6385.2734,6382.5093,6369.981,6411.0806,6392.918,6392.5723,6413.815
1371.7766,1389.006,1399.4261,1383.0436,1383.5945,1361.1902,1375.2686,1363.4509,1370.8195,1381.2451,1391.9481,1367.2177,1394.4037,1404.9366
1223.6398,1235.058,1236.0068,1238.3727,1231.8931,1230.056,1232.6147,1237.9106,1239.6499,1239.1814,1240.3119,1240.3109,1241.4126,1242.9521
1532.4799,1571.0167,1589.5039,1618.7758,1586.6782,1608.7705,1668.3873,1690.8453,1667.735,1642.0353,1616.2727,1627.5795,1607.1035,1603.888
2422.5269,2427.095,2440.2117,2435.5886,2421.4224,2442.105,2447.1245,2434.6038,2421.7473,2425.0,2434.0078,2426.8674,2426.52,2422.0347
3064.7466,3061.3809,3087.5562,3105.8162,3117.8037,3129.8809,3114.43,3090.8347,3109.4336,3128.4111,3148.5747,3125.2656,3129.005,3141.5317
4172.977,4201.7075,4230.227,4284.297,4269.8975,4270.225,4224.6816,4214.9854,4260.501,4252.166,4245.559,4250.261,4266.6597,4290.3467
6162.754,6231.159,5972.0234,5975.0376,5987.955,6298.48,6209.2246,6692.344,6632.7534,6570.625,6554.509,6413.9287,6394.9165,6460.863
1599.7258,1605.7977,1609.5343,1616.3511,1600.0387,1612.4752,1594.8334,1595.7367,1593.2396,1595.0134,1594.7944,1603.5734,1601.4491,1606.097
1464.9244,1459.9608,1469.4259,1459.1105,1463.1938,1460.1897,1451.5693,1439.459,1454.4492,1461.402,1462.0935,1459.9948,1473.5057,1477.1277
3843.351,3863.5095,3869.3965,3859.0261,3828.981,3855.2593,3833.0918,3848.215,3854.9897,3876.4436,3876.6558,3874.4436,3874.519,3880.819
2585.0952,2638.1758,2505.3723,2709.3828,2795.9153,2769.4468,2356.3286,2753.724,2749.1226,2867.1064,2614.1653,2564.5466,2621.5242,2508.185
7022.368,6928.6924,6863.498,6887.8257,6765.2944,6943.512,6941.654,6956.306,6783.5347,6818.552,6836.679,6784.7476,6762.4976,6648.995
1854.2736,1860.251,1844.8325,1850.7789,1839.2576,1841.5029,1838.9508,1848.6738,1822.0217,1844.3467,1838.7076,1821.4722,1803.3655,1824.0046
4846.562,4798.206,4754.885,4755.807,4769.6675,4779.9556,4769.3447,4699.3335,4711.111,4729.492,4759.573,4736.709,4759.4824,4731.2324
2877.9033,2887.4993,2865.8235,2886.7104,2918.0676,2950.4993,2932.042,2933.2944,2938.6082,2946.554,2937.2778,2937.056,2944.4888,2950.285
1620.1519,1622.1676,1585.8857,1611.6094,1612.1628,1656.8337,1653.6279,1647.7378,1634.602,1555.9703,1526.7982,1602.5048,1590.5804,1571.3239
3875.7285,3887.0688,3895.4565,3886.6223,3895.8025,3948.6357,3859.9902,3881.3672,3994.1023,3979.4395,3961.3196,3932.6023,4011.4863,3988.2327
5798.0283,5726.425,5718.441,5756.128,5799.9863,5796.0293,5721.7275,5622.273,5749.603,5836.035,5847.6313,5736.8945,6069.938,5622.052
2449.8743,2480.3076,2480.5427,2466.397,2450.2244,2463.0168,2475.6162,2478.675,2471.9155,2452.4404,2461.571,2467.013,2477.7698,2484.2764
3778.5198,3868.092,3874.2263,3803.0527,3780.896,3842.228,3697.7932,3673.4126,3744.752,3780.567,3908.0942,3797.1619,3796.4382,3887.8835
206.68463,207.63567,207.09184,207.35684,207.74994,207.3753,207.7526,208.73683,208.17627,205.2055,207.84381,209.63388,209.40916,208.97392
5546.6836,5676.289,5702.548,5779.806,5629.575,5666.6475,5709.938,5724.5044,5712.2266,5668.6206,5624.23,5653.992,5614.7036,5746.7246
5304.5874,5358.7886,5206.619,5347.4766,5407.611,5470.1567,5576.5493,5485.804,5700.0396,5438.095,5497.139,5401.707,5679.968,5797.86
1091.6257,1158.2728,1147.6074,1218.2751,1226.0632,1167.1172,1172.2445,1200.2882,1244.738,1265.7432,1253.0414,1281.2274,1285.6271,1250.9163
2384.9436,2348.792,2336.5957,2298.6433,2295.6526,2324.7964,2265.0293,2298.8708,2326.0972,2305.8914,2263.218,2254.836,2276.3633,2261.855
1846.5442,1906.0084,1937.1326,2009.408,1944.702,2056.298,2163.6697,1954.5059,1803.769,1895.3962,2161.4202,2218.7007,2035.9519,2066.6548
11253.355,11187.929,11122.571,11289.811,11286.161,11264.269,11272.717,11246.162,10931.232,10886.221,10929.611,11250.857,11054.885,11151.537
6851.405,6939.857,6894.92,6866.5576,6798.0425,6848.256,6869.9395,6906.797,6845.9346,6908.9966,6907.566,6916.279,6956.0576,7021.6875
3835.448,3835.0132,3827.5522,3831.8467,3826.2544,3826.6455,3825.0327,3819.293,3819.4346,3819.3408,3813.9946,3816.7158,3829.1765,3840.2932
3071.623,3045.8748,3048.0977,3061.5862,3066.971,3075.8018,3080.9238,3058.6902,3034.498,3036.0706,3046.064,3062.404,3071.2922,3065.7273
3775.1365,3737.7495,3902.9023,4121.4897,4154.255,4016.6416,4125.838,4302.5205,4580.347,4202.891,4537.8125,4629.1587,4738.7266,4474.715
2961.366,2977.7573,2972.9956,2979.5679,2979.349,2991.3909,3006.5054,3000.0762,2978.942,2992.6228,2989.5066,2992.6426,2956.946,2962.0042
1789.1174,1775.8751,1765.9349,1771.6611,1782.1582,1786.473,1783.0873,1780.8772,1781.4323,1773.4249,1768.4662,1763.4325,1759.0139,1770.5231
6230.6743,6193.5337,6140.766,6105.361,6110.554,6211.588,6220.157,6243.0674,6264.898,6183.67,6071.1333,6056.458,6098.777,6157.4785
1799.2588,1790.3483,1799.756,1815.0061,1805.6075,1795.6046,1790.5393,1803.0344,1808.9594,1806.5435,1798.4055,1807.4159,1806.5597,1807.8558
1517.1133,1562.0448,1619.373,1583.7795,1544.5077,1523.6567,1530.2736,1521.8129,1577.8811,1611.1803,1625.5016,1583.8752,1589.3048,1593.0555
1485.3774,1554.5085,1561.2312,1554.0056,1536.2672,1531.9484,1499.4218,1530.8905,1574.1176,1584.9692,1573.8899,1565.8462,1535.6383,1568.3081
1553.4116,1544.0739,1544.707,1553.1453,1537.9501,1540.313,1522.8179,1532.6748,1528.6477,1528.3553,1514.9994,1536.5789,1535.7104,1530.1504
4406.9507,4340.9575,4277.325,4208.875,4229.28,4189.938,4077.8096,4314.9126,4506.3267,4356.683,4191.624,4118.4814,4119.6074,4142.9146
11207.0625,11078.892,11054.506,11319.018,11152.536,11197.38,10863.283,10583.428,10919.655,10978.5625,10875.555,10857.94,11045.614,10740.951
1231.803,1229.7607,1232.009,1230.9456,1222.4222,1215.5311,1217.9331,1224.7792,1222.9833,1222.5757,1225.094,1225.0804,1214.8069,1207.8593
1759.5754,1749.903,1756.096,1769.233,1755.0942,1756.3933,1746.7654,1744.2812,1745.0807,1741.8168,1743.12,1750.2205,1743.7523,1745.4333
4752.191,4762.9824,4756.649,4749.5786,4738.985,4773.4507,4775.4062,4761.611,4720.8223,4735.7476,4744.509,4730.4688,4726.8613,4749.102
2584.355,2585.617,2593.8772,2593.6387,2593.9558,2585.7747,2593.2144,2595.9978,2598.499,2591.7747,2596.7273,2593.8667,2595.3074,2587.5024
3393.231,3457.7974,3464.628,3437.8796,3438.985,3478.2817,3518.56,3480.8538,3475.1936,3461.5107,3470.4343,3455.9783,3469.0513,3483.0132
2047.8428,2246.8032,2202.2349,2117.4753,1954.2748,2222.3171,2416.7053,2180.1272,2162.4023,2361.5215,2431.0388,2280.829,2233.9849,2369.09
1657.2847,1720.5319,1699.8489,1702.0273,1711.0198,1713.8713,1623.9103,1669.8201,1570.5881,1631.3357,1620.2306,1673.0293,1582.6691,1549.532
787.6106,792.5588,774.2425,773.3108,791.4333,788.75885,824.1183,807.51746,814.2705,804.3192,792.89557,768.48737,802.82214,812.82434
722.4027,737.42755,755.84753,738.6712,762.1626,756.05585,766.4578,750.29626,760.53033,751.5353,767.7401,749.25366,748.22614,750.3734
1330.0083,1332.6875,1299.6113,1316.8932,1335.0796,1353.0563,1402.5428,1366.689,1368.2615,1307.9753,1276.6124,1420.7085,1462.3699,1451.2449
1136.0475,1149.4512,1207.8182,1139.4476,1135.8928,1089.9255,1153.7919,1108.1163,1173.713,1233.0197,1268.2319,1134.7872,1181.6592,1145.6713
1663.493,1674.8798,1680.7227,1686.4813,1683.8339,1681.5492,1672.0587,1669.836,1671.6687,1676.2261,1683.6056,1686.1436,1686.4271,1687.03
1153.8271,1140.4989,1139.95,1138.6577,1133.1858,1140.3654,1143.4359,1134.9973,1137.9336,1141.1907,1140.4282,1130.9944,1135.4468,1130.7656
1577.2281,1574.1588,1572.6307,1569.9597,1574.8989,1569.2987,1581.937,1589.4691,1587.733,1572.2607,1573.2102,1575.8313,1573.973,1572.783
1297.364,1295.6,1300.464,1298.0144,1298.4515,1302.0364,1296.204,1296.6055,1300.3455,1297.4475,1296.2844,1298.8672,1304.4163,1300.813
1718.708,1703.8984,1703.2698,1704.8365,1701.2915,1720.1755,1719.9727,1716.9948,1689.908,1689.7039,1685.6586,1685.3965,1676.9731,1672.7153
1750.2388,1666.5105,1631.0894,1654.3411,1731.0955,1623.5702,1604.8828,1610.0847,1681.6874,1614.9845,1588.1333,1644.6545,1754.7394,1676.971
2041.9624,2033.1171,2024.632,2030.2687,2042.7405,2035.5804,2021.555,2019.0459,2032.9943,2036.496,2039.1481,2045.0515,2038.4679,2034.4672
5209.361,5125.054,5137.683,4964.006,5114.2275,5058.049,4869.489,4895.347,5047.4795,4877.6973,5066.548,4844.842,5061.2256,4988.394
1851.4434,1835.1848,1817.125,1834.8336,1852.2162,1840.9287,1834.9564,1834.8687,1825.357,1802.9152,1802.275,1821.942,1821.2953,1818.9025
1701.5482,1694.652,1684.0566,1699.0122,1660.0988,1681.7391,1673.3752,1611.681,1602.6772,1650.7605,1629.6155,1616.0607,1647.3346,1651.8422
2646.1804,2625.7986,2651.0132,2687.7295,2664.0405,2648.0032,2584.5312,2714.8298,2727.4746,2709.1453,2714.335,2720.7317,2756.9883,2709.7869
1939.7604,1937.0414,1895.7562,1866.7087,1922.94,1969.4586,1985.8811,1976.2551,1957.3112,1920.0884,1909.5709,1946.2887,1958.5503,1950.8422
2539.5784,2513.329,2530.5583,2543.2402,2551.9573,2545.745,2544.2336,2512.7803,2519.3528,2505.1904,2516.3835,2521.494,2525.4958,2526.3118
3719.79,3723.6055,3685.2244,3636.9353,3626.1694,3737.2095,3560.4172,3708.3167,3613.965,3641.3452,3614.5972,3637.0142,3643.5615,3714.9768
3839.4744,3746.302,3635.0557,3852.9626,3790.701,3893.786,3739.3013,3787.5452,3656.9192,3662.5146,3686.8242,3905.2502,3937.625,3928.0469
5843.925,5806.1924,5750.847,5780.937,5818.41,5864.212,5809.777,5791.792,5809.4253,5800.913,5807.618,5862.3,5938.522,5893.7476
2319.1672,2316.6472,2296.0723,2260.692,2295.1929,2291.9653,2280.0652,2264.001,2283.1006,2278.7698,2281.8452,2272.2385,2299.2466,2319.192
2773.3987,2770.344,2773.0415,2758.9822,2765.2507,2773.319,2761.0974,2757.8225,2776.0203,2782.962,2786.9749,2770.6702,2788.6682,2789.1592
3236.7588,3170.0496,3170.3782,3179.019,3131.7214,3164.8467,3182.6199,3179.5974,3165.991,3172.2212,3157.4402,3175.9326,3202.0752,3187.0505
6304.5376,6350.6904,6340.4565,6364.022,6374.068,6370.128,6405.048,6413.2686,6437.6294,6416.7314,6376.2427,6361.5327,6411.67,6444.4785
7132.764,7094.879,7030.709,6999.703,6974.3394,6976.7173,6922.2114,6932.865,7010.5522,6957.4673,6932.8643,6928.157,6931.5537,6902.925
6608.83,6614.236,6612.9854,6625.0063,6611.029,6593.518,6603.4126,6610.954,6621.1543,6632.335,6631.9097,6622.047,6618.5625,6617.1284
1245.8579,1245.0624,1235.8844,1242.7278,1238.8586,1244.1149,1242.5121,1241.1683,1242.3788,1235.4093,1231.658,1242.5186,1240.541,1244.186
1502.7538,1484.932,1493.2642,1484.8827,1489.0481,1490.4646,1497.082,1483.8209,1483.0845,1492.0798,1511.4824,1504.4177,1503.2385,1494.3417
3019.6667,3013.9849,3054.45,3077.6328,3020.8638,2951.5942,2967.2515,3026.554,2992.1245,2986.481,2973.6292,2985.4,2995.8416,2997.0303
4618.049,4638.6655,4582.4766,4523.0337,4595.8853,4625.117,4634.583,4629.4634,4653.0093,4643.811,4562.925,4529.429,4613.4204,4596.439
5348.497,5335.0776,5316.471,5296.243,5282.4395,5301.171,5286.4463,5282.601,5282.961,5276.246,5283.8164,5288.7144,5296.0713,5290.0186
3794.3003,3896.0396,3977.2551,4020.5361,4058.6304,3958.7559,3914.6296,3827.6838,3916.6804,4011.6965,4068.3323,4056.185,3983.778,4004.764
7446.2725,7602.4375,7510.7075,7456.8604,7590.265,7700.8804,7705.7197,7629.335,7607.9224,7625.8247,7613.928,7547.704,7756.5938,7844.241
6510.641,6408.164,6489.1265,6634.3296,6691.374,6635.3315,6699.664,6706.5537,6751.352,6727.039,6700.458,6648.906,6701.6562,6760.197
5530.2026,5666.7583,5761.8647,5775.7256,5769.3203,5785.221,5816.4473,5795.99,5750.4873,5771.9946,5789.8687,5831.741,5771.0806,5795.0576
6190.145,6164.584,6168.4985,6209.5645,6357.109,6390.985,6338.514,6202.4795,6292.2886,6309.593,6325.5835,6342.225,6385.482,6280.8076
3354.584,3364.171,3297.7322,3222.575,3065.7705,3163.329,3184.4248,3254.5945,3277.538,3302.363,3238.7258,3215.3386,3259.8706,3307.7554
3551.8303,3555.6047,3513.5532,3531.9277,3513.659,3568.3467,3657.5974,3648.7888,3609.5046,3682.827,3654.2654,3600.0435,3650.1836,3719.8704
3802.1465,3925.1208,3955.5786,3674.293,3641.8945,3584.2312,3711.332,3705.1729,3791.7192,3794.3657,3722.58,3669.192,3719.4631,3794.1406
4203.3203,4279.179,4325.23,4329.6216,4336.624,4360.371,4330.544,4352.818,4376.365,4297.815,4264.2515,4341.6323,4307.922,4256.3994
1624.7126,1619.2781,1604.976,1641.3339,1665.429,1698.9332,1655.4161,1610.0941,1642.0247,1638.8516,1669.137,1661.5239,1778.1959,1792.7513
1573.9716,1607.694,1615.9535,1645.7545,1511.0245,1571.3608,1473.8976,1566.5437,1509.0969,1601.3998,1588.7076,1571.3036,1568.8881,1595.9209
1548.7283,1555.4908,1550.2654,1549.0293,1550.8529,1560.6974,1545.3572,1563.5388,1557.8197,1558.009,1553.991,1557.6157,1555.097,1563.325
1214.5042,1226.725,1239.7305,1181.9756,1241.9592,1241.6392,1282.9456,1216.7458,1286.03,1211.8777,1201.4866,1186.7886,1220.0247,1228.3927
3659.2012,3620.055,3644.322,3631.179,3637.3232,3638.7278,3659.1182,3599.949,3606.2788,3590.4902,3604.727,3593.3044,3602.4648,3589.2551
6284.7427,6422.6567,6368.5,6350.6504,6452.2427,6517.482,6529.5195,6482.447,6465.823,6456.274,6406.4033,6396.2905,6412.18,6414.4966
5051.0103,5110.468,5104.8784,5119.904,5101.499,5134.466,5120.3423,5098.724,5088.587,5098.5996,5099.1494,5095.3926,5084.136,5118.7676
1545.3542,1548.5148,1528.6605,1552.0569,1560.7631,1557.0607,1543.019,1532.5571,1532.8079,1549.9761,1575.6816,1573.8225,1642.0045,1661.1571
2367.0347,2355.1738,2349.1028,2376.401,2439.6038,2438.503,2435.808,2428.1008,2445.209,2429.822,2419.8557,2429.8594,2456.3699,2448.4507
2859.6602,2830.148,2795.3123,2766.825,2782.121,2828.8638,2787.861,2789.9395,2788.2434,2774.241,2778.188,2792.6328,2840.1858,2808.331
1904.8196,1899.4625,1899.9059,1891.1599,1884.1761,1891.4089,1899.0771,1900.2334,1900.591,1894.1516,1893.4402,1887.6671,1882.0945,1897.3788
1067.9368,1074.5952,1072.3726,1080.3923,1080.433,1080.3528,1080.6501,1082.6494,1079.7123,1080.9135,1081.5748,1083.689,1081.8173,1080.6094
1706.3462,1697.2072,1700.2655,1689.511,1681.4083,1679.2172,1691.1688,1702.0726,1702.9657,1701.9672,1704.8656,1701.934,1706.3145,1707.5677
1335.6919,1343.8015,1343.5685,1339.2819,1335.7104,1348.8761,1345.072,1338.0625,1336.3876,1338.901,1332.0114,1334.8671,1335.4635,1342.4332
10459.682,10430.599,10327.853,10242.957,10271.062,10367.134,10433.709,10458.11,10414.022,10403.011,10395.501,10375.521,10390.986,10428.722
2734.468,2725.3633,2715.9065,2715.7966,2715.9773,2697.4788,2608.643,2680.1309,2700.6084,2721.1597,2693.9446,2702.149,2634.3425,2583.9216
1963.4976,1960.2683,1916.7134,1909.3738,1921.6625,1932.3568,1922.4106,1919.7463,1923.0673,1919.7617,1914.2833,1928.939,1946.5914,1929.7207
1556.6229,1597.8177,1623.4779,1584.1079,1584.6277,1613.1268,1623.2991,1611.1201,1641.7747,1660.7817,1662.1737,1652.0215,1598.2598,1652.2274
1311.7607,1285.775,1291.1553,1287.1947,1278.0841,1267.5824,1264.6355,1290.8169,1313.5424,1306.5002,1285.9474,1281.0287,1293.068,1280.9131
1566.467,1567.1877,1559.2173,1553.2268,1540.6228,1547.7698,1529.7168,1534.0531,1547.8909,1548.144,1530.8895,1531.411,1536.2593,1541.7035
2474.8113,2485.1099,2501.0967,2486.1958,2490.9712,2487.9465,2515.4758,2514.7666,2533.0059,2542.1206,2540.247,2516.772,2523.711,2519.2246
1671.4779,1673.2021,1668.6377,1686.1866,1701.373,1699.4963,1698.3301,1715.647,1715.669,1703.3252,1688.1576,1683.6155,1695.2825,1711.1599
1771.244,1789.2345,1798.2616,1783.3292,1791.6705,1799.049,1792.0586,1792.7344,1804.54,1813.1124,1795.4679,1779.0712,1786.2947,1795.0431
5059.515,5008.367,5105.561,5137.8496,5157.266,5050.031,5142.3926,5137.766,5144.4155,5125.4873,5131.8213,5119.0312,5110.377,5113.133
2713.0557,2760.4104,2781.8647,2736.3022,2727.2874,2719.3167,2719.2595,2731.1602,2767.1316,2774.2004,2751.74,2709.3274,2726.5344,2763.5613
6664.7783,6714.466,6766.1304,6766.5713,6758.5645,6766.506,6786.551,6779.0254,6785.4097,6798.0127,6725.85,6682.6025,6753.6562,6794.379
2430.2705,2414.112,2435.538,2481.9875,2488.675,2507.7605,2496.05,2458.4417,2481.7893,2487.0815,2494.0107,2502.4443,2515.6724,2468.0403
2631.0947,2660.3376,2643.5393,2689.7485,2672.2107,2672.3486,2639.4695,2645.7693,2642.989,2660.599,2658.1067,2679.6506,2663.7998,2676.3438
6514.1353,6615.7607,6447.9873,6572.7783,6547.1235,6460.74,6407.766,6437.998,6371.394,6419.755,6411.1616,6497.059,6451.22,6469.244
8834.504,8944.491,8931.476,8882.329,8882.235,8985.797,8934.215,8881.488,8830.269,8893.171,8884.703,8846.236,8871.074,8920.969
10202.254,10173.836,10216.273,10215.483,10174.255,10127.023,10244.118,10228.85,10210.9,10197.856,10195.635,10179.387,10200.436,10213.686
2824.5825,2827.348,2825.1758,2831.3901,2832.991,2832.4937,2824.1543,2831.9934,2826.1958,2830.51,2822.613,2825.1406,2822.2722,2822.0247
7044.969,7050.281,6964.1436,6974.5635,6989.9893,7014.659,7021.175,7017.67,7010.488,6986.7705,6939.3496,6957.045,6970.0103,7023.4385
2142.9724,2151.4216,2135.338,2104.2698,2121.1348,2141.6765,2159.4717,2160.304,2153.413,2141.8118,2110.8967,2101.0432,2101.2246,2099.0825
7081.033,7067.8696,6956.3657,7068.843,7073.5854,7083.9175,7074.434,7119.3755,6821.4707,6733.14,6624.093,7017.01,6824.862,6940.8193
5846.683,5833.1006,5747.581,5772.8203,5799.6094,5838.9214,5827.031,5778.318,5715.0376,5681.5435,5659.3613,5784.1157,5816.66,5785.963
4799.4365,4903.0503,4870.241,4930.63,4854.7637,5028.5044,4928.2705,4970.9854,4942.5996,4928.1167,4909.7246,4959.9316,5066.5845,4995.395
6506.8994,6446.8257,6491.3105,6481.2866,6483.1323,6491.078,6507.246,6451.473,6450.624,6411.3135,6443.5977,6440.295,6428.842,6424.712
2051.3457,2023.2596,2028.3225,2047.5942,2044.9694,2055.063,2007.5602,1964.8475,1925.7719,1969.8334,1995.2396,2043.801,2008.4441,1971.3832
4416.376,4444.181,4417.195,4329.575,4388.944,4402.1187,4498.5825,4408.301,4394.256,4343.8477,4387.1504,4365.123,4417.5713,4415.7056
2196.923,2170.7512,2173.0735,2191.2207,2190.1165,2144.618,2108.9675,2150.5996,2187.125,2154.7695,2145.3848,2138.1199,2148.3735,2147.2175
1873.7881,1892.415,1894.4554,1880.1545,1864.7972,1862.06,1860.4312,1880.9722,1898.1649,1894.7648,1882.0253,1865.3009,1889.6571,1908.3308
2970.4775,2941.1226,2906.8804,2909.5405,2889.1274,2940.1006,2918.6194,2922.193,2920.3093,2915.7324,2909.2104,2935.41,2929.1555,2931.0315
6974.9663,6989.133,6983.546,6995.259,7000.642,6999.569,6987.725,6998.9067,6996.775,6990.2593,6991.5293,7001.837,7008.7954,7005.3413
3632.4424,3671.5315,3921.2134,3997.9124,3652.6187,3422.1648,3302.1245,2935.2808,3557.9868,3696.7378,3714.1892,3481.1406,3934.2383,3929.1567
1230.7264,1220.6613,1192.5856,1217.9794,1255.9143,1226.9493,1148.1067,1201.0276,1239.6818,1225.2354,1183.9371,1217.8102,1267.4874,1255.8927
5514.8735,5520.162,5517.8413,5517.3345,5508.936,5506.876,5504.7046,5519.105,5517.6313,5534.2793,5527.501,5520.6494,5510.5605,5509.551
5742.931,5844.731,5991.0244,6008.223,6111.111,5868.7065,5887.556,5642.8535,6078.119,6109.8213,6045.412,5999.329,6037.809,6051.22
9994.3955,10093.745,10116.189,10063.187,9974.265,10113.177,10172.984,10208.814,10190.894,10108.33,10109.054,10107.96,10116.847,10044.883
5637.459,5661.473,5659.5625,5658.274,5648.4478,5642.3926,5643.5527,5659.759,5662.804,5671.2437,5665.074,5657.973,5653.079,5650.8433
1213.2347,1230.6521,1214.2654,1226.5863,1206.9807,1203.1521,1203.4109,1206.961,1200.2056,1199.9469,1212.9788,1219.5463,1204.9215,1189.6399
1162.7861,1194.25,1232.2748,1205.8326,1192.5864,1200.2803,1239.0815,1238.8572,1253.4943,1249.4474,1228.5413,1188.0354,1186.7319,1219.1769
1142.1813,1160.5957,1182.2023,1195.9514,1184.6376,1150.7001,1115.2749,1143.5432,1202.627,1194.8995,1194.5887,1200.1714,1182.252,1187.2672
1152.742,1160.0775,1176.9683,1176.3588,1143.2583,1129.2502,1144.0453,1156.8691,1178.7039,1174.9248,1180.0605,1165.635,1159.4329,1168.3768
1578.2651,1567.3586,1525.2736,1508.3373,1437.37,1457.885,1517.0269,1587.4011,1420.2557,1411.4177,1492.1744,1493.5996,1424.8876,1381.2888
1393.3585,1382.0145,1388.1559,1406.493,1405.9642,1407.2523,1409.4963,1396.6625,1395.4358,1398.264,1400.9861,1402.1979,1399.4944,1399.442
1968.9764,1970.8612,1954.2382,1966.9792,1980.6077,1952.4956,1934.3088,1946.9464,1950.0745,1938.6956,1949.6309,1940.2826,1938.3578,1940.2374
9291.735,9340.349,9343.17,9286.811,9269.149,9282.854,9242.678,9272.595,9378.281,9363.394,9266.099,9225.454,9202.728,9278.86
10565.241,10666.852,10691.352,10669.448,10668.858,10746.515,10794.0205,10748.289,10699.208,10737.313,10746.333,10709.214,10705.697,10774.225
1053.8673,1052.6997,1058.4388,1051.6058,1053.5961,1049.5684,1051.5391,1048.5522,1050.4645,1053.3466,1059.2365,1051.2147,1055.2445,1054.5133
1017.9851,1014.18274,1021.8182,1021.7119,1027.0193,1027.5925,1033.3331,1020.9937,1017.3663,1015.8602,1021.8645,1022.86804,1028.151,1028.8604
9918.438,9904.045,9892.726,9878.808,9866.832,9885.273,9866.833,9844.219,9858.473,9877.564,9879.23,9890.834,9889.714,9861.225
3330.4019,3304.0881,3298.9438,3331.5068,3339.1511,3299.9536,3281.1282,3290.6895,3291.0132,3353.1838,3393.0652,3347.114,3403.7373,3341.485
3710.3635,3817.6082,3662.524,3734.0127,3487.634,3524.1257,3411.1873,3520.118,3603.623,3610.7666,3513.8079,3566.3267,3558.6084,3624.697
4591.7114,4662.5884,4719.643,4685.6133,4822.0347,4818.7095,4833.37,4816.3774,4901.0083,4762.8184,4766.3403,4748.5156,4736.0156,4737.859
5922.992,5872.8936,5784.7554,5805.503,5750.6846,5884.004,5763.2017,5847.1313,5698.1523,5558.3003,5517.742,5557.9473,5613.1836,5527.7295
5467.6665,5484.1265,5499.3267,5491.635,5491.5127,5504.1914,5470.2656,5481.1445,5490.553,5504.176,5504.18,5489.518,5475.599,5469.872
13805.581,13795.333,13789.121,13809.856,13811.027,13844.055,13824.355,13802.571,13766.629,13777.308,13771.853,13807.459,13823.941,13817.223
11875.96,11803.391,11821.483,11732.934,11709.745,11720.362,11723.35,11753.7295,11711.92,11723.7,11794.509,11816.551,11832.402,11742.213
1247.4761,1244.306,1243.3452,1252.4203,1240.3491,1238.1783,1225.0314,1236.5548,1229.3036,1223.9427,1221.4557,1225.3951,1233.5969,1229.1456
12319.471,12485.715,12349.894,12636.753,12419.772,12293.304,12136.541,12457.408,12410.936,12347.559,12219.605,12494.988,12224.83,12251.772
11881.18,11874.976,11851.196,11859.6045,11809.003,11907.694,12008.437,12009.982,11867.754,11840.288,11815.771,11889.606,11843.855,11826.491
7082.6206,7134.086,7040.6904,6977.745,7013.958,7003.9497,7019.966,7013.548,7120.761,7008.8574,6976.9893,6984.6226,7024.632,7011.394
15159.201,15139.052,15124.366,15067.883,15071.684,15042.434,15079.391,15093.628,15133.067,15136.571,15105.175,15057.996,15116.984,15111.697
9429.0,9640.323,9521.616,9518.991,9554.158,9663.639,9897.904,9617.388,9734.551,9711.155,9702.845,9597.348,9707.433,9762.221
10703.059,10643.048,10504.79,10401.842,10379.173,10611.059,10572.726,10452.19,10418.167,10485.565,10467.188,10477.746,10648.037,10817.04
1739.6494,1726.2285,1724.1344,1722.6788,1723.9368,1725.8689,1734.4083,1734.1353,1726.0446,1718.2549,1718.9128,1717.5564,1720.6033,1718.8271
7786.548,7743.0376,7644.783,7568.296,7551.2446,7722.2036,7692.9326,7605.8735,7582.0024,7629.2744,7615.456,7621.14,7746.762,7869.93
8935.957,8970.959,8745.229,8333.046,8575.717,8214.588,8165.0747,8347.945,8911.056,9147.869,8120.8086,7659.2783,7984.291,8355.749
1886.615,1900.8387,1880.5775,1855.2706,1879.5176,1883.3672,1912.524,1912.3157,1905.277,1914.2408,1911.0841,1877.9202,1922.6118,1923.6007
5154.9214,5154.761,5162.157,5146.2236,5160.2236,5138.4907,5143.0933,5126.4863,5171.5874,5158.4434,5162.7666,5148.767,5182.3623,5180.7666
10539.11,10500.845,10448.238,10413.509,10418.879,10436.988,10424.573,10443.783,10430.584,10429.184,10416.185,10432.722,10474.428,10484.379
10221.243,10213.443,10384.561,10404.028,10488.124,10473.239,10567.055,10323.424,10331.218,10367.19,10390.976,10257.257,10520.973,10576.177
10146.296,10151.471,10156.664,10168.057,10154.004,10183.112,10165.556,10175.703,10149.263,10170.835,10202.036,10216.061,10241.408,10236.669
11664.676,11620.763,11556.603,11522.877,11526.948,11554.789,11545.692,11557.822,11538.656,11537.219,11522.65,11540.023,11584.567,11600.56
1128.073,1136.9807,1126.8503,1134.3252,1144.8497,1143.7063,1139.253,1135.5651,1130.9121,1127.6271,1112.7476,1125.7397,1129.4746,1130.7767
1169.4576,1185.7561,1167.052,1168.5227,1172.7003,1200.859,1202.8727,1197.79,1202.7916,1201.8849,1184.9645,1190.4208,1201.5795,1203.807
12110.41,12048.209,12017.336,12086.82,12130.726,11986.712,11982.449,12000.568,11935.902,11956.103,11970.092,12020.661,12005.106,11965.786
5953.9873,5979.8726,5976.96,5982.5337,5997.6577,6005.7573,5984.552,5972.9077,5992.031,5998.4395,5994.4116,5995.021,5999.505,5995.7935
1447.1758,1444.0715,1441.2179,1450.3499,1447.1099,1445.6726,1443.4465,1442.5885,1436.8145,1440.7365,1443.1903,1448.7971,1442.2017,1438.8085
1946.5625,1903.5315,1871.3584,1808.8582,1863.7557,1807.072,1816.4406,1805.8528,1884.8066,1853.4677,1775.3827,1784.9784,1871.0957,1881.7563
1795.762,1793.187,1796.3784,1764.0996,1756.4115,1763.7352,1765.6923,1755.5135,1761.8889,1758.3661,1765.6132,1753.8832,1781.5415,1768.7756
5778.3643,5821.75,5769.752,5857.421,5769.4775,5818.8755,5856.6724,5861.6807,5779.673,5849.0967,5850.608,5863.961,5832.598,5827.2944
7455.5444,7486.3345,7502.0166,7503.7295,7485.141,7454.7104,7477.9062,7493.479,7510.3657,7491.6504,7487.4424,7475.9365,7474.568,7490.6714
5031.6743,5005.58,4912.1484,5008.0884,4934.1685,4978.3574,5003.351,5147.8975,5173.87,5116.045,4969.968,5102.6055,5122.9795,5053.7446
2425.6016,2466.3286,2394.4565,2378.3523,2284.8506,2332.1313,2353.921,2373.515,2385.971,2399.397,2366.797,2349.7563,2394.0784,2415.4421
10223.096,10270.46,10226.164,10239.914,10242.362,10287.879,10310.756,10346.444,10301.193,10284.41,10264.644,10273.453,10296.001,10326.984
2133.4458,2127.8582,2117.0073,2107.716,2126.308,2137.2878,2135.798,2137.3652,2132.637,2115.661,2115.8523,2114.369,2122.353,2119.777
5953.838,6027.655,6037.708,6007.889,6019.4194,6016.3457,6024.9478,6017.7637,6035.1294,6029.4136,6036.3145,6018.7827,6018.966,6028.224
8992.467,8988.164,8993.657,8986.28,8974.873,8956.421,9000.731,9005.376,9004.087,8994.935,9005.828,8998.985,9010.886,9008.481
2882.218,2884.4795,2828.8542,2833.9019,3051.945,3070.588,3123.2046,3064.0686,3020.6086,2885.004,2951.9966,3045.7559,3181.113,3123.2893
1558.3663,1565.2922,1573.8151,1589.9161,1573.6812,1564.3984,1569.911,1589.7844,1568.9692,1586.3429,1582.5256,1600.0957,1588.1996,1579.2119
2326.303,2352.3613,2360.0066,2356.28,2351.1628,2362.7249,2370.0068,2360.6904,2358.083,2363.139,2363.2515,2362.0784,2358.564,2359.0415
2340.4814,2359.9897,2358.6216,2350.3142,2355.374,2364.4797,2368.3826,2365.034,2359.1672,2360.6807,2364.2861,2361.4626,2358.7595,2364.886
3362.8047,3441.6619,3475.409,3429.9941,3542.0728,3548.7883,3527.1304,3465.1704,3498.0107,3511.4548,3529.1387,3496.585,3492.5615,3514.229
1903.5112,1884.3616,1854.7681,1865.5034,1874.883,1900.5536,2172.734,1861.3442,1912.9297,1908.0032,1878.0708,1842.2966,1952.8892,2025.041
1167.2711,1183.1683,1178.0724,1155.4597,1136.3029,1147.8035,1139.7488,1143.0803,1134.2183,1158.2535,1157.8583,1162.1267,1148.3739,1144.0498
1189.9933,1188.828,1185.5247,1165.9471,1157.4681,1155.5073,1155.6484,1153.7681,1157.8749,1165.9225,1174.8207,1166.2327,1160.2086,1151.0039
1555.8221,1540.6528,1631.8507,1624.6799,1508.9501,1513.4779,1507.8469,1561.5868,1540.9642,1580.4456,1630.2412,1637.5037,1562.8357,1552.6312
1477.0941,1463.5977,1465.0612,1455.7661,1457.3522,1459.1306,1466.2549,1445.3336,1449.279,1445.2557,1446.7778,1447.2816,1451.0886,1449.0336
2149.9338,2131.3267,2128.2764,2149.9246,2116.0552,2198.6367,2117.25,2161.1375,2174.4768,2201.4473,2154.224,2150.736,2170.3271,2181.0906
1539.948,1534.2332,1517.8708,1510.7683,1517.2501,1536.3118,1534.3627,1534.0472,1532.4231,1522.2694,1497.945,1493.2208,1493.5101,1507.5369
2099.9695,2113.196,2109.8281,2109.5203,2113.4023,2130.2627,2122.7065,2125.6306,2122.2793,2122.6885,2126.1912,2132.922,2128.4927,2126.2449
2557.4976,2573.9478,2612.0583,2616.6304,2643.535,2567.4595,2561.6858,2591.8086,2654.0308,2631.296,2684.3828,2653.0635,2648.6274,2639.7559
3928.8386,3916.6577,3917.25,3872.0518,3787.273,3870.7622,3856.2646,3800.0437,3790.9287,3758.2366,3774.888,3786.7778,3797.6443,3833.0498
1782.3047,1794.5564,1805.3324,1792.1383,1801.3466,1787.2479,1788.8861,1796.18,1815.5034,1811.3605,1803.5864,1780.1292,1789.1119,1782.1367
1666.3074,1701.244,1714.504,1774.5676,1805.2709,1769.7198,1815.0645,1775.9415,1789.7742,1798.9053,1821.1196,1829.093,1780.0819,1816.7867
3019.4338,3053.159,3034.9155,3009.773,3024.4375,3012.22,2977.013,2991.8132,2984.049,2995.278,3016.059,3009.5286,3015.199,2997.7688
3038.5735,3016.3203,3010.1663,3025.6416,3023.3696,3013.918,2987.6492,2987.718,2988.2107,2989.5518,2998.5908,2995.2644,3008.117,2986.8633
1734.4933,1750.5214,1739.2861,1776.179,1814.9388,1816.3978,1804.6172,1779.0936,1751.153,1785.6008,1813.8595,1810.4747,1830.202,1820.4326
4312.1255,4331.0503,4351.9404,4431.557,4418.0244,4365.399,4330.6245,4379.9473,4361.3765,4372.8115,4365.6343,4359.345,4308.136,4323.012
1384.9698,1378.4373,1379.4755,1375.468,1381.9882,1371.4105,1367.1975,1375.6327,1391.4089,1369.9485,1365.8752,1366.9635,1359.1158,1354.5437
1520.186,1524.5304,1525.8971,1523.8297,1522.1705,1525.3104,1525.7715,1525.6779,1521.1655,1523.957,1526.9683,1527.2145,1526.1144,1526.8661
2687.9185,2651.265,2662.602,2657.5579,2675.3545,2655.845,2671.1147,2663.819,2667.6487,2640.9617,2652.8389,2651.2852,2650.9788,2634.8225
2676.7563,2656.4102,2666.4272,2661.5098,2652.7173,2663.8713,2669.795,2655.6426,2650.7747,2650.7424,2634.3613,2630.1323,2625.9734,2623.4158
3491.8894,3580.5645,3587.5396,3604.7473,3655.341,3623.219,3617.9226,3647.8164,3646.177,3629.1267,3641.9863,3650.4392,3641.07,3627.0295
10481.18,10342.163,10415.622,10428.335,10532.366,10512.205,10526.786,10504.591,10545.124,10388.559,10456.699,10520.864,10493.937,10344.294
10426.735,10714.939,10857.42,10924.109,11339.599,10940.107,11862.662,10981.775,11326.554,10857.196,11162.144,10659.0625,10494.644,9871.219
11966.1,11996.337,12340.879,12238.458,12373.645,12079.69,12509.047,12361.972,12440.302,12235.517,11863.522,12356.172,12158.42,10847.784
21625.111,21715.605,19211.883,21392.67,19497.543,19962.527,20797.1,19739.172,15010.513,13606.299,14236.985,16215.962,15137.323,16491.94
18800.656,18525.445,18098.596,18232.219,18483.568,19045.895,18497.553,18411.885,18282.89,17801.975,17976.291,17946.42,17724.064,17897.207
2771.4526,2759.5933,2778.1528,2779.388,2795.8296,2794.8875,2803.3523,2768.4492,2779.6907,2778.7249,2780.409,2777.5193,2789.265,2790.7224
2282.81,2228.361,2234.1038,2250.6482,2274.2385,2235.505,2237.907,2177.322,2216.1235,2199.1565,2223.4924,2250.0566,2268.6248,2206.085
1333.9092,1285.8428,1264.446,1204.8628,1226.2582,1254.1985,1180.1316,1144.7014,1214.5845,1256.7051,1206.5148,1166.2214,1232.9232,1222.9958
1551.0452,1556.3909,1550.8163,1533.0028,1544.8273,1548.3816,1551.9647,1548.4652,1555.8351,1549.4421,1546.9598,1535.3678,1554.0809,1558.6473
5399.3525,5433.035,5294.166,5163.7046,5215.4966,5572.6104,5578.605,5555.742,5475.256,5480.826,5278.3496,5268.6313,5274.8955,5190.3037
3215.6118,3205.6523,3193.7383,3198.5989,3240.109,3194.9873,3157.9668,3145.6084,3177.632,3162.3855,3167.3582,3159.8916,3167.9048,3149.5935
9456.159,9742.147,9277.209,9130.422,7806.293,8866.354,8117.307,7881.4214,7017.347,7754.258,7296.42,6792.6245,6645.829,7413.75
12057.276,11938.112,11678.207,11990.786,12648.618,12438.657,12666.95,12693.036,13523.197,13222.93,12951.764,13025.057,13853.085,13475.573
20852.902,21683.465,21253.0,21677.355,21829.523,21113.55,21810.99,21809.467,20933.697,21437.082,20745.072,21515.436,20193.88,22120.926
3469.1426,3390.37,3358.351,3392.1978,3316.4944,3413.4963,3414.983,3439.7466,3426.527,3343.9526,3175.336,3256.4548,3333.5015,3302.0957
6848.774,6770.199,6828.9077,6781.8164,6695.9385,6705.029,6728.6455,6725.5723,6721.5723,6746.6357,6810.745,6777.705,6729.6704,6719.4805
2856.7534,2795.4062,2932.5103,2352.2527,3426.366,4520.8936,5059.673,4102.6504,4450.2383,5018.9233,5272.717,4626.7954,4193.7686,4642.8394
1037.1556,1042.2878,1045.9852,1034.4075,1080.4572,1042.2722,1078.9478,1074.4298,1097.7947,1074.5426,1086.5211,1048.0632,1065.9515,1057.4541
3970.4092,3982.9539,3928.8638,4000.6873,3956.3997,4002.6353,4023.8623,4084.174,4056.0007,4012.4795,3918.9636,4049.2424,4074.0183,4001.5164
4884.677,4846.3843,4833.614,4872.979,4890.1035,4884.0527,4836.509,4812.711,4893.772,4881.1875,4858.0654,4859.9604,4927.027,4795.6475
4920.701,4870.428,4899.996,4913.75,4949.9287,4896.8584,4919.127,4836.6396,4927.0254,4888.0117,4903.8525,4882.281,4955.1567,4887.272
5199.5547,5250.5073,5244.1714,5291.77,5254.238,5303.0747,5250.681,5290.3857,5273.631,5328.4565,5329.0356,5307.7593,5290.8916,5294.8477
7521.113,7581.243,7579.2,7593.836,7572.8813,7580.2163,7542.0654,7577.9346,7574.745,7612.8677,7632.718,7623.5537,7633.0737,7647.383
1106.5166,1105.7898,1105.4962,1105.1255,1105.1252,1105.3705,1104.9368,1104.7292,1104.8701,1105.1818,1105.1306,1105.0836,1105.3655,1105.4619
4473.7505,4485.7056,4493.453,4485.8667,4475.472,4461.364,4455.3945,4459.5195,4462.9653,4463.8784,4473.358,4473.0103,4468.317,4470.7173
7782.7007,7809.377,7794.7314,7790.897,7793.847,7788.5664,7804.273,7796.2485,7808.2637,7788.5576,7766.554,7746.014,7779.844,7806.957
1057.0596,1045.2479,1046.4658,1049.8093,1058.5468,1056.413,1056.362,1050.9753,1058.034,1043.9923,1050.661,1047.9312,1051.8518,1047.0891
10291.865,10265.876,10271.743,10254.1045,10255.574,10251.307,10257.036,10320.247,10351.701,10316.995,10230.057,10213.468,10244.203,10200.09
7951.0,8042.967,8039.8076,7989.463,8046.0527,8117.4795,8150.292,8028.808,8101.01,8171.0806,8158.367,8098.0254,8198.949,8215.012
7992.0786,8067.8164,8036.2915,8046.1035,8066.4355,8138.893,8120.7837,8100.0034,8162.2505,8160.4365,8157.8,8188.5845,8192.892,8191.7656
9565.684,9507.686,9543.352,9555.231,9579.313,9572.803,9583.566,9543.209,9547.857,9534.833,9580.116,9578.797,9581.731,9555.081
8345.257,8332.86,8341.367,8473.256,8451.045,8497.686,8432.52,8460.271,8459.898,8515.581,8547.905,8588.764,8669.419,8696.319
8438.503,8450.878,8462.445,8459.531,8478.908,8496.006,8514.581,8446.69,8554.36,8582.297,8553.044,8556.05,8616.798,8601.954
7006.3164,7054.5947,7056.52,7063.835,7096.9873,7062.674,7065.644,7062.3853,7071.3325,7082.7036,7063.9287,7045.053,7045.476,7052.6533
9462.652,9463.105,9436.218,9310.171,9301.115,9439.352,9600.707,9439.692,9502.679,9406.038,9288.597,9222.787,9241.017,9215.232
6983.923,6990.776,7011.4453,7015.0186,7003.7,6992.174,7017.9277,7018.403,7010.692,7002.4194,7017.2163,7015.4976,7004.8022,7005.8086
6498.238,6485.2876,6490.954,6506.9756,6493.98,6487.3535,6476.2295,6495.7886,6493.369,6501.7974,6526.4224,6526.3037,6510.566,6487.045
6940.872,6972.734,6982.292,6996.5225,7006.8784,7077.4224,7145.912,7128.4824,7157.4966,7199.588,7126.521,7073.383,7057.4883,7020.089
4395.391,4382.0874,4388.2188,4376.851,4303.055,4277.303,4330.9575,4318.9546,4285.459,4269.1035,4301.83,4298.2876,4296.0586,4285.2373
4542.3477,4544.5244,4544.7886,4535.5713,4526.39,4573.8853,4556.811,4515.535,4514.0615,4541.896,4522.0254,4570.1094,4569.7495,4532.7188
4533.3022,4541.266,4543.3433,4543.8643,4540.1255,4573.175,4605.495,4558.435,4534.9736,4552.951,4564.2676,4568.85,4594.0264,4554.105
4558.469,4558.9043,4567.177,4587.427,4557.824,4555.071,4584.4795,4576.022,4570.046,4572.8955,4587.9326,4590.4873,4640.555,4635.91
4726.7905,4749.877,4745.059,4752.7085,4760.773,4754.0054,4759.792,4754.268,4742.4907,4732.227,4756.5757,4767.6807,4764.243,4765.1733
4225.1514,4198.1245,4220.2163,4226.889,4192.0747,4239.216,4197.9214,4210.281,4216.3633,4218.7285,4204.781,4206.232,4220.4707,4223.56
4706.143,4767.6665,4763.5654,4893.536,4903.881,4844.0425,4868.228,4855.648,4878.8696,4937.776,4980.151,4914.3047,4935.9453,4928.288
4596.368,4608.8457,4572.454,4591.428,4599.9727,4592.789,4614.0454,4585.331,4591.124,4614.8774,4569.7705,4587.17,4591.6177,4621.3843
5936.6685,5913.6875,5900.195,5954.6484,5955.797,5960.793,5882.597,5940.7935,5952.082,5950.285,5968.5146,5982.559,6006.6533,5948.9644
5935.6177,5948.733,5935.982,5976.1807,5974.6406,5957.503,5925.3955,5950.4834,5971.761,5967.2056,5972.009,5977.556,5975.1157,5954.8706
7999.381,8133.378,8248.625,8196.406,8188.425,8179.009,8208.383,8153.237,8271.842,8277.709,8216.515,8165.252,8236.648,8247.854
10605.247,10555.533,10545.236,10596.807,10626.563,10604.386,10588.912,10569.128,10556.613,10526.239,10506.254,10516.8,10506.774,10500.038
7648.634,7614.9536,7639.803,7644.6665,7653.673,7690.5527,7688.113,7637.883,7605.9775,7564.449,7620.924,7631.5254,7629.09,7632.537
7691.007,7647.703,7613.5156,7615.314,7634.167,7666.767,7669.9326,7616.6597,7573.648,7473.0376,7525.8574,7583.542,7599.41,7610.8013
7800.575,7759.4067,7791.6665,7787.534,7765.2085,7754.4404,7747.4604,7761.795,7769.9062,7760.141,7764.415,7754.9243,7737.485,7735.5156
7664.4106,7672.0664,7659.682,7629.8306,7638.6895,7661.1167,7665.699,7641.289,7654.741,7655.32,7647.883,7640.804,7653.3975,7664.6177
7187.5957,7232.5254,7204.984,7209.032,7153.244,7150.9785,7141.5063,7173.5176,7184.719,7204.64,7252.2393,7260.9507,7261.6445,7270.288
7761.9277,7808.8726,7766.587,7844.0547,7933.568,7875.843,7790.249,7805.672,7733.065,7813.6074,7803.096,7833.5923,7872.9097,7929.043
8110.1646,8091.797,8094.4497,8087.0356,8082.023,8083.1084,8095.9316,8088.9375,8091.9497,8091.003,8092.308,8087.321,8100.8726,8093.9385
8256.235,8270.971,8277.079,8269.005,8264.04,8276.416,8274.879,8264.036,8264.306,8284.093,8284.978,8270.786,8272.188,8278.29
7740.252,7824.5234,7794.9663,7788.3193,7785.038,7814.0103,7835.1626,7895.8896,7897.496,7852.319,7821.902,7808.0176,7808.5493,7836.5947
8664.396,8682.674,8688.761,8697.183,8711.082,8700.937,8708.987,8716.257,8724.687,8721.844,8710.942,8698.89,8709.179,8705.285
1335.3813,1345.653,1338.418,1332.8022,1333.0889,1339.1292,1334.4618,1337.9492,1339.7333,1338.8651,1333.4641,1325.4563,1309.7244,1318.5514
1130.1677,1132.7596,1132.7295,1134.3268,1140.2993,1148.3633,1140.8475,1134.6653,1131.8146,1138.965,1139.4509,1138.941,1151.0216,1152.1964
9877.23,9820.614,9699.63,9879.784,9880.723,9931.957,9810.354,9722.886,9671.945,9669.575,9574.864,9648.05,9675.129,9607.582
10489.525,10507.273,10505.676,10536.036,10535.445,10612.355,10512.125,10545.295,10498.823,10508.312,10517.502,10531.577,10521.799,10509.523
3121.7583,3151.5234,3123.2961,3112.604,3086.106,3104.2131,3096.0627,3134.6382,3133.6455,3128.8098,3116.0005,3113.2742,3119.5159,3136.4316
40406.54,37303.492,39711.598,39766.402,37080.54,37205.13,41718.29,40553.426,35784.25,39901.95,39068.977,37583.574,36452.285,37646.81
1103.9796,928.7206,776.60767,561.9492,478.17847,513.44775,253.32837,392.09497,679.70276,402.865,407.10034,247.6416,765.13354,532.4646
2799.7324,2802.1736,2783.6687,2781.13,2805.6704,2808.7622,2858.119,2790.8481,2788.871,2806.889,2819.4583,2794.8562,2839.0728,2860.9377
1025.2988,1027.6898,1026.7267,1033.0884,1043.3085,1042.3629,1042.005,1036.7373,1032.9149,1037.5085,1042.9539,1042.5378,1043.1493,1041.3611
3466.1816,3503.4963,3533.039,3560.3972,3609.8403,3609.4863,3598.2224,3593.6067,3597.3828,3578.808,3576.9763,3576.8738,3592.6462,3597.094
1370.6627,1368.4349,1370.6494,1369.8551,1367.5603,1376.1954,1374.5402,1376.7832,1372.0547,1373.1339,1372.5743,1372.026,1373.4752,1372.0542
9502.339,9474.99,9490.384,9424.203,9419.008,9444.866,9462.551,9519.344,9488.003,9533.18,9480.495,9426.36,9421.253,9340.702
1825.0153,1822.8081,1821.704,1812.5684,1808.2727,1806.3398,1810.3301,1818.5685,1820.0529,1822.5037,1820.3925,1812.5079,1812.9242,1812.165
7613.424,8232.372,7807.6377,8924.468,8340.006,8649.701,8970.501,8572.953,8391.172,8282.444,8426.621,8579.381,8836.754,8327.462
1463.4067,1464.102,1469.3427,1466.7513,1467.5363,1466.4299,1514.6714,1504.708,1485.4591,1491.4036,1496.4991,1478.5277,1460.4437,1477.4895
1292.4546,1295.9993,1295.7625,1294.5217,1299.1747,1306.4252,1302.0789,1291.9965,1295.8097,1293.2407,1292.1027,1291.1438,1291.2235,1292.8452
8701.224,8698.262,8765.068,8717.732,8651.53,8552.271,8486.823,8467.524,8592.141,8642.888,8717.344,8668.314,8676.337,8635.752
9433.018,9400.682,9364.195,9386.251,9448.483,9463.189,9397.467,9374.264,9378.364,9374.343,9301.887,9346.441,9401.57,9394.21
6342.6553,5927.213,6609.7856,6677.1895,5891.77,5835.5723,4723.2046,4800.5347,5497.1904,6816.6895,6620.7456,5627.2153,5670.3853,5577.6025
1117.1945,1140.6024,1166.3479,1184.0914,1226.554,1188.5913,1162.3024,1176.7441,1182.9535,1190.2706,1200.1962,1194.2354,1187.9353,1187.2539
1255.3638,1255.8759,1255.107,1253.3673,1256.5648,1257.1787,1257.1504,1255.3856,1256.2753,1256.3448,1256.0334,1255.1658,1256.5508,1256.4521
8526.202,8484.338,8465.584,8459.412,8463.231,8474.415,8426.157,8416.497,8386.948,8422.381,8487.073,8492.985,8465.141,8403.68
693.37024,689.1695,673.88544,684.6415,696.4927,693.2596,746.0877,672.7333,689.381,716.1534,710.6173,679.18585,738.88354,765.1733
2110.2568,2115.494,2108.2217,2107.2993,2129.2278,2135.9478,2136.2205,2132.3398,2124.357,2133.2148,2135.1704,2134.3955,2142.2664,2139.9966
7839.6904,7850.873,7872.4434,7871.1055,7853.521,7856.972,7883.4653,7873.1167,7866.248,7858.654,7864.519,7850.5503,7861.685,7871.6064
1239.2869,1241.2424,1240.813,1239.0892,1242.7632,1240.0201,1229.1656,1237.61,1252.4958,1249.0425,1240.1549,1236.0819,1235.967,1225.0525
1126.175,1126.9095,1117.1257,1134.8058,1127.4637,1122.4739,1108.5912,1120.8381,1093.6511,1109.9908,1105.3527,1136.6062,1132.8112,1126.0809
9354.045,9320.502,9315.945,9336.024,9241.835,9264.349,9314.317,9325.65,9259.818,9263.062,9169.111,9229.76,9240.483,9224.394
1041.2844,1041.6387,1044.1185,1037.8816,1037.6869,1036.1573,1036.699,1033.7338,1037.2855,1041.7765,1040.8639,1036.0979,1038.1697,1039.5092
1109.6927,1113.5796,1109.9214,1105.5508,1102.278,1114.9148,1106.3772,1116.9095,1114.9943,1125.2742,1112.3441,1103.2013,1091.1613,1107.7198
1100.7151,1102.4697,1095.5018,1098.1055,1074.4817,1088.2335,1075.991,1090.7427,1086.1,1099.0131,1090.7086,1087.2783,1073.2732,1087.657
1132.2603,1135.6295,1134.2603,1131.5658,1129.5927,1127.3513,1098.184,1110.3357,1117.0087,1107.9136,1097.6227,1097.7843,1106.5339,1104.653
10643.805,10774.485,10774.272,10760.539,10768.6875,10847.928,10832.456,10836.631,10805.388,10850.991,10845.649,10828.877,10865.559,10879.997
8269.053,8425.616,8505.279,8577.813,8638.996,8613.144,8608.769,8539.375,8679.789,8626.609,8573.155,8462.924,8549.448,8612.126
41813.453,40882.758,39229.504,39622.234,37800.69,40952.914,39428.934,38534.766,37413.613,36590.777,39493.883,38617.07,40274.453,37464.69
4163.5156,3807.2456,3129.894,3097.2886,2144.2095,3910.891,1390.2817,2589.3633,3375.5796,2567.291,2823.2607,2602.8433,3426.3755,2474.4834
9275.632,9274.364,9236.891,9244.541,9301.297,9301.54,9302.443,9285.637,9265.188,9243.775,9248.86,9280.817,9332.987,9298.814
1081.8723,1076.8844,1083.5986,1089.2017,1089.0577,1085.5044,1086.3136,1082.8711,1082.448,1083.6287,1088.1963,1088.564,1088.3608,1085.4489
3303.207,2501.4326,1610.5869,985.3506,1022.2031,-70.802734,-380.82422,-307.34277,1073.2852,506.75488,649.06445,-744.8877,561.1738,341.61133
1083.335,557.67773,-7.328125,-925.8911,-1515.1772,-1093.8833,-2017.9937,-1418.832,-907.1089,-1204.2681,-1518.3467,-1865.8774,-443.28467,-416.1084
1336.1841,1337.4059,1336.5007,1338.6178,1340.0774,1335.8391,1335.5771,1340.3445,1345.2765,1334.6107,1336.0912,1338.3269,1339.2736,1336.2732
1333.9587,1333.9731,1336.8965,1335.9485,1332.3602,1332.5515,1338.7938,1343.9336,1336.5988,1335.392,1335.7477,1334.9901,1333.2578,1336.5875
1983.9209,593.7285,342.89502,-186.33301,-285.5537,-1282.752,-1764.0449,-1315.8535,-388.24902,-731.6211,-1776.0469,-1294.0322,-505.93652,-752.4248
1926.8628,921.7783,547.7783,-92.38574,861.2207,-559.76953,-1708.5889,-1025.4111,1514.9858,-252.41992,-1643.0654,-1329.123,257.94238,-884.2158
1489.9268,-1420.2773,-1647.0283,-3641.5107,-744.6631,-4441.1826,-3540.1982,-4711.9717,-918.8135,-2588.38,-3703.6865,-5498.788,-2487.7852,-4510.7666
2423.826,2454.0269,2451.6365,2522.711,2521.834,2524.3962,2483.4707,2507.5994,2532.497,2528.3262,2514.7383,2541.9775,2526.4739,2534.416
1546.5778,1217.251,1207.3359,1141.8965,987.2844,964.2905,1376.6799,956.0198,1369.0488,647.0137,747.7278,717.90576,1282.043,959.4143
1314.7041,1311.7579,1304.8165,1306.2484,1296.4043,1294.107,1277.8062,1285.1063,1289.5679,1293.2921,1291.721,1293.8221,1285.7725,1287.0209
2209.0103,2265.7246,2255.2627,2287.2844,2350.288,2386.987,2373.013,2371.7524,2395.3538,2377.2832,2334.1887,2315.3394,2377.946,2399.5928
1231.8135,1334.813,1423.1682,1295.5958,1388.5071,1338.5621,1460.8984,1447.2659,1488.8164,1441.3605,1396.5448,1340.072,1437.4591,1472.276
1449.2733,1440.3428,1431.2106,1428.6271,1429.2843,1430.0486,1429.2614,1438.931,1446.4629,1441.0706,1430.7809,1435.7671,1444.7504,1431.756
1560.2661,1591.6775,1606.2231,1606.0483,1615.6898,1582.686,1604.7418,1617.0637,1634.5767,1627.2354,1628.6362,1621.0332,1620.3243,1586.8994
1484.6144,1494.4246,1497.7306,1511.3888,1505.7128,1499.6708,1489.886,1487.9186,1496.101,1496.3467,1502.7703,1508.8428,1503.3368,1500.551
1454.867,1444.1321,1449.5048,1447.3229,1442.626,1447.6199,1433.9755,1429.4713,1424.2085,1430.0773,1435.2263,1447.5493,1441.9801,1435.0715
1466.8887,1439.2606,1450.0786,1439.2083,1437.706,1436.2172,1427.0769,1425.1716,1431.6527,1433.5055,1440.1753,1433.4966,1432.4078,1423.402
1585.2744,1643.4425,1614.746,1619.8401,1563.0382,1583.9049,1617.058,1592.5387,1585.9087,1593.1879,1614.2311,1578.3127,1562.7496,1586.5209
1578.6855,1583.6326,1581.371,1547.9822,1569.1868,1554.959,1592.0448,1566.6063,1599.6785,1590.8107,1602.2927,1559.8594,1567.6838,1567.7411
35728.457,35982.36,40331.027,37535.7,34975.137,37331.355,39582.83,40244.516,37598.316,32631.045,39622.414,39541.25,36168.4,37565.168
1693.9767,1690.8849,1688.3983,1687.8832,1687.96,1687.4747,1687.7936,1691.354,1689.705,1692.067,1686.4102,1687.2408,1687.6852,1688.3693
2650.4678,2648.7234,2592.6226,2634.3037,2626.3494,2632.4187,2578.976,2624.4668,2616.816,2572.6416,2552.576,2598.055,2617.5474,2637.163
42453.78,42314.156,42215.023,42350.383,42360.56,42572.89,42442.27,42724.285,42158.7,42212.83,42264.535,42621.69,42813.117,42446.348
2458.3757,2411.1494,2425.4216,2435.8953,2443.7869,2437.9377,2435.3823,2421.4495,2425.9407,2411.021,2441.711,2434.6047,2424.1934,2398.124
2578.3367,2621.9678,2657.1743,2679.901,2710.093,2703.3206,2670.0198,2659.191,2596.8389,2661.7998,2728.358,2712.651,2736.381,2709.8367
2641.1416,2630.9255,2609.4194,2602.1858,2625.516,2610.5332,2605.2458,2638.1929,2629.734,2620.103,2616.9836,2626.28,2623.9812,2603.919
2691.5437,2683.0017,2684.328,2672.8394,2684.2625,2676.4087,2684.1746,2673.7273,2678.7788,2669.9832,2655.277,2644.7698,2649.1348,2646.127
3072.2627,3067.1912,3053.068,3052.6172,3056.4397,3064.781,3067.164,3047.1543,3040.2524,3043.0151,3046.1506,3058.6702,3053.1692,3052.6135
1790.5173,1767.848,1758.7622,1816.69,1892.2262,1918.939,1855.4557,1792.2397,1821.5234,1787.5233,1889.4329,2000.5786,2150.1052,2051.4058
2641.311,2632.1055,2660.8457,2688.132,2701.3916,2684.9358,2667.3696,2639.9524,2675.6455,2697.1926,2707.313,2711.0176,2702.731,2680.9844
2265.0198,2387.6582,2443.9343,2495.555,2258.4038,2256.627,2271.8308,2334.024,2435.2983,2462.6282,2415.4556,2399.5613,2262.0752,2382.3027
2166.8347,2186.318,2207.65,2169.9626,2171.966,2182.2236,2206.5068,2206.897,2234.418,2207.2495,2186.4404,2179.8857,2204.2815,2199.237
2247.2246,2297.7454,2279.8796,2282.5781,2253.6404,2290.0608,2351.2036,2311.641,2259.1575,2277.9656,2281.911,2275.1013,2297.6028,2327.6597
2096.1216,2161.872,2143.6787,2141.8044,2063.6934,2168.9963,2219.7046,2199.4912,2070.2036,2162.6975,2121.8022,2124.1123,2172.3884,2236.6016
1508.7236,1491.2058,1467.1304,1373.603,1164.2346,1344.461,1069.7677,1254.1825,1243.0966,1331.4175,1218.5117,1200.5718,1230.8315,1186.7463
1703.7518,1476.693,1384.783,1313.0818,1273.5948,1120.885,1286.6147,1228.6628,1370.3704,1220.5817,1066.342,1074.6167,1336.8499,1297.8319
9263.61,7934.1055,7340.284,7360.0234,6049.4805,6994.492,5720.5195,5764.463,8024.218,6682.509,6411.962,5772.043,7523.784,6659.9395
1400.5693,1395.9988,1423.4639,1413.1062,1412.6372,1394.186,1380.4271,1422.3466,1440.2465,1358.0427,1414.3004,1383.6023,1426.08,1465.306
5452.404,5536.333,5592.3945,5548.554,5589.12,5534.8125,5541.196,5559.4375,5618.1562,5598.8057,5582.828,5559.508,5592.297,5635.334
6900.0015,6900.0024,6900.0015,6900.003,6900.0034,6900.003,6900.003,6900.003,6900.003,6900.003,6900.0024,6900.0024,6900.0024,6900.003
-1277.7402,-2327.4644,-2485.6465,-2531.8525,-1886.3574,-2361.0776,-4867.3955,-3657.6821,-3372.9312,-3623.0068,-2429.6611,-1843.9766,-1766.0342,-3062.7085
1311.0099,1320.2395,1317.1628,1316.5525,1321.753,1330.5123,1326.4028,1322.0786,1321.1074,1320.8187,1318.4677,1322.0464,1324.6375,1323.2128
1262.6185,1125.6418,1073.9164,784.54846,898.67554,706.8656,742.1815,632.73474,956.00684,729.29834,797.9684,616.2311,1087.4841,1164.8075
1238.7909,1244.2754,1248.133,1245.7534,1241.7322,1237.1265,1250.3224,1250.2064,1248.4346,1246.2017,1247.3024,1246.3495,1246.1317,1248.7385
2009.8772,2007.0228,2011.0281,1992.1099,1990.2997,1997.3549,2004.9279,1998.668,1996.6613,2001.7445,1998.0082,1985.105,1983.8156,1988.1643
1646.9222,1658.4465,1656.9083,1664.7798,1662.3895,1673.9164,1667.0264,1662.8894,1650.4368,1656.7775,1648.044,1654.8711,1657.2183,1661.0231
1774.463,1772.999,1785.4088,1783.7894,1779.966,1784.8042,1791.9364,1790.7695,1781.3489,1762.8213,1766.1156,1776.022,1759.4667,1749.6792
12825.806,13027.52,12886.565,12964.418,11751.176,12433.951,11246.217,11525.977,10185.282,11236.811,10522.266,10190.81,10313.586,10681.464
5544.457,5548.8687,5546.5728,5546.085,5539.235,5537.108,5534.372,5546.9507,5547.1406,5563.9805,5556.3276,5548.798,5538.173,5539.1953
1503.4097,1499.235,1476.622,1476.1555,1477.8011,1492.3596,1469.5135,1466.0511,1481.8849,1458.1599,1461.6031,1473.6398,1532.3447,1483.2804
5629.107,5648.3276,5645.979,5645.092,5637.117,5631.224,5633.218,5646.464,5648.88,5657.4316,5651.418,5644.6826,5639.4946,5638.1724
5458.424,5441.4253,5431.174,5426.5107,5391.9404,5408.579,5358.352,5493.5713,5469.7017,5502.2007,5454.5537,5448.73,5426.4604,5417.78
5443.948,5433.7476,5439.429,5421.9673,5400.4316,5407.2676,5368.5884,5455.2314,5478.086,5495.3193,5470.963,5428.2207,5411.0195,5403.2944
5439.311,5432.675,5446.9556,5420.244,5401.6924,5406.6475,5382.8496,5451.4795,5480.9497,5500.053,5477.8486,5426.0938,5410.091,5401.9956
5434.0835,5434.4136,5447.5117,5423.4746,5408.1323,5408.1724,5388.8823,5446.0684,5472.677,5498.165,5476.6387,5430.8315,5414.778,5405.582
5202.792,5257.884,5219.8633,5246.011,5252.636,5187.053,5167.3506,5268.479,5331.2466,5367.934,5367.2407,5342.851,5345.794,5323.375
1176.6447,1195.0691,1173.5862,1175.503,1162.8768,1196.8226,1205.1704,1195.154,1173.9943,1167.0138,1168.8649,1180.0492,1164.6117,1198.6517
1805.3395,1850.2517,1842.8969,1832.377,1834.0806,1860.1504,1863.3103,1874.2574,1888.6633,1881.215,1875.4728,1864.7853,1881.0927,1896.5442
6460.103,6451.484,6507.1494,6579.4414,6515.59,6472.4775,6714.2847,6985.148,7007.738,6745.9004,6699.1895,6485.1797,6705.425,7007.5205
7084.12,7092.3013,7138.212,7141.6504,7117.2803,7076.82,7160.121,7169.8076,7165.2695,7152.698,7172.2964,7175.17,7170.2617,7160.4194
13316.502,13319.037,13320.321,13303.108,13243.285,13243.494,13294.248,13277.205,13254.465,13194.43,13197.465,13188.273,13181.61,13195.61
11463.218,11575.674,11632.115,11570.398,11510.767,11453.301,11709.043,11739.373,11731.3955,11613.33,11571.602,11608.531,11450.174,11556.311
11496.35,11580.911,11597.334,11519.444,11323.4795,11435.725,11505.517,11563.573,11360.078,11412.695,11379.807,11380.21,11290.935,11434.275
764.6381,769.96826,766.96545,766.5329,768.5555,770.0518,766.5107,766.5983,767.53687,768.1891,770.87805,770.7414,770.4827,771.35675
4282.778,4394.7725,4424.028,4395.122,4337.787,4356.931,4301.6685,4297.6274,4258.2974,4420.8154,4427.1953,4388.108,4379.022,4420.9097
17163.486,17617.104,17162.996,17435.385,16873.572,17187.59,17146.797,17165.709,16894.682,17031.01,17121.254,17123.219,17062.846,17106.594
13445.974,13912.917,13785.454,13799.468,13486.113,13786.689,14007.859,13809.858,13380.44,13926.038,14006.192,13830.24,13259.949,14052.811
15060.817,15593.971,15447.307,15468.1045,15133.365,15462.131,15718.114,15495.68,15041.926,15640.389,15735.03,15544.546,14923.183,15796.369
8936.019,8909.766,8880.797,9018.483,8995.425,8956.855,8994.541,8985.078,8848.728,8904.441,8956.975,8990.323,9024.082,9009.531
1154.2236,1179.708,1163.439,1150.1565,1125.2625,1126.609,1141.6278,1171.4714,1161.2201,1172.8535,1157.8899,1130.4506,1126.8549,1175.738
3318.0273,3329.9038,3333.9797,3341.5938,3336.421,3330.8325,3333.9856,3334.784,3334.45,3342.2004,3343.6484,3340.6562,3337.7395,3342.8252
2137.2139,2147.13,2186.943,2200.1455,2202.3445,2192.4695,2196.3162,2172.9116,2169.231,2185.4485,2210.6938,2208.7417,2181.2202,2185.6284
15127.363,15170.023,15196.974,15170.305,15078.534,15081.285,15052.431,15099.797,15100.141,15160.615,15167.517,15143.558,15088.429,15140.327
4719.434,4858.592,4844.207,4904.05,4904.6816,4950.6357,5064.419,4974.9893,4929.717,4924.7197,4950.162,5122.824,5000.017,5055.121
5277.2207,5401.122,5443.0527,5425.905,5503.24,5411.057,5332.5605,5278.2666,5458.256,5547.7817,5540.193,5499.5425,5626.679,5582.75
11911.235,12070.656,12003.652,11858.4795,11674.338,11761.421,11823.835,12056.801,11996.154,12034.454,11846.641,11709.952,11599.478,11945.046
1960.8142,1949.4205,1948.4023,1945.6029,1932.8479,1947.703,1947.8234,1942.696,1933.0142,1938.3405,1944.3478,1940.2633,1941.82,1937.8053
12887.938,12916.455,12937.929,12934.561,12925.682,12928.566,12982.114,12976.445,12956.475,12935.394,12934.985,12948.379,12931.492,12940.98
14303.763,14372.423,14387.942,14376.589,14358.441,14378.309,14402.379,14347.368,14344.816,14350.384,14360.514,14344.481,14328.632,14355.913
1705.7167,1745.089,1722.4072,1712.5111,1708.7462,1712.408,1727.7872,1733.3724,1729.632,1738.5713,1732.1082,1718.5541,1724.538,1738.5354
2167.5044,2199.2727,2188.1096,2219.5552,2181.1682,2184.9128,2193.4902,2176.6318,2142.3447,2141.3171,2155.706,2176.8508,2142.9543,2105.2693
7417.6353,7513.2866,7477.5117,7500.8203,7477.8145,7458.1406,7472.3154,7312.048,7121.824,7113.7505,7051.695,7064.7056,6988.7305,7004.8955
1529.5647,1546.9645,1513.863,1517.8553,1515.7883,1531.0225,1529.729,1580.5043,1558.9177,1581.6067,1531.9944,1543.3828,1550.7986,1592.3723
796.15234,797.3334,799.13916,804.74677,804.6681,801.06006,798.8058,799.2317,798.71747,804.94745,808.77136,811.3431,807.4985,806.1186
12548.951,12697.703,12647.046,12616.336,12388.432,12526.206,12600.419,12557.876,12471.202,12603.77,12530.1875,12346.885,12262.117,12447.9795
4579.3115,4552.419,4473.358,4454.769,4491.616,4512.3965,4503.3433,4513.6543,4532.6494,4478.7593,4466.026,4471.417,4539.0596,4567.763
1126.2173,1137.1896,1138.1888,1126.0399,1117.8341,1139.8969,1132.3086,1139.746,1112.1343,1124.416,1125.6077,1139.1344,1148.6986,1161.6991
4834.9263,4881.0767,4870.356,4863.5684,4852.5664,4853.0947,4856.271,4868.299,4858.437,4842.5874,4850.6924,4849.888,4829.717,4855.304
17258.156,17481.9,17420.08,17455.58,17051.217,17328.12,17380.252,17096.645,16453.264,16801.639,16808.084,16842.95,16646.959,16889.059
1525.6676,1528.5854,1524.8345,1523.7976,1504.9437,1517.1447,1516.0177,1500.6979,1488.1522,1496.0781,1496.5387,1497.6058,1495.4999,1498.9529
636.11237,629.15125,614.30676,643.75055,650.89136,647.8598,642.9371,643.4481,642.5593,644.3694,616.7352,634.1559,637.27075,625.9754
1359.6622,1354.9072,1355.1351,1354.3516,1359.5055,1360.4375,1362.1444,1360.4617,1361.2354,1362.3318,1366.6152,1369.4086,1366.2108,1360.0607
3529.7056,3552.064,3532.8516,3535.6934,3525.2651,3541.5464,3558.5894,3553.6995,3553.4863,3556.724,3544.791,3530.1323,3546.1775,3564.35
2105.234,2115.7563,2116.3584,2109.213,2104.3372,2107.035,2109.1033,2132.584,2139.685,2138.386,2129.1633,2128.9663,2133.4941,2123.884
1013.0355,1031.0764,1014.01184,1001.6742,988.51196,991.0346,998.9574,1010.901,1004.7384,1013.43176,1002.9697,991.4175,992.8446,1008.2989
13061.8955,13376.384,13264.331,13268.55,13139.768,13203.542,13415.246,13429.43,13288.343,13459.325,13579.455,13491.302,13271.43,13548.141
13069.047,13383.866,13271.953,13275.923,13147.333,13210.971,13422.822,13436.718,13296.248,13467.021,13587.182,13498.668,13278.855,13555.747
15473.296,15514.43,15532.964,15553.775,15530.107,15512.806,15534.08,15531.176,15524.068,15553.879,15575.042,15553.769,15531.288,15563.037
4773.3247,4805.9,4799.978,4800.6157,4769.2593,4774.0146,4774.017,4786.923,4760.948,4785.947,4794.7236,4776.862,4753.3647,4779.157
15582.567,15580.825,15546.136,15369.381,15361.347,15352.651,15395.735,15423.116,15431.77,15459.212,15448.436,15365.944,15457.143,15500.1
1101.1727,1100.2916,1093.9061,1117.3451,1108.8275,1165.3224,1138.1046,1108.033,1104.0757,1141.0797,1122.6582,1121.8988,1123.7715,1168.9873
14363.726,14745.939,14405.274,14630.27,14509.433,14885.496,14983.987,14768.212,14500.355,14496.574,14587.135,14873.98,14504.845,15175.11
1636.7185,1639.5367,1640.0702,1639.183,1641.6759,1639.5122,1651.5996,1647.4283,1639.0974,1642.3639,1645.3114,1640.3856,1632.5286,1640.7593
2446.072,2447.7053,2448.2224,2446.749,2450.0986,2456.5234,2478.0833,2465.7473,2445.2935,2451.3298,2459.598,2452.615,2443.034,2453.76
2779.5835,2812.312,2800.5679,2806.9592,2761.9524,2804.7014,2811.109,2794.043,2789.8208,2811.995,2779.7422,2740.5977,2702.9824,2762.2092
8032.4307,8056.0747,8011.449,7999.6084,8136.3457,8097.053,8302.555,8148.306,8175.444,8189.195,8386.188,8257.495,8384.267,8418.551
6774.161,6750.351,6649.5435,6658.8325,6658.542,6688.4155,6608.593,6642.674,6642.286,6645.442,6522.7334,6514.3345,6588.419,6644.343
10933.178,10958.612,11050.961,11006.625,11154.021,10991.589,11242.1,11059.5625,11053.64,11135.422,11276.749,11142.42,11233.449,11257.379
7440.907,7534.4995,7605.4995,7716.0576,7772.5693,7817.183,7825.7866,7823.275,7791.6113,7770.1416,7820.403,7771.1064,7790.274,7779.247
11393.877,11398.819,11499.24,11389.5625,11589.8545,11315.983,11765.875,11624.923,11842.701,11856.052,11982.356,11712.704,11953.444,11907.351
9716.995,9558.017,9694.324,9620.7295,9990.327,9664.925,10045.81,9516.323,9862.868,9476.393,10045.863,9676.633,10106.453,9871.82
9281.7,9185.09,9157.982,9184.598,9466.101,9140.183,9575.258,9085.314,9575.565,9406.196,9886.093,9562.85,10043.947,10067.776
9978.251,10054.951,10003.014,10073.762,9937.418,9984.719,10061.753,10039.347,9908.582,9925.465,10019.009,10072.508,9992.669,9893.562
1852.4227,1912.8484,1916.5586,1909.2944,1881.3998,1912.9655,1929.3906,1922.3231,1938.6998,1913.019,1913.1061,1918.4073,1870.7365,1897.6882
5580.408,5583.5034,5577.824,5559.4067,5546.1143,5563.99,5539.416,5554.6763,5551.845,5567.6343,5572.4907,5567.137,5575.803,5577.3936
4883.512,4934.241,4985.54,4931.484,4981.5933,4967.396,5037.7266,4902.1646,4948.9937,4976.921,4949.282,4888.968,4957.001,4971.5107
2743.65,2783.2979,2790.266,2781.5754,2766.9697,2778.069,2799.522,2770.1094,2755.682,2658.9275,2676.3088,2732.0188,2681.974,2698.2402
4987.6274,4978.967,4961.65,4929.8975,4893.282,4886.8486,4882.5522,4936.0215,4887.639,4956.6655,4754.085,4761.3486,4856.7817,4786.117
994.8156,992.26086,986.56616,990.2145,989.5538,997.56836,999.81445,973.5393,989.04425,992.01416,1009.2636,984.6279,1019.21576,1032.5358
9607.054,9525.29,9553.946,9608.63,9484.095,9610.779,9320.46,9362.488,9543.268,9640.477,9381.632,9378.938,9312.432,9258.783
10423.709,10689.586,10653.705,10654.11,10538.931,10711.454,10854.188,10760.561,10788.983,10741.675,10912.558,10861.436,10712.465,10855.84
2801.3076,2899.8586,2846.645,2875.6606,2753.9824,2851.2095,2921.606,2936.212,2814.8416,2880.4705,2908.1848,2894.8916,2765.505,2889.8508
10793.319,10852.207,10798.33,10744.526,10706.177,10765.352,10867.509,10899.604,10818.585,10835.368,10759.126,10802.525,10787.971,10892.789
14879.396,14856.801,14777.156,14816.145,14619.174,14743.713,14885.916,14906.192,14655.466,14706.998,14745.697,14732.557,14692.388,14785.249
11181.281,11147.104,11124.34,11070.866,11075.244,11121.458,11111.885,11095.674,11101.081,11089.105,11071.106,11063.473,11081.113,11088.73
14735.303,14853.079,14724.755,14651.592,14412.88,14761.509,15086.64,15028.086,14746.516,14741.467,14750.354,14908.605,14652.214,15070.121
1095.0107,1098.5703,1105.3495,1103.1586,1098.0449,1100.9607,1108.9365,1107.9158,1103.1437,1108.346,1111.9536,1110.8267,1107.7991,1112.2369
11371.633,11389.178,11402.93,11397.148,11390.89,11389.132,11429.225,11420.878,11406.096,11394.61,11393.492,11401.177,11391.914,11390.902
10902.329,11023.31,10966.83,10907.96,11201.477,10997.112,11331.701,11100.163,11437.391,11306.179,11569.043,11311.271,11579.323,11628.323
747.3702,766.698,798.6625,777.3377,772.24036,844.2025,919.0886,907.31256,913.6656,888.6836,930.8396,933.1322,897.7295,904.8981
2392.148,2351.383,2347.7356,2331.1458,2274.8003,2321.256,2345.0735,2377.0017,2315.281,2292.9043,2324.9265,2298.7966,2313.0308,2318.769
11305.445,11318.861,11467.729,11443.301,11374.586,11263.383,11375.979,11474.236,11493.912,11420.709,11377.346,11297.453,11389.842,11510.448
11492.699,11324.57,11637.776,11422.64,11537.154,11287.458,11611.024,11077.528,11483.415,11229.508,11967.258,11106.145,11535.469,11345.372
7508.7793,7322.0107,7501.4976,7410.2466,7568.68,7258.742,7768.37,7158.457,7673.702,7370.219,8001.1226,7227.88,7788.078,7447.1265
9055.703,9123.984,9171.18,9297.231,9232.056,9389.767,9352.914,9464.497,9398.945,9502.673,9384.377,9506.657,9669.454,9647.074
9532.926,9419.353,9433.526,9531.683,9862.969,9567.645,10230.062,9822.622,9733.693,9548.996,10087.597,10061.368,10230.667,10226.116
8761.51,8768.859,8765.312,8801.67,8896.069,8901.276,9167.488,9056.466,8980.274,8900.161,9120.77,9064.608,9154.346,9157.736
9458.107,9267.466,9278.606,9353.029,9744.541,9680.898,10039.766,9718.228,9631.292,9372.463,9801.519,9806.063,9964.92,9963.354
7402.801,7387.9937,7423.388,7475.92,7468.4136,7502.7393,7453.3555,7378.096,7366.558,7345.567,7402.659,7424.6445,7402.156,7392.2993
8399.025,8233.62,8359.936,8462.653,8419.162,8512.824,8380.282,8216.215,8196.619,8099.2056,8187.768,8258.3545,8236.788,8230.587
8261.359,8230.848,8144.687,8162.4277,8336.544,8226.025,8318.831,8034.2246,8100.7754,8117.2217,8392.598,8261.455,8524.242,8601.282
2213.6558,2220.1545,2234.7808,2226.0063,2285.218,2221.3613,2283.8953,2256.801,2310.4368,2300.2603,2318.385,2288.2822,2320.22,2308.1724
6950.114,6938.6787,6913.3335,6923.7144,6933.228,6887.011,6898.372,6923.7114,6901.7466,6884.9746,6890.017,6891.989,6898.9204,6880.56
8992.422,8926.646,8845.225,9000.285,8993.64,8971.378,8810.631,8890.528,8798.397,8812.573,8855.887,8903.213,8943.001,8857.581
9303.038,9293.778,9178.984,9283.47,9241.83,9338.202,9187.452,9263.561,9211.547,9214.691,9221.868,9243.198,9302.348,9234.187
3218.6099,3228.8076,3263.179,3265.9084,3288.324,3283.6091,3312.4146,3282.824,3299.0422,3280.6438,3290.5264,3287.857,3286.6714,3285.232
8000.68,7978.3447,7887.101,7925.706,7849.442,8006.8086,7844.565,7989.435,7927.652,7877.0845,7808.0767,7911.4956,7935.709,7887.1377
14455.63,14568.827,14494.3545,14727.1,14792.91,14554.437,14644.684,14699.66,14634.888,14676.307,14542.893,14935.111,14630.208,14717.417
10251.11,10251.642,10240.396,10278.096,10332.247,10339.55,10442.339,10363.87,10282.921,10311.048,10350.884,10323.812,10307.706,10334.977
2073.3533,2073.7808,2073.4993,2080.929,2087.3406,2088.664,2108.2932,2092.3945,2076.3438,2082.8572,2089.696,2084.127,2079.2605,2085.3071
14072.008,14090.421,14087.834,14178.324,14374.685,14305.675,14785.895,14601.523,14452.475,14418.671,14522.032,14497.2,14424.958,14395.574
1201.177,1202.5789,1202.8793,1201.1874,1204.2982,1204.1351,1210.9255,1208.5791,1203.3049,1206.0688,1207.048,1203.5426,1197.4603,1204.176
13014.211,13011.516,12941.538,13065.49,13122.169,12945.675,13002.623,13010.039,12925.393,12949.511,12905.793,13014.31,12949.746,12947.297
3180.7278,3198.4797,3190.1396,3202.1584,3191.1106,3169.8142,3149.6616,3134.3545,3159.572,3189.2827,3197.503,3202.6177,3238.229,3219.4102
3779.7107,3778.5803,3693.7695,3801.6543,3845.9192,3895.0815,3804.0947,3818.9219,3637.764,3716.7861,3784.3694,3873.9478,3748.7407,3705.513
16637.838,16659.422,16444.281,16590.652,16536.904,16601.146,16504.025,16643.832,16355.963,16356.425,16284.597,16648.283,16594.602,16547.85
4816.158,4787.061,4771.48,4969.674,4964.364,4823.047,4783.967,4772.469,4592.726,4708.3057,4736.2896,4891.585,4794.5156,4767.6943
12232.983,12165.832,12034.257,12163.332,12143.4,12116.961,11958.649,12072.05,11954.717,11961.026,11971.283,12003.122,12107.99,12004.813
7330.906,7301.068,7464.436,7435.108,7456.459,7549.4893,7443.969,7278.0874,7461.095,7529.51,7492.9297,7412.28,7561.087,7531.595
12282.009,12259.887,12080.728,12316.658,12323.673,12195.956,12166.044,12237.248,12140.1045,12178.429,11933.3125,12189.905,12233.914,12137.39
7282.5444,7211.0786,7158.052,7241.802,7232.975,7245.23,7175.5996,7190.776,7082.232,6934.2144,6920.7036,7017.8267,7035.1113,6967.3374
3242.6372,3253.8135,3273.6729,3301.664,3327.6196,3342.221,3374.107,3382.3103,3386.366,3381.5237,3368.884,3370.291,3358.41,3372.957
13415.73,13344.067,13225.322,13346.585,13316.653,13307.753,13173.921,13251.994,13159.027,13206.27,13165.3955,13207.142,13284.899,13163.774
15077.478,15081.236,15020.698,14932.969,15023.117,15052.838,14998.022,15100.42,15194.361,15128.163,15139.503,15076.13,15049.368,14967.526
5207.245,5350.4614,5432.8477,5437.64,5344.8887,5302.1665,5281.1714,5200.7017,5190.8296,5459.0977,5551.0054,5418.1387,5367.432,5469.624
12721.6875,12691.355,12664.052,12684.808,12687.411,12685.677,12689.637,12712.634,12703.408,12688.83,12656.692,12689.876,12708.409,12678.799
1655.2732,1663.9296,1649.0889,1672.8489,1676.7483,1676.2921,1699.3884,1682.7977,1682.4847,1673.8978,1679.4829,1725.0311,1705.074,1707.4564
1701.8281,1707.2559,1669.926,1664.7952,1636.5804,1644.5381,1652.3948,1672.1609,1664.5858,1658.605,1631.5228,1642.1091,1645.5125,1649.0573
13311.312,13409.266,13420.775,13366.201,13359.104,13284.057,13284.982,13403.924,13343.546,13296.108,13306.536,13396.796,13366.194,13319.655
10227.305,10162.409,10137.076,10136.468,10153.498,10119.696,10130.361,10141.099,10121.703,10110.199,10099.159,10110.062,10104.124,10084.416
14668.028,14776.462,14720.4,14669.324,14662.781,14556.317,14558.349,14735.807,14711.456,14674.453,14571.573,14599.098,14559.491,14512.509
15171.021,15296.296,15336.332,15278.429,15280.872,15168.193,15185.391,15296.645,15199.1,15137.153,15152.177,15317.489,15257.514,15209.125
3588.1936,3572.6572,3561.7732,3570.848,3582.5613,3606.9539,3586.1729,3567.0632,3563.4382,3552.767,3546.8987,3568.2332,3568.2266,3563.7517
10209.341,10172.525,10044.472,10132.462,10110.797,10137.9795,10087.698,10145.26,9920.815,9963.271,10013.408,10049.527,10105.613,10029.135
1537.2236,1542.9485,1521.0469,1544.643,1510.3212,1529.142,1525.4601,1538.8994,1470.1554,1482.3351,1494.2351,1518.9163,1482.5284,1481.5565
1578.111,1592.3281,1567.3652,1590.3104,1583.0206,1579.9015,1585.8048,1591.1224,1567.7811,1573.4324,1583.4648,1626.6229,1580.2395,1578.3862
6149.8315,6350.988,6043.9287,6040.956,5945.6616,6013.4893,6200.3755,5999.5767,5716.212,5774.831,5880.258,6024.068,5969.459,5943.0273
14034.696,14120.833,14109.682,14088.592,14083.965,14092.987,14078.421,14095.08,14124.794,14117.851,14096.945,14081.56,14063.387,14099.509
15208.418,15247.654,15233.994,15217.041,15180.669,15239.126,15210.874,15216.099,15203.73,15216.864,15203.136,15181.847,15137.6,15208.126
14695.893,14734.173,14721.0205,14704.934,14671.168,14726.489,14700.157,14704.126,14693.09,14704.663,14692.655,14670.849,14629.081,14696.744
5950.409,5944.038,5958.4067,5985.0977,6005.4775,5959.9995,5956.085,5941.83,5930.838,5955.481,5981.495,5978.5425,5962.323,5952.7964
15713.944,15794.358,15752.649,15720.209,15759.054,15887.262,15777.163,15709.306,15751.957,15709.785,15699.067,15693.426,15705.261,15732.233
11580.015,11615.859,11622.874,11640.977,11649.58,11668.602,11660.73,11611.394,11636.446,11652.589,11627.197,11602.229,11621.278,11659.366
1444.3774,1452.9524,1450.8495,1447.876,1449.2994,1452.0653,1451.2047,1450.6174,1452.9639,1454.2206,1451.1334,1446.3976,1450.2059,1454.1597
12808.844,12842.568,12812.069,12817.111,12830.021,12900.531,12847.84,12787.175,12813.176,12811.612,12767.199,12757.729,12781.467,12821.432
11522.376,11608.192,11589.145,11627.168,11649.615,11770.907,11668.424,11697.657,11913.173,11861.181,11752.82,11702.41,11816.32,11866.737
6897.44,7000.864,6984.9126,6990.669,6971.3057,6991.788,6983.7476,6978.8804,6967.8125,7003.48,6975.0728,6992.3433,6989.9404,7003.67
4842.0215,4892.8125,4933.152,5032.953,5110.2886,5045.17,5007.825,4849.851,4837.939,5032.158,5109.7295,5099.4097,5098.127,5082.7573
12481.926,12623.06,12648.819,12672.113,12690.748,12713.918,12646.357,12696.992,12733.268,12697.697,12626.377,12605.348,12653.813,12677.345
16998.434,17391.066,17157.725,17424.893,17118.36,17446.2,16675.525,16784.334,16858.043,17524.617,17589.887,17682.95,17539.598,17876.97
14996.1875,15246.409,15244.985,15275.176,15182.094,15263.827,14938.211,15050.785,15094.741,15354.232,15300.501,15248.454,15276.959,15398.087
5479.127,5608.903,5512.2876,5593.601,5580.899,5675.946,5541.527,5563.0547,5518.9756,5758.5977,5773.2817,5670.661,5851.532,5929.2285
4828.5986,4856.594,4867.4316,4805.0127,4765.1343,4783.8916,4830.83,4808.9,4703.6064,4746.312,4844.246,4833.616,4790.8154,4809.8843
16219.042,16417.73,16298.847,16454.312,16536.902,16464.69,16576.252,16574.127,16508.27,16690.1,16633.793,16861.283,16879.574,16697.193
13233.122,13324.544,13107.244,13309.445,13139.31,13197.021,12975.005,13257.053,12840.115,12829.068,12584.477,12809.61,12826.333,12838.267
766.0537,745.5234,743.45465,764.986,748.2443,750.9586,732.2992,770.1137,735.21277,766.73663,743.15826,780.19934,837.1612,828.29156
16110.519,16258.837,15971.253,16253.773,16084.627,16012.67,15847.538,16134.883,16095.113,16000.285,15465.676,15873.842,15840.325,15800.123
949.2438,936.45026,931.6866,922.162,926.3627,924.2036,915.2017,913.8292,913.4939,905.4413,906.4128,907.6978,893.4457,885.19006
16509.064,16390.959,16289.883,16265.667,16216.869,16352.6,16187.195,16328.231,16166.594,16174.735,16241.032,16177.0625,16248.155,16213.443
2101.422,2082.36,2067.5059,2061.0686,2045.1456,2064.006,2026.2095,2066.8918,2033.5884,2032.6543,2004.797,2029.2473,2047.2703,2032.1544
4244.144,4223.6055,4146.345,4114.8164,4001.0715,4176.1494,4247.0234,4205.43,4111.825,4110.6807,4080.3794,4071.9478,4098.961,4177.07
6636.215,6675.5493,6668.8384,6668.787,6672.796,6681.288,6671.829,6669.705,6679.5215,6677.139,6680.7046,6683.5215,6678.68,6685.249
12736.758,12827.234,12796.757,12789.062,12784.491,12825.199,12806.05,12805.766,12817.717,12828.686,12819.662,12830.593,12814.671,12845.243
15598.396,15532.745,15544.617,15549.307,15536.525,15532.381,15552.594,15540.511,15532.356,15531.24,15543.443,15540.692,15546.036,15544.611
3915.1074,3915.7468,3892.4324,3890.664,3867.963,3851.2603,3870.5593,3854.0999,3835.1597,3825.8362,3836.1301,3853.8933,3836.8052,3842.024
4030.3909,3846.661,3792.7969,3806.6294,3841.3057,3764.441,3587.0066,3762.376,3901.0361,3668.4368,3591.6975,3768.3394,4091.962,3913.6511
10476.963,10447.182,10488.661,10489.272,10435.007,10445.946,10446.873,10437.008,10415.548,10442.245,10485.602,10483.643,10475.609,10477.824
13274.574,13456.21,13269.903,13176.002,12864.56,13077.559,13242.581,13211.388,13019.133,12986.888,12929.196,13064.977,12996.725,13081.49
2635.9475,2559.75,2436.7363,2616.8313,2506.0298,2604.6558,2269.6577,2456.144,2360.2678,2552.0098,2350.8237,2570.6667,2796.4927,2876.6736
16384.564,16290.8125,16313.851,16346.274,16324.989,16321.291,16357.808,16370.979,16337.261,16308.923,16326.639,16345.598,16353.999,16340.742
17009.963,17251.963,16980.46,17083.285,16749.904,16873.61,16967.996,16943.62,16736.652,16702.293,16709.508,16960.238,16674.746,16878.848
2186.2705,2184.983,2184.1208,2180.6174,2180.2534,2176.1365,2173.2666,2178.1338,2185.306,2182.4224,2180.2976,2178.2563,2182.4636,2180.8196
11443.039,11461.221,11426.986,11393.399,11224.468,11291.078,11458.317,11606.935,11458.296,11357.927,11279.0625,11346.554,11347.657,11539.03
3316.525,3314.3481,3321.8962,3324.8938,3322.126,3317.0913,3328.7273,3334.5571,3329.3545,3314.8088,3314.4172,3323.608,3319.5366,3318.2126
13122.479,13061.662,13059.785,13049.278,13036.845,13057.763,13062.483,13073.233,13047.916,13005.419,12999.414,13020.312,13032.579,13029.049
6310.9097,6404.818,6297.499,6286.3774,6366.787,6420.0454,6410.831,6395.4863,6360.8315,6351.363,6148.2485,6214.5977,6155.1694,6393.7686
15031.339,14992.089,15056.299,15073.299,15031.548,15039.504,15130.981,15124.826,15169.921,15071.061,15122.676,15130.66,15127.076,15130.037
10370.458,10304.297,10297.995,10248.095,10172.975,10187.711,10222.934,10190.484,10151.541,10192.417,10222.888,10210.787,10215.659,10225.239
11270.778,11281.737,11198.211,11168.978,10942.192,11087.669,11250.017,11089.502,10924.45,10985.146,10987.167,10927.756,10890.147,10960.409
14077.704,14069.427,14061.366,13973.648,13744.249,13762.245,13818.47,13833.96,13829.696,13886.193,13868.073,13792.046,13797.05,13820.875
12471.062,12600.426,12454.418,12366.913,12445.024,12425.096,12406.589,12249.37,12601.323,12513.436,12436.898,12330.935,12331.654,12468.994
6564.842,6593.832,6538.318,6660.9297,6627.705,6588.786,6683.2974,6696.4233,6538.4673,6559.949,6478.1294,6713.457,6511.469,6820.5137
14956.5625,15040.453,14987.764,15006.387,15048.094,15109.594,15032.697,14946.795,14918.058,15006.898,15044.449,15029.651,15114.405,15181.174
6804.993,6825.329,6814.1445,6814.329,6798.662,6818.223,6801.695,6797.85,6790.0996,6801.3506,6798.993,6803.925,6793.223,6812.654
13846.304,13929.474,13895.282,13881.786,13865.376,13921.942,13887.529,13880.402,13858.056,13899.809,13889.354,13881.187,13867.492,13923.54
12834.3545,12906.706,12847.342,12876.323,12922.323,12967.283,12892.208,12824.671,12812.378,12876.852,12924.092,12921.392,13006.565,13071.428
16930.781,17054.62,17013.07,17010.729,17039.799,17206.719,17037.799,17001.363,17000.402,16996.527,16975.852,16979.715,17020.469,17092.066
11852.511,12122.95,13169.688,13313.765,15398.693,14251.704,13502.786,13402.466,14411.73,13454.667,14188.081,14035.594,13763.413,13718.817
16701.227,16846.666,16843.0,16799.693,16768.543,16820.938,16762.664,16784.74,16845.648,16878.428,16848.59,16809.01,16814.03,16876.914
16272.128,16354.264,16278.209,16323.391,16383.34,16436.29,16331.737,16259.423,16229.936,16319.135,16392.994,16395.898,16503.361,16560.854
17694.367,17787.477,17743.348,17733.6,17709.6,17777.363,17731.57,17727.729,17691.338,17750.037,17738.68,17734.656,17715.865,17780.902
14394.875,14474.309,14436.572,14421.149,14405.955,14469.782,14425.182,14415.066,14394.235,14440.431,14428.622,14420.859,14414.899,14465.341
5684.3457,5704.881,5710.794,5667.8887,5525.917,5545.224,5483.2876,5657.61,5555.6016,5441.699,5434.5474,5438.6357,5419.1226,5438.2246
16834.838,17093.605,16640.086,16598.57,16672.51,17179.057,16894.584,16585.639,17206.613,16915.875,16916.865,16708.951,17297.344,17537.215
16755.598,17150.94,16806.342,16738.666,16537.049,17093.031,16822.426,16627.125,17132.748,17428.314,17351.193,16821.168,17250.896,17640.002
8698.575,8765.573,8842.102,8894.466,8873.179,8796.428,8808.381,8770.837,8719.153,8865.893,8962.013,8941.075,9013.096,9028.466
7455.577,7488.926,7498.517,7511.1973,7463.108,7517.5566,7477.554,7439.2036,7531.0293,7494.137,7529.918,7454.7104,7437.58,7603.9736
8037.9795,8106.694,8096.814,8085.0444,8061.957,8054.925,8146.105,8174.0176,8444.64,8103.206,8057.7896,8009.285,8001.023,8142.3413
6660.747,6690.541,6699.054,6710.379,6667.4004,6716.0776,6680.435,6646.1294,6728.0273,6695.227,6726.9795,6659.868,6644.661,6793.519
6889.3496,6777.4717,6737.5186,6639.231,6528.224,6739.077,6596.3027,6635.502,6686.9746,6286.944,6214.3574,6263.36,6352.7266,6191.629
6541.166,6369.4023,6616.917,6554.7837,6367.366,6336.417,6329.6562,6177.253,6546.4854,6011.2417,6516.9424,6499.3916,6765.424,6164.5103
11505.212,11554.752,11565.061,11562.835,11587.288,11593.66,11585.443,11563.064,11578.639,11582.462,11589.018,11579.458,11579.124,11593.62
9248.975,9364.495,9494.755,9371.86,9328.549,9401.008,9451.355,9400.405,9466.461,9468.338,9473.747,9389.33,9447.293,9470.832
4453.9233,4408.328,4278.4736,4358.6113,4439.057,4556.8564,4491.734,4526.777,4340.7183,4308.177,4417.1094,4569.4707,4526.842,4561.159
12005.378,11987.37,11989.3955,12003.617,12000.525,11991.953,12004.024,12000.263,12005.346,12000.499,12004.015,11994.898,11998.433,12000.119
11559.282,11542.333,11545.507,11559.571,11556.17,11547.703,11559.817,11556.496,11561.395,11557.022,11560.838,11552.495,11555.325,11556.924
12354.641,12313.276,12282.758,12285.143,12311.763,12298.229,12341.824,12267.948,12297.847,12192.457,12190.076,12190.663,12208.933,12224.1455
12403.534,12368.874,12378.069,12352.153,12328.423,12283.534,12312.652,12355.438,12396.339,12389.236,12365.239,12339.081,12341.419,12352.357
13837.98,13787.314,13806.059,13765.628,13742.86,13715.196,13736.325,13770.623,13813.686,13804.86,13774.953,13750.936,13755.279,13764.22
4486.435,4461.4326,4396.5684,4418.467,4362.1865,4431.1406,4443.8374,4457.7266,4401.046,4374.8735,4333.087,4387.365,4409.232,4409.011
13795.357,13744.154,13715.017,13706.177,13739.073,13726.862,13774.306,13712.614,13734.861,13602.594,13584.46,13592.878,13612.314,13636.7295
12928.137,12893.533,12902.947,12874.158,12847.041,12800.715,12831.781,12877.696,12921.512,12914.216,12889.053,12860.117,12861.76,12874.483
7582.4517,7869.9014,7835.47,7962.4116,8042.5527,8131.2124,8184.755,8063.917,8106.7812,8118.522,8193.899,8003.401,8021.1753,8295.557
12918.061,13470.733,13431.277,13600.772,13159.258,13408.92,13339.86,13625.758,13524.975,13661.586,13742.11,13688.097,13305.137,13471.863
7816.3228,7897.963,7926.6304,7735.9937,7831.602,7580.585,7749.2104,7776.327,7969.7617,7917.5156,7899.9946,7750.4233,7793.865,7811.59
17920.941,17871.13,17803.473,17736.67,17705.738,17825.0,17877.172,17831.97,17640.17,17478.098,17449.67,17474.822,17482.402,17505.586
9971.3545,10177.25,9944.765,10008.898,9560.898,9888.077,9613.461,9997.154,9669.654,9825.923,9721.19,9738.176,9769.844,10051.144
10680.68,10836.349,10791.249,10795.631,10695.308,10895.099,10625.85,10801.805,10737.241,10831.231,10773.205,10772.885,10867.174,10978.646
11651.454,11671.536,11651.958,11572.198,11559.692,11536.74,11636.0205,11647.62,11697.035,11619.36,11556.198,11510.378,11565.192,11585.276
19193.15,19515.113,19149.855,19221.08,18759.096,18918.896,19272.03,18947.424,18760.73,18757.451,18765.379,18854.03,18744.553,18817.648
3940.799,4017.7087,3925.9746,3755.3115,3951.171,3966.524,3958.0286,3963.36,4065.7844,3940.777,3863.346,3837.3228,3896.0806,3897.4321
1144.1533,1152.1743,1140.5492,1127.4822,1104.1344,1103.0431,1121.2659,1121.5316,1128.7164,1126.0057,1110.1176,1099.8992,1110.3873,1116.3153
10881.672,10925.823,10860.673,10685.744,10479.305,10699.746,10873.097,10861.418,10853.928,10771.429,10573.347,10374.876,10514.977,10635.796
2181.4534,2196.5369,2173.4404,2173.9636,2172.072,2168.0784,2180.8418,2192.3877,2146.0552,2162.5964,2173.8179,2157.9446,2141.9893,2156.8928
20702.375,20768.775,20740.928,20800.104,20896.428,20898.125,21053.818,21004.254,20943.023,20968.98,20964.27,20936.324,20970.969,20989.646
3972.728,3958.007,3959.568,3949.5105,3912.9854,3975.7986,3965.2979,3935.8977,3926.2092,3955.7917,3967.1309,3956.3574,3947.5427,3959.1064
4817.257,4821.449,4785.0054,4825.8677,4821.527,4833.753,4831.4604,4856.966,4816.1323,4822.2305,4813.5615,4846.892,4830.7876,4848.4736
2316.6445,2311.2644,2304.9536,2302.2668,2307.5376,2311.807,2315.9727,2311.3464,2299.8708,2300.4446,2300.7712,2299.3447,2299.241,2303.316
1256.8396,1254.8398,1258.0118,1218.9246,1268.2191,1244.0349,1295.636,1228.4587,1250.466,1235.9174,1275.9294,1226.6055,1275.0138,1279.5658
1145.635,1135.3463,1141.4713,1103.3505,1163.8627,1111.5154,1173.5732,1120.7832,1159.4841,1141.9578,1208.9629,1105.1812,1165.7598,1139.97
13785.539,13808.138,13800.998,13793.907,13799.394,13807.239,13805.091,13806.542,13805.428,13804.832,13797.105,13788.057,13784.058,13806.348
1699.7631,1717.1229,1725.6025,1690.9088,1683.2324,1695.7345,1696.129,1697.6266,1701.107,1711.233,1702.4423,1692.8003,1700.3641,1713.6261
2977.942,2956.0737,2959.268,2977.7998,2924.2114,2932.6582,3067.625,2979.224,2923.923,2940.5784,2968.9016,2945.4495,2963.1104,3000.5732
1069.1713,1106.0327,1129.9657,1133.289,1160.9973,1137.456,1054.7294,1122.1549,1153.2992,1142.477,1103.9495,1119.6482,1129.354,1127.3337
2803.8298,2777.9575,2792.3247,2820.9587,2858.347,2839.9011,2797.033,2771.7156,2796.8948,2782.037,2789.1243,2783.0676,2773.182,2743.2825
12183.701,12059.639,12066.959,12019.055,12076.047,11835.854,12641.501,12284.253,12319.033,12237.845,11889.583,11813.92,12051.436,12029.924
11082.651,11200.92,11200.797,11216.367,11178.218,11210.846,11293.919,11254.789,11199.219,11218.682,11212.955,11180.436,11159.359,11237.25
11545.2,11512.617,11507.705,11578.431,11398.254,11460.022,11896.306,11655.015,11439.813,11460.25,11477.527,11470.669,11537.315,11683.301
10240.36,10210.981,10201.834,10269.643,10103.861,10162.135,10557.051,10325.244,10151.9,10166.963,10188.224,10162.452,10230.629,10351.597
15916.668,16118.875,16018.388,16087.682,15983.551,15868.291,15778.123,15997.111,16018.797,15910.519,15621.02,15707.37,15726.332,15795.222
14786.47,14974.282,14881.006,14945.396,14848.594,14741.446,14657.753,14861.326,14881.438,14780.882,14511.736,14591.992,14609.724,14673.53
23006.523,23006.096,23013.807,23003.035,22992.758,23007.047,23031.723,23013.223,22953.746,22983.518,23001.895,22996.734,23000.475,23023.951
3297.5215,3295.158,3284.82,3262.7336,3302.3074,3330.4438,3308.964,3301.2703,3312.4294,3280.2495,3284.4263,3267.6252,3297.8481,3280.916
14685.581,14707.449,14656.898,14583.493,14542.505,14641.702,14721.601,14719.888,14469.633,14348.272,14354.559,14362.013,14377.043,14447.819
6307.7266,6189.4497,6379.3364,6397.551,6456.111,6233.9253,6311.5,6209.6816,6293.57,6294.2227,6315.529,6320.061,6242.443,6232.4233
11158.909,11230.221,11141.089,11114.02,11044.011,11069.863,11136.042,11166.192,10957.251,11033.959,11190.159,11103.635,11012.463,11052.896
12448.557,12693.093,12627.303,12530.381,12349.693,12603.81,12760.934,12737.594,12513.24,12669.513,12887.824,12660.287,12448.531,12719.088
3580.6826,3668.8174,3759.2375,3834.8918,3841.8774,3880.503,3935.2705,3945.2844,3968.0586,3890.3425,3803.7742,3834.908,3787.741,3750.9949
7659.064,7782.3115,7809.7026,7854.9067,7731.511,7841.291,7894.0034,7923.9507,7919.6694,7932.292,7920.8115,7912.0605,7907.033,7932.242
7302.38,7274.661,7306.8853,7382.1685,7492.6343,7416.8843,7758.971,7699.427,7761.7095,7755.581,7689.8413,7672.0464,7767.0615,7715.463
8035.158,8043.3213,8055.4805,8154.067,8287.959,8220.951,8568.854,8510.682,8562.029,8623.943,8593.592,8500.843,8616.957,8556.077
6056.536,6089.212,6099.831,6204.4053,6182.888,6235.637,6316.369,6290.4385,6279.61,6316.773,6308.3984,6296.394,6320.815,6347.3735
7721.4736,7756.461,7769.572,7859.478,7869.158,7805.298,8169.379,8096.917,8124.828,8197.371,8122.6274,8053.194,8074.7334,8050.814
7200.8457,7184.841,7218.3735,7182.278,7315.9634,7380.373,7441.1953,7300.967,7374.11,7367.206,7387.7817,7302.749,7425.1514,7437.374
1090.0779,1096.6227,1113.8965,1116.0602,1104.0057,1136.102,1133.3068,1121.0747,1119.905,1125.2798,1119.7118,1122.9028,1136.5045,1136.9644
10157.664,10218.234,10373.162,10337.708,10421.828,10772.1,10763.659,10801.808,10813.946,10782.397,10766.414,10787.012,10845.336,10879.77
10742.812,10861.11,10892.85,10855.278,10892.662,10951.794,10928.01,10932.691,10933.702,10907.509,10836.8545,10881.718,10923.734,10924.525
10144.315,10256.878,10287.374,10251.815,10287.594,10343.612,10321.01,10325.378,10326.416,10301.656,10234.427,10276.828,10316.975,10317.703
12667.537,12628.885,12766.125,12776.873,12540.237,12854.633,12939.81,12644.616,12622.203,12652.819,12759.688,12571.006,12719.588,13015.325
14697.32,14685.078,14836.679,14850.762,14579.835,14937.503,14991.877,14709.049,14655.174,14722.984,14846.486,14686.225,14798.007,15049.1
2782.6846,2868.1501,3828.2944,5050.594,5474.702,2941.1206,3259.284,2398.3018,3732.6567,5293.3457,7370.189,6525.441,7576.592,6204.4956
20455.572,20355.38,20215.906,19972.062,20265.367,20540.021,20777.805,20126.861,20616.922,20413.283,20376.385,20217.285,20730.361,20884.682
20600.244,20505.69,20376.43,20126.59,20414.057,20682.682,20913.2,20293.156,20753.518,20556.654,20524.672,20370.166,20866.408,21018.48
20110.207,19852.658,19834.605,19773.158,20302.697,20494.943,20489.883,19659.484,19954.508,19726.506,19778.475,19863.354,20488.021,20574.72
2933.1155,2947.732,2946.3284,2908.2432,2855.0696,2857.0203,2861.6924,2911.6348,2917.629,2922.058,2917.3347,2884.0867,2863.4014,2881.667
860.0423,870.68555,874.92694,872.0594,872.6777,873.4123,881.008,883.2476,881.6507,884.2578,886.9669,884.38525,883.66815,880.1407
4002.0774,4059.4167,4038.474,4101.164,4063.7854,4214.3296,4237.1353,4230.4077,4215.382,4255.129,4398.0464,4383.356,4385.931,4171.124
1638.2811,1647.1289,1653.6171,1649.4183,1651.2002,1661.5007,1652.3209,1627.8348,1651.6754,1652.8928,1666.3076,1645.2428,1670.0259,1673.3013
11501.197,11483.043,11483.425,11462.885,11477.009,11476.342,11462.157,11461.089,11485.302,11475.476,11476.328,11464.958,11487.698,11489.5205
4206.917,4208.443,4206.2656,4195.74,4199.955,4199.5576,4198.192,4198.917,4212.6704,4202.4814,4201.805,4194.4185,4206.0625,4209.4634
11516.263,11500.385,11508.591,11511.622,11525.474,11520.58,11497.12,11470.866,11502.862,11496.107,11506.288,11494.665,11515.779,11514.18
1336.3684,1340.4989,1337.0242,1338.1705,1336.754,1345.2577,1345.1903,1349.4531,1347.6271,1342.132,1336.5983,1336.9437,1340.3704,1341.8208
13493.625,13534.065,13532.262,13500.951,13549.175,13567.514,13534.549,13534.286,13570.37,13561.841,13580.113,13554.444,13647.5205,13637.622
7109.88,7162.6562,7244.028,7337.8228,7448.678,7481.553,7668.8125,7690.3203,7798.984,7575.5415,7748.856,7855.4434,7930.416,7773.071
9171.722,9235.111,9292.987,9241.15,9503.13,9431.723,9699.554,9684.374,9882.701,9599.943,9700.694,9860.747,9980.727,9771.108
20133.455,20105.867,20024.95,19888.79,19994.82,20007.682,19961.732,19974.45,20055.643,19982.748,19978.236,19906.553,20071.197,20077.8
1286.2369,1296.7032,1280.6512,1296.9106,1312.5985,1321.6196,1306.0962,1324.6414,1327.0516,1325.3771,1321.7612,1323.4918,1332.0256,1333.6476
16049.688,16153.234,16136.959,16075.096,16150.384,16145.663,16209.906,16220.422,16353.223,16156.406,16271.599,16115.514,16066.253,16115.747
16892.713,17001.799,16984.719,16919.576,16998.832,16993.877,17061.553,17072.598,17212.332,17005.238,17126.45,16962.162,16910.291,16962.414
9788.587,9764.066,9757.104,9743.944,9720.905,9750.082,9699.249,9681.23,9731.676,9715.89,9702.76,9697.936,9732.178,9739.304
9992.327,10007.976,9944.516,9911.192,9924.734,9891.353,9839.355,9825.023,9913.623,9872.434,9857.583,9842.292,9880.761,9925.69
1162.8628,1164.321,1166.3926,1162.8999,1160.5408,1166.5476,1162.1323,1161.2622,1168.3344,1165.5571,1166.5295,1163.7168,1168.7179,1170.9484
1750.1544,1760.378,1745.6465,1756.6294,1749.6575,1758.2892,1759.2598,1761.2616,1756.1786,1763.69,1759.878,1745.263,1759.7875,1772.4716
1776.1003,1767.3066,1769.3558,1768.7786,1772.1338,1781.3638,1771.6978,1765.3076,1766.0651,1771.1693,1771.3809,1767.0635,1771.4983,1775.1951
11212.72,11138.89,11071.934,11030.131,10979.859,11175.02,11400.812,10717.362,10816.776,10869.117,10985.684,10925.617,11318.392,11438.46
16150.416,16137.745,16201.237,16090.776,16101.607,16179.691,16322.307,16024.52,16090.271,16075.017,16158.144,16109.409,16237.442,16319.694
7023.989,7056.4683,7162.95,7196.1885,7421.049,7434.116,7592.6313,7528.454,7579.3135,7588.9165,7600.347,7557.2393,7597.317,7598.1714
748.5338,759.418,763.8506,753.2156,758.036,774.17444,793.2966,792.8922,793.3063,792.15326,793.1979,793.01715,792.4907,785.81836
801.82306,811.9522,814.18536,823.2003,834.54443,848.1634,848.296,842.50604,844.1504,848.315,856.6022,855.8216,854.9484,837.14307
779.7992,787.4349,794.53296,785.717,796.9929,809.599,819.98315,816.9548,818.00006,819.0457,821.96436,822.4576,822.0319,814.06384
11256.546,11252.414,11247.761,11244.76,11245.981,11250.056,11246.208,11242.535,11233.068,11241.816,11249.503,11245.151,11248.646,11258.194
4306.9004,4297.1094,4263.137,4234.2646,4228.4004,4253.2295,4269.373,4273.7246,4251.854,4247.5547,4249.3853,4236.8257,4259.4194,4267.761
4462.4746,4454.377,4423.64,4420.09,4425.6943,4442.62,4468.449,4435.8496,4426.4126,4418.613,4437.2734,4438.2085,4443.244,4452.2456
10451.783,10446.474,10409.052,10334.227,10376.655,10372.89,10386.121,10375.195,10362.975,10358.684,10354.454,10357.512,10350.658,10368.494
11170.111,11170.328,11163.478,11156.987,11160.806,11167.305,11162.48,11158.551,11150.565,11158.779,11165.041,11159.259,11163.719,11178.094
10451.6,10445.041,10424.201,10398.292,10411.102,10416.419,10414.034,10410.216,10410.677,10406.189,10396.655,10389.089,10400.338,10418.586
11769.459,11859.116,11799.031,11717.9,11645.079,11737.841,11788.07,11788.797,11760.53,11836.474,11854.883,11791.631,11776.982,11942.831
2447.2427,2449.6394,2467.5374,2469.9077,2490.806,2471.9553,2476.919,2474.7356,2483.1448,2448.8115,2459.9224,2466.4265,2407.37,2347.3157
11226.636,11250.75,11210.627,11137.031,11088.124,11135.13,11160.418,11173.703,11162.618,11198.967,11189.119,11160.071,11171.9,11237.242
1708.0223,1707.9178,1714.5498,1712.3232,1714.7307,1709.8164,1706.0043,1706.9889,1711.5726,1709.9606,1710.3187,1708.1765,1713.748,1714.1504
13072.64,13060.373,13051.223,13048.473,13057.46,13067.91,13059.252,13047.131,13041.455,13045.714,13054.257,13045.587,13052.105,13064.407
13957.084,13945.696,13921.773,13809.058,13973.601,13972.149,14094.883,13992.084,13936.301,13843.164,13878.262,13817.036,13814.621,13899.172
12208.882,12183.064,12174.929,12085.758,12244.475,12224.485,12347.82,12240.332,12193.338,12114.159,12157.694,12101.825,12100.7705,12163.927
9120.344,9160.066,9101.619,9052.6455,9098.746,9070.305,9090.049,9070.562,9067.559,9058.153,9057.3,9047.993,9065.565,9090.34
5772.0645,5679.0728,5776.632,5690.0903,5964.7495,5892.7837,5925.085,5603.0127,5901.4272,5878.915,6037.1,5924.2705,6020.5737,6077.5806
5564.0312,5556.196,5529.523,5524.2495,5520.188,5538.106,5548.198,5553.8657,5545.1196,5530.3037,5527.5938,5527.9136,5520.091,5535.9346
6313.5684,6286.0894,6250.366,6323.206,6344.9644,6357.612,6315.835,6296.5864,6311.88,6248.601,6211.119,6247.219,6262.7217,6192.071
2379.712,2387.1338,2385.9553,2382.8413,2382.7642,2388.594,2392.2603,2381.8906,2377.7751,2378.5452,2379.8352,2371.3457,2382.5732,2389.9128
13531.086,13630.844,13340.32,13592.039,13605.0205,13743.5205,13929.6,13799.122,13482.182,13516.271,13940.043,13611.465,13421.758,13925.842
1319.1238,1321.8345,1321.5582,1319.373,1329.4374,1328.1301,1306.1635,1308.0117,1318.242,1320.1149,1324.8007,1325.0576,1314.7577,1304.936
9488.599,9681.126,9545.447,9565.908,9579.76,9684.131,9820.953,9737.735,9734.652,9716.679,9743.388,9766.568,9692.291,9838.391
8529.643,7884.021,8088.347,8297.356,8776.046,8877.892,9267.8545,9051.486,9233.022,9084.4795,8941.822,8637.002,9063.467,8969.167
545.8774,547.5917,523.1288,528.1989,528.15015,529.27325,532.7272,527.18146,502.56857,502.0129,498.06354,525.8695,518.73566,539.5743
13917.509,13901.612,13942.227,14076.592,14067.954,14225.3,14203.2705,14341.515,14171.348,14099.538,14116.21,14173.124,14281.732,14351.729
14698.181,14627.829,14598.93,14606.403,14584.126,14601.791,14609.304,14573.537,14498.894,14597.008,14617.324,14613.874,14581.337,14609.665
2826.7588,2821.0981,2812.0955,2806.1504,2808.9692,2811.1687,2812.0518,2808.8132,2812.0955,2820.7444,2816.0425,2804.4116,2803.7153,2808.37
11329.275,11390.362,11496.522,11533.209,11577.567,11614.261,11570.587,11481.176,11417.799,11516.405,11614.931,11613.578,11631.016,11629.003
787.75726,784.9537,784.387,787.17523,787.1453,786.27826,789.7531,789.4631,788.29095,790.2484,791.03864,790.6467,791.18494,790.89026
8495.559,8387.761,8325.746,8334.977,8533.006,8525.159,8580.526,8508.656,8495.3125,8400.096,8390.272,8409.454,8493.401,8436.991
1087.9095,1075.7496,1094.3496,1094.5659,1128.3055,1131.9794,1104.1401,1069.6333,1081.7655,1096.2344,1133.5331,1113.6317,1125.233,1121.7587
4034.508,4046.9092,4063.9795,4066.334,4059.2273,4070.3179,4054.7837,4044.226,4040.5476,4058.8257,4066.7227,4060.5452,4061.2888,4065.6274
2666.0183,2726.1853,2737.796,2763.221,2677.541,2759.2576,2713.807,2642.5942,2695.6333,2716.6335,2694.1213,2686.6702,2747.4841,2786.166
2742.4226,2830.8096,2825.0227,2869.936,2875.1929,2889.0015,3004.8,2934.3823,2933.2876,2959.9102,3010.3813,2984.9556,3022.6702,2992.5256
944.731,947.15,951.4031,961.80505,957.2953,961.3137,957.5867,928.6892,922.0573,935.18024,967.72424,959.8959,977.80255,978.6583
2485.7192,2520.308,2540.461,2557.7112,2582.6382,2582.6482,2627.6287,2628.4434,2600.048,2599.006,2587.469,2580.893,2552.2795,2561.8982
3376.044,3396.7083,3502.9934,3523.9277,3539.501,3533.9548,3548.296,3350.1292,3270.1543,3434.527,3590.4565,3558.7537,3501.1558,3520.6975
8439.261,8231.645,8455.311,8493.737,8527.372,8342.424,8419.97,8162.6167,8054.5767,8095.002,8100.785,8180.382,8038.412,8093.745
7984.9175,8088.921,8115.8706,8132.7397,8171.914,7993.5254,8042.8047,8085.254,8095.6035,8079.2373,8251.544,8191.917,7976.7183,8061.376
1238.0317,1238.8441,1208.8717,1207.364,1285.5405,1289.1963,1278.6832,1197.8984,1291.9052,1239.2672,1344.808,1266.168,1284.1179,1203.6965
4336.488,4368.8193,4400.7686,4352.5996,4384.094,4416.3496,4382.8145,4350.364,4423.335,4417.5713,4388.736,4358.9614,4365.6353,4381.6167
13527.342,13544.954,13596.902,13592.724,13615.224,13622.698,13606.588,13587.305,13584.469,13598.083,13613.348,13606.871,13621.891,13622.843
11645.21,11668.907,11729.827,11725.524,11753.077,11766.219,11746.535,11727.837,11724.599,11733.346,11755.721,11744.296,11768.67,11772.487
14237.707,14210.278,14206.676,14217.499,14222.44,14275.366,14250.627,14249.802,14254.373,14252.518,14230.769,14216.69,14171.903,14203.92
14832.983,14841.353,14842.573,14867.49,14876.028,14916.298,14891.7705,14884.375,14883.615,14884.257,14867.582,14858.369,14831.037,14863.284
14550.208,14608.586,14694.999,14758.839,14834.641,14851.024,14714.815,14627.445,14590.966,14661.804,14736.463,14745.075,14753.427,14745.26
918.2352,920.40894,924.06335,934.4033,929.3754,934.87195,927.33026,933.4726,936.5285,928.39575,929.28796,930.9775,932.969,930.0618
10669.228,10940.396,10603.958,10590.516,10415.724,10763.925,11194.035,11337.984,10770.842,10698.728,10801.277,10699.744,10582.463,11175.373
1253.5942,1260.1771,1268.1033,1274.3833,1280.5626,1281.6588,1270.8074,1263.8743,1260.3604,1265.6069,1272.6315,1273.3778,1274.3892,1273.8444
1343.3865,1380.095,1422.2675,1443.3381,1345.1398,1427.5647,1421.6726,1404.485,1373.4589,1424.7694,1463.406,1441.4302,1412.8116,1436.3444
14625.357,14481.617,14315.751,14088.841,14261.482,14166.544,14210.24,14124.974,14092.456,14037.985,14010.816,13783.371,14133.5625,14229.2705
1367.4393,1362.4349,1344.9954,1329.7814,1333.0027,1322.6346,1326.2725,1326.0951,1323.9038,1319.6239,1302.7133,1291.5332,1316.8718,1324.1836
1447.6942,1443.7336,1435.0925,1433.9521,1452.9213,1426.6521,1406.8915,1428.0238,1423.6317,1408.4104,1399.9974,1407.6343,1403.78,1412.6255
863.2446,855.1514,853.6667,844.54626,838.3277,855.96906,848.3967,848.9576,855.772,852.65106,856.42413,854.63354,860.69586,847.5527
11840.207,11821.918,11722.626,11624.7705,11664.712,11602.743,11611.372,11609.727,11613.423,11598.382,11613.374,11578.568,11666.687,11700.035
4018.2156,3958.087,3926.1943,3919.3745,3888.3806,3846.6145,3817.107,3861.7607,3862.3242,3836.4924,3801.7766,3739.4988,3842.8594,3867.5022
1191.2848,1185.606,1172.985,1172.5071,1165.8271,1165.7798,1174.4712,1192.6324,1182.8169,1182.0282,1178.1813,1178.9622,1175.3806,1173.0735
1659.4403,1649.5588,1632.6212,1630.563,1628.5052,1608.983,1606.5625,1625.7772,1626.5936,1613.8198,1599.8975,1600.4058,1611.9763,1620.0928
14452.965,14374.742,14250.826,14323.081,14347.914,14133.791,13932.725,14127.382,14029.323,13968.486,13908.774,13949.201,14003.511,14027.238
1552.5874,1549.9854,1549.326,1550.0803,1565.079,1543.4421,1524.5458,1533.7808,1534.8192,1531.5457,1510.3896,1491.8868,1506.1322,1512.7188
15041.169,15040.464,15020.176,14880.794,15252.228,14882.93,14720.63,14796.263,14828.654,14795.155,14432.477,14083.241,14360.201,14571.687
13144.3955,13126.457,13084.257,13069.362,13021.081,13045.947,13034.041,13152.113,13141.326,13138.789,13138.044,13189.196,13260.964,13261.302
12081.152,12195.762,12080.494,12197.55,12346.245,12254.622,12315.033,12210.75,12226.294,12312.266,12166.454,12318.053,12459.957,12453.56
3367.3284,3269.3257,3191.4263,3335.1973,3268.482,3309.5225,3310.0632,3285.134,3166.474,3136.6252,3100.1655,3213.0657,3191.1653,3188.3923
8871.636,8842.493,8836.446,8822.484,8832.343,8920.976,8902.653,8871.4795,8835.576,8825.734,8832.831,8853.51,8874.234,8841.836
675.3156,675.06757,679.5644,663.7974,671.2749,678.03394,691.6069,684.98956,687.6187,675.1003,679.15497,676.5465,686.3737,688.6576
754.2211,745.57776,735.38696,744.2551,737.3972,730.64087,730.93756,737.1064,741.4099,736.97504,734.73926,736.29407,754.6846,732.2294
844.449,846.38055,846.21,840.85913,836.33734,839.1739,837.24176,835.9858,834.7364,837.00867,836.5338,833.96906,832.0553,837.85864
4208.272,4186.514,4150.39,4170.539,4156.7637,4129.6353,4137.774,4110.117,4089.492,4096.399,4103.8438,4091.7646,4109.532,4102.6084
758.08264,754.8901,754.0891,743.97156,747.6955,748.3152,748.9197,748.232,748.78827,748.2564,748.6251,746.8699,747.7791,747.50726
712.26874,714.01587,715.1937,710.9086,705.0516,710.196,714.50464,718.8456,708.2724,710.7663,710.75085,716.54156,715.45996,709.45483
630.14276,629.832,627.61945,625.40454,624.8834,629.08386,628.2416,632.9789,625.6081,625.1121,623.36084,625.2798,622.14557,621.06
932.83185,940.53235,933.8091,931.3339,912.8356,934.15845,930.5866,950.0582,926.4097,929.85785,910.7895,921.27997,906.1842,908.9501
898.2974,902.2966,896.54266,891.13983,894.00464,899.1448,897.45447,905.489,895.20264,893.5945,884.6169,887.97296,876.88153,883.8533
881.159,885.083,879.43713,874.13855,876.9436,881.9855,880.3279,888.2157,878.12164,876.54767,867.7376,871.03107,860.1534,866.99506
9921.118,9931.176,9875.139,9876.607,9941.527,9997.343,9927.523,9761.087,9562.518,9633.143,9694.417,9576.599,9779.462,9705.655
11340.3125,11347.487,11358.613,11355.949,11364.558,11385.869,11375.944,11361.345,11360.829,11350.535,11358.829,11355.662,11352.751,11355.342
1898.3628,1932.6987,1898.3848,1907.6434,1822.8107,1870.2954,1790.9811,1813.5688,1758.1559,1845.0009,1793.7454,1772.2953,1765.6451,1793.6086
10668.66,10767.823,10719.471,10636.191,10621.166,10813.887,10803.041,10778.032,10825.871,10729.264,10412.838,10501.429,10658.573,10550.45
797.8998,791.0345,792.38666,798.9909,802.6076,797.576,812.5117,795.16754,810.20874,795.3725,815.27905,785.50244,798.29535,820.357
2834.1978,2878.5242,2833.203,2851.62,2730.2173,2801.9402,2662.3425,2690.461,2615.4194,2748.1716,2690.2988,2620.0757,2628.8708,2663.3235
843.9166,842.78705,844.60077,841.0925,814.92377,819.5224,834.74585,839.4416,840.0576,840.94275,839.23364,835.1512,830.9093,828.29407
1552.6324,1555.5554,1559.892,1562.3599,1551.28,1567.6304,1562.9032,1562.6447,1557.3553,1568.6489,1572.0455,1564.5594,1578.8356,1584.107
9276.193,9262.792,9294.298,9254.539,9237.306,9262.469,9281.66,9282.944,9252.255,9263.92,9284.689,9260.847,9260.14,9265.618
1460.5818,1456.287,1455.3871,1446.9784,1440.4005,1444.9685,1446.1133,1451.1731,1448.8062,1456.1772,1457.3383,1451.3705,1451.8981,1456.01
1371.4148,1366.4121,1364.1716,1351.8813,1344.2189,1347.9078,1349.4983,1356.3055,1354.098,1362.4259,1362.608,1355.0088,1354.9034,1359.6716
1470.4581,1464.9573,1459.0697,1441.1659,1432.734,1437.1752,1442.6064,1455.4696,1454.4603,1458.633,1452.5347,1442.0801,1445.099,1451.737
1904.6714,1945.1392,1935.7534,1973.4498,1976.3472,1973.2734,1951.7786,1919.9102,1840.998,1906.6544,1861.7422,1968.4689,1936.2703,1989.9297
2816.9697,2804.4297,2799.7632,2799.3467,2796.198,2807.6428,2814.176,2809.7383,2806.5378,2797.582,2787.4995,2798.6746,2801.8325,2808.4763
8412.251,8396.607,8412.61,8325.617,8302.365,8295.345,8337.66,8308.885,8325.005,8323.313,8339.784,8285.276,8329.034,8322.012
3821.976,3888.412,3883.912,3866.5447,3873.8455,3907.822,3988.756,3932.986,3974.4836,3985.6013,4000.4573,3948.9578,4000.7327,4044.906
1720.9635,1735.0627,1699.1876,1686.2257,1682.2158,1691.5054,1706.9502,1710.1635,1690.965,1678.8573,1680.3573,1689.7463,1695.2659,1699.4691
10767.842,10796.662,10698.84,10803.199,10907.56,10880.247,10955.698,10926.361,10952.671,10892.499,10779.352,10690.345,10895.853,11156.476
1565.1041,1573.5101,1564.4277,1571.6302,1570.0518,1573.0876,1567.2035,1551.2721,1551.3866,1553.156,1558.5455,1564.3582,1567.6796,1569.4601
3903.1926,3968.7988,3899.317,3964.73,3881.2026,3872.3257,3916.0566,3858.8699,3839.2324,3875.4985,3917.344,3903.8018,3878.3462,3853.1926
1427.0448,1435.4899,1418.7949,1417.8246,1397.5935,1419.0327,1440.4967,1446.1707,1444.2881,1437.1074,1417.9573,1446.3956,1444.4808,1453.1189
1390.2004,1390.8699,1390.9893,1396.0411,1397.9166,1399.6455,1397.2396,1394.7134,1392.8925,1393.0251,1397.981,1399.9156,1398.9468,1400.9813
10991.847,10963.855,10977.209,10995.574,10999.869,10984.803,10973.259,10953.963,10917.678,10934.907,10979.682,10981.465,10996.667,10988.586
13983.869,13947.399,13860.834,13887.681,13800.977,13707.948,13624.4,13779.999,13784.907,13788.081,13675.099,13735.0205,13838.607,13883.931
13648.059,13670.518,13427.259,13714.486,13390.916,13908.514,13628.052,13730.213,13419.654,13195.988,13029.69,13546.166,13388.475,13318.911
13009.867,12943.643,12903.512,12876.494,12933.404,12946.363,12966.912,12968.7295,12943.357,12898.779,12914.793,12924.851,12985.448,13010.97
12856.979,12732.716,12531.515,12552.042,12575.447,12639.511,12724.2295,12761.4795,12718.946,12571.602,12504.781,12624.549,12674.775,12688.387
1495.3363,1499.7118,1496.832,1498.7438,1502.1779,1505.1072,1503.2191,1484.2225,1488.5627,1490.5892,1491.4972,1490.4944,1494.0463,1495.6116
4772.841,4877.701,4850.152,4876.668,4876.337,4834.1035,4900.8984,4852.5854,4829.186,4890.044,4945.8335,4949.1963,4855.4736,4964.1445
10222.697,10125.547,10156.339,10208.614,10244.751,10118.014,10151.209,10121.477,10116.425,10086.571,10079.37,10119.575,10112.786,10117.001
944.7874,941.88007,944.83093,940.49396,939.08093,943.24,943.3195,943.7111,943.41785,947.4985,950.36926,954.78955,948.6911,944.3875
12801.343,12936.739,12711.642,12572.241,12712.529,12941.412,13058.673,12938.429,12946.308,12945.771,12914.509,12800.677,12843.68,13023.934
10950.348,10981.194,10840.52,10705.123,10828.108,10935.404,10939.5,10810.521,10537.661,10767.894,10705.6455,10555.435,10689.661,10852.539
2315.8862,2404.5962,2379.941,2371.2673,2389.9146,2399.4675,2299.5398,2292.1333,2332.7073,2329.0225,2331.3655,2344.4497,2288.5195,2276.9854
10442.175,10555.867,10290.973,10106.339,10343.408,10305.17,10453.364,10225.849,10132.797,10065.499,10038.708,9775.337,10050.023,10282.991
7982.4653,7910.0054,7918.958,7712.861,7791.469,8010.552,7831.151,7676.328,7673.2285,7705.4453,7822.07,7914.6377,7991.615,7850.1143
7290.8784,7246.5234,7271.3335,7256.7085,7254.1416,7267.1987,7275.4556,7248.5527,7251.67,7271.695,7307.9937,7281.2217,7329.3447,7285.872
8890.325,8892.922,8940.541,8889.47,8926.631,9007.79,9075.549,8921.192,8908.905,8953.215,8962.66,8924.731,8937.639,8965.878
8823.497,8818.514,8806.627,8782.822,8787.744,8810.451,8818.426,8808.968,8799.536,8811.605,8796.022,8784.1,8794.405,8807.138
9563.505,9531.471,9518.349,9515.155,9540.448,9575.704,9547.239,9476.129,9454.048,9497.458,9492.903,9485.054,9501.556,9499.556
17038.223,16924.035,16481.607,16283.817,16808.627,16629.658,16706.238,16559.87,16484.85,16250.47,15827.868,15726.241,16233.552,16491.973
11976.263,12049.134,11842.565,11708.213,11997.891,11863.706,11963.83,11857.903,11871.898,11875.632,11644.707,11462.504,11604.744,11872.191
3700.9082,3734.6157,3681.7996,3702.926,3640.7332,3688.5496,3651.0002,3689.3726,3589.166,3604.7642,3592.6077,3662.9067,3617.578,3609.4407
17857.729,17948.47,17832.559,17889.24,17847.613,17735.908,17528.209,17756.133,17981.365,17952.592,17589.324,17652.186,17499.473,17855.668
13879.581,13852.083,13784.014,13532.061,13371.434,13407.716,13488.25,13655.023,13614.54,13658.664,13598.188,13508.796,13467.847,13573.929
9330.81,9395.407,9381.472,9393.4795,9427.798,9441.333,9434.056,9396.328,9253.035,9267.042,9276.669,9358.432,9262.194,9266.943
1492.3688,1490.9565,1492.0883,1498.7766,1497.4329,1495.49,1497.6434,1497.5033,1496.3357,1495.2794,1496.568,1498.2101,1499.1476,1497.6742
1314.0037,1313.841,1314.0613,1321.1305,1320.7932,1321.1986,1322.1987,1321.7764,1320.9438,1318.7476,1320.4327,1322.1854,1324.4968,1323.8584
10990.359,11047.106,11066.961,11134.166,11122.92,11110.688,11133.437,11124.644,11115.323,11119.595,11147.71,11153.044,11153.181,11151.837
1457.9474,1451.3544,1448.6292,1454.3638,1453.0858,1452.1738,1458.5986,1460.2705,1459.1769,1453.6665,1451.8713,1453.4342,1456.6001,1457.4164
2544.0369,2539.8992,2562.383,2582.5444,2617.999,2596.2278,2671.0127,2664.4346,2694.0452,2629.2527,2647.2056,2696.757,2722.8958,2671.558
12830.261,12856.66,12937.516,13006.164,12946.858,12914.4375,12931.522,12849.645,12867.379,12886.351,12941.037,12929.831,12954.304,12979.58
17801.129,17782.334,17919.963,17999.38,17988.332,17812.982,18154.55,18095.43,18107.42,18035.031,18052.29,18046.205,18038.82,18040.047
16273.012,16211.024,16284.66,16343.406,16387.889,16315.989,16396.621,16319.952,16397.139,16298.379,16317.161,16329.998,16314.7,16326.427
12847.717,12816.404,12878.29,12959.564,13163.991,12992.846,13111.835,13042.568,13058.451,13034.076,13044.705,13070.481,13013.0,13017.217
12530.97,12484.6,12474.736,12455.415,12442.021,12492.338,12482.498,12470.631,12488.526,12467.385,12444.74,12452.408,12473.658,12499.858
14526.628,14455.76,14459.098,14494.489,14491.427,14533.557,14480.878,14438.581,14427.01,14445.442,14441.448,14458.877,14470.901,14472.504
20737.244,21095.309,20873.318,20966.139,20974.59,20989.041,20228.957,20394.191,20769.197,20740.75,20902.06,21158.654,20949.484,21314.451
14257.114,14367.764,14081.971,14052.401,14084.128,14252.848,14019.36,13928.529,13927.6455,14061.57,14140.278,14213.612,14242.64,14308.113
16422.26,16330.193,16396.545,16294.191,16292.483,16345.864,16395.455,16310.001,16309.225,16332.679,16421.178,16388.324,16394.611,16487.705
2320.293,2308.5144,2283.4504,2316.37,2304.3064,2333.1082,2322.9185,2343.404,2298.2559,2273.501,2285.8826,2305.3735,2292.007,2270.6235
15599.256,15564.323,15503.848,15366.658,15303.211,15352.709,15387.535,15400.865,15382.495,15397.346,15402.156,15383.396,15423.572,15466.214
15285.471,15238.26,15171.315,15061.297,15045.585,15084.276,15028.214,15006.82,15002.397,15039.109,15053.424,15028.871,15077.852,15104.546
2568.4863,2555.8499,2552.1387,2565.3218,2601.9363,2613.0315,2604.85,2584.0947,2579.8354,2584.704,2601.3235,2596.1055,2590.0652,2580.7166
17209.27,17162.299,17101.887,16955.258,16900.566,16940.576,16979.707,17004.945,16986.1,17006.984,17014.312,16993.145,17038.25,17088.488
868.3226,860.6541,850.2349,842.46454,851.68475,859.8183,853.3635,839.9089,844.7937,839.51776,828.25836,822.8763,845.93164,845.00824
1556.2106,1551.9556,1546.4977,1533.2402,1528.2982,1531.8755,1535.4202,1537.7445,1536.0709,1537.9534,1538.6025,1536.7048,1540.8031,1545.3588
9820.099,9919.88,9870.289,9990.276,9955.404,10032.567,10041.208,9820.717,9638.024,9909.445,10001.82,9953.342,10114.225,10231.237
11783.527,11910.448,11880.903,11887.435,11826.342,11918.173,12055.506,11945.13,11928.34,11968.867,11972.104,12006.153,11975.562,12091.655
10049.456,10171.004,10099.816,10167.437,10052.261,10077.901,10088.883,9946.225,9882.593,9964.005,10144.273,10165.717,10084.828,10152.606
4254.9907,4279.814,4261.616,4309.6343,4349.7544,4389.949,4366.3384,4327.911,4300.2524,4317.484,4331.117,4328.6523,4331.856,4329.045
8986.559,9061.469,8980.226,8961.251,9043.251,9014.722,9086.106,8999.7295,8985.119,9013.187,9021.345,8983.575,9023.69,9069.695
9517.465,9368.227,9306.506,9336.181,9404.409,9438.774,9426.515,9324.962,9312.113,9224.243,9218.952,9246.612,9266.901,9176.994
13033.457,13266.399,13066.4375,13121.383,13134.001,13190.979,13457.274,13262.185,13333.194,13185.624,13165.445,13048.467,13341.346,13502.265
12217.471,12203.47,12106.759,12026.268,12078.516,12104.309,12143.861,12112.661,12085.329,12031.088,12007.689,11952.792,11970.15,12050.547
6921.5015,6871.8174,6824.7646,6816.663,6891.815,6825.541,6816.6855,6731.899,6865.051,6728.622,6399.4775,6397.958,6632.0464,6468.2646
961.4072,970.11847,965.22906,987.3777,985.98584,985.30176,1006.94586,979.7079,960.57306,977.2449,995.3699,974.0073,943.242,955.0798
1813.712,1808.172,1808.1781,1804.041,1805.4366,1808.9279,1809.8602,1804.3759,1801.1216,1799.4448,1803.0197,1803.0458,1803.989,1812.3678
1767.4589,1762.064,1762.0686,1758.04,1759.3977,1762.8047,1763.707,1758.3667,1755.1951,1753.5602,1757.0417,1757.07,1757.9863,1766.1552
1565.7281,1562.8105,1556.5979,1542.1478,1534.3458,1539.6262,1543.6879,1543.9613,1542.1843,1543.8499,1544.4556,1542.2678,1545.8304,1549.7115
2004.012,1993.3558,1990.6498,1985.3153,1981.0913,1980.2123,1986.6481,1975.8428,1966.8295,1971.6102,1973.7925,1973.7891,1982.4658,1975.87
4752.0337,4732.615,4697.952,4712.025,4707.648,4750.9062,4692.627,4703.4263,4690.705,4733.95,4765.2256,4777.1177,4778.9463,4769.2397
17893.977,17822.242,17868.965,17821.07,17827.36,17789.389,17760.916,17691.426,17684.943,17757.5,17869.016,17873.914,17908.85,17842.535
6942.9165,6894.638,6877.7935,6867.4746,6847.4536,6828.411,6869.2764,6882.4185,6875.333,6875.627,6873.5293,6878.003,6891.4556,6880.4697
5215.043,5198.535,5206.6826,5209.506,5142.3066,5173.918,5160.2666,5132.508,5145.8716,5142.807,5128.332,5113.8037,5106.7144,5125.6196
8228.137,8300.721,8428.303,8277.637,8130.845,8215.323,8192.511,8196.788,8273.345,8286.242,8201.8955,8178.597,8243.728,8306.3955
12359.674,12337.498,12365.267,12319.707,12247.584,12253.965,12323.438,12160.175,12178.569,11996.174,11935.726,11860.428,11814.221,11943.531
8971.132,8927.307,8920.8545,8926.844,8940.672,8949.056,8921.617,8917.16,8916.733,8917.013,8922.168,8967.926,8965.409,8926.997
6244.7397,6276.0464,6308.4272,6313.957,6291.3477,6248.502,6251.8926,6259.747,6266.1987,6294.176,6299.488,6276.0205,6268.4487,6259.5464
16838.348,16784.576,16785.23,16767.654,16768.924,16794.217,16757.441,16742.531,16757.824,16760.283,16777.965,16760.219,16792.4,16767.89
6148.074,6151.635,6164.6006,6136.0186,6152.349,6184.177,6217.4673,6217.427,6216.2603,6194.395,6144.056,6125.4746,6055.7397,6005.407
19236.188,19636.531,19614.164,19799.213,19855.105,19835.992,20105.133,19804.729,19901.988,20093.893,20163.47,20214.0,20125.504,20320.25
1703.9551,1733.0656,1713.4896,1715.1227,1666.591,1694.805,1666.6542,1679.6063,1643.722,1683.776,1645.9664,1596.2277,1605.5599,1645.8171
640.7953,644.65796,645.43524,656.0278,658.9836,651.25824,639.5759,645.34247,659.4784,661.7908,663.36694,658.33795,657.6553,653.44855
5513.572,5455.2676,5411.0176,5144.6704,5296.116,5564.6904,5590.0415,5559.177,5529.728,5217.578,5074.1016,5121.08,5154.848,5122.2363
1668.3851,1665.8226,1645.4658,1624.1492,1626.3557,1639.4308,1657.3469,1649.0002,1643.9026,1647.6047,1640.1456,1618.8429,1635.988,1635.9504
16454.928,16424.408,16473.648,16542.068,16746.07,16612.396,16634.674,16580.598,16601.402,16585.152,16621.117,16648.94,16563.896,16580.908
16363.698,16192.608,16231.772,16346.312,16349.487,16321.335,16225.276,16149.962,16180.453,16193.383,16246.3545,16253.268,16249.708,16205.148
15660.787,15602.745,15595.933,15629.935,15647.862,15625.166,15570.467,15564.736,15586.739,15597.977,15602.235,15587.224,15586.703,15575.28
10015.422,9928.082,9947.181,9910.885,9796.853,9903.23,9795.433,9937.761,9942.356,9803.587,9830.29,9839.561,9861.526,9846.677
2839.9688,2815.7078,2794.2854,2803.92,2822.5564,2815.7559,2832.99,2820.9856,2788.7163,2733.1614,2720.33,2743.9082,2741.262,2741.7095
8924.064,8954.512,8959.8545,8932.182,8942.099,8940.29,8973.985,8973.975,8980.301,8971.884,8955.519,8959.5205,8986.36,8975.426
1455.1532,1448.4882,1446.9624,1445.0259,1446.505,1444.4426,1444.4536,1444.5238,1444.7739,1443.152,1440.1549,1443.3812,1447.8646,1443.0747
16041.468,16022.123,16007.917,15964.441,15960.043,15965.712,15971.233,15983.3955,16008.032,15998.892,15963.268,15947.65,15961.502,15966.1875
14505.977,14571.297,14590.017,14565.78,14552.3125,14569.0625,14579.336,14577.704,14581.057,14591.448,14573.092,14568.568,14574.41,14578.542
3574.0513,3564.803,3548.4622,3595.9897,3597.641,3584.6936,3586.6777,3576.9163,3544.1514,3478.4595,3448.7307,3509.5352,3506.192,3487.4812
6117.8643,6198.1597,6115.3916,6127.853,6125.4956,6150.7344,6156.637,6206.8076,6253.4517,6274.427,6075.255,6078.243,6185.044,6229.7354
17761.617,17800.576,17602.9,17781.55,17734.846,17771.475,17894.834,17880.2,17826.154,17672.047,17004.416,17556.605,17620.447,17995.123
2033.0585,2019.9204,2009.515,2002.4503,2005.2407,2011.1443,2017.157,2018.0986,2004.5223,1992.7181,1984.7141,1993.2529,1995.8851,1998.9668
6997.1113,6994.1455,6969.185,6967.7705,7006.084,6999.9297,6957.6094,6965.3125,6953.0483,6981.8765,6997.3403,7012.4956,7024.574,6983.823
21097.352,21106.203,21041.629,21345.863,21433.691,21225.363,21266.867,21165.254,20994.447,20712.584,20538.08,20972.623,20884.314,20916.531
5347.01,5317.183,5329.3135,5320.269,5303.804,5314.4126,5288.077,5292.619,5292.377,5306.186,5318.715,5319.4707,5295.298,5284.732
3596.829,3573.1877,3622.329,3594.5742,3468.4656,3537.815,3548.2434,3581.8962,3556.3625,3592.9534,3583.9075,3540.652,3577.8245,3607.099
811.5129,809.52893,813.51776,811.759,806.33685,807.27057,811.3652,809.92163,809.08014,810.3224,812.4827,810.82684,810.19147,808.721
19914.654,19959.357,19601.406,19600.346,19448.314,19719.01,20043.092,19946.104,19744.701,19736.355,19720.744,19903.504,19826.865,20003.014
17359.416,17336.059,17100.297,16931.426,16974.807,17127.166,17316.018,17322.871,17191.01,17193.314,17034.127,17196.48,17276.844,17348.66
4292.7153,4303.6914,4348.5273,4301.6353,4223.2334,4286.183,4319.4346,4244.489,4205.5923,4281.377,4291.977,4280.539,4328.425,4340.4575
16181.592,16114.24,15958.235,15946.256,16055.402,16129.355,16141.25,16138.784,16065.447,15935.044,15720.635,15776.898,16032.425,16133.324
17823.816,17779.695,17583.916,17558.398,17550.354,17638.434,17716.822,17770.818,17768.15,17583.785,17409.498,17454.256,17558.219,17663.297
5030.0356,5005.5864,4994.8325,4987.0894,5001.2734,5020.383,5026.7837,5015.001,5004.2554,4990.6777,4984.226,4994.7314,5001.2593,5009.6333
7347.958,7332.5713,7287.5977,7311.2896,7317.5464,7332.095,7320.8384,7328.266,7285.24,7290.977,7259.985,7281.4478,7271.3936,7336.543
4794.465,4788.071,4804.6543,4806.218,4807.817,4806.271,4804.4775,4803.979,4824.2554,4805.3276,4798.173,4796.71,4800.9443,4783.0723
20142.174,20059.787,20003.287,19961.492,20039.549,20094.732,20142.967,20106.023,20056.543,19948.494,19889.977,19922.86,19952.979,20023.95
19286.676,19258.41,18995.191,19007.445,18973.44,19071.605,19196.963,19250.309,19266.438,19030.29,18729.328,18780.723,18949.701,19088.812
19014.232,18946.41,18762.81,18833.736,18890.785,18885.76,18897.514,18963.572,18971.096,18793.645,18554.506,18578.23,18747.145,18806.05
4449.7974,4423.7246,4410.3354,4389.1333,4311.306,4347.166,4343.2036,4345.543,4368.46,4325.7666,4302.047,4273.935,4269.394,4305.6885
18142.879,18008.236,17957.215,17837.133,18323.025,17873.963,18063.543,17703.598,17818.273,17706.564,18143.93,17704.176,17888.91,17807.23
5602.7754,5610.986,5625.2017,5639.97,5648.7407,5651.5,5670.867,5647.243,5634.6064,5658.81,5682.378,5700.738,5702.213,5689.455
9461.203,9454.419,9447.146,9405.814,9419.5,9395.969,9415.734,9424.384,9445.564,9446.361,9426.156,9375.71,9425.68,9431.933
7377.587,7344.0234,7296.8506,7294.2446,7324.226,7322.5215,7331.168,7325.3296,7314.727,7289.2744,7221.7603,7200.626,7294.2217,7276.6455
15608.373,15502.537,15425.625,15495.159,15517.446,15388.224,15418.473,15365.423,15397.513,15295.804,15159.9795,15221.343,15198.581,15270.934
1703.2692,1707.6709,1691.9905,1705.8093,1710.7725,1711.6724,1725.3962,1711.8573,1738.1423,1720.2404,1659.1558,1660.4009,1701.5035,1735.3442
16467.2,16548.348,16548.648,16408.713,16152.7295,16391.002,16484.58,16251.518,16185.292,16393.432,16494.172,16263.173,16459.668,16628.615
19503.756,19446.01,19376.977,19352.287,19276.611,19315.666,19433.102,19437.082,19428.748,19188.58,18948.402,18959.256,18952.594,19056.887
18622.648,18657.441,18567.93,18685.533,18756.416,18809.334,19042.658,18944.148,19042.75,18857.328,18405.65,18620.828,18927.139,19339.379
14777.766,14868.926,14667.167,14855.199,14861.283,14780.926,14830.812,14870.243,14727.659,14761.965,14504.701,14539.784,14542.379,14759.719
18323.312,18471.049,18186.695,18786.057,18846.416,18619.979,18835.44,18671.541,18538.857,18817.777,18412.012,18795.69,18574.748,19318.72
17496.953,17526.65,17314.592,17627.996,17574.318,17610.348,17782.232,17711.648,17535.47,17600.516,17231.408,17578.85,17425.963,17866.605
8811.139,8824.748,8778.564,8744.882,8758.842,8725.443,8771.129,8769.75,8715.761,8675.788,8611.335,8587.767,8565.145,8743.7705
2695.6318,2692.2222,2690.947,2685.2402,2688.1663,2694.233,2696.7288,2695.239,2695.621,2693.8271,2693.6658,2691.1787,2692.4612,2692.7273
565.90796,564.5031,569.6975,570.49945,569.7669,567.6946,573.6095,572.35333,573.33777,572.4765,572.37164,571.36304,571.61,570.4581
1539.806,1583.4009,1562.4952,1558.1835,1530.0225,1574.8967,1614.0142,1575.5066,1599.3352,1586.8204,1590.2789,1576.2217,1569.7351,1568.0391
1230.9211,1231.8876,1241.8168,1266.3752,1269.4833,1268.8801,1254.3229,1279.0026,1282.1449,1292.5809,1291.0767,1282.0388,1242.7937,1216.6538
10148.718,10151.141,10025.45,10328.772,10317.5205,10261.6045,10241.052,10123.939,9805.896,9958.859,10027.591,10030.33,9995.64,10007.231
16169.715,16205.553,16056.25,16076.482,15915.6045,16119.817,16331.224,16322.648,16322.762,16217.632,15755.042,15847.446,16257.3125,16528.543
18190.16,18187.492,18105.137,18234.223,18316.473,18183.809,18322.594,18300.043,18309.822,18147.457,17680.166,17795.303,17847.86,17951.113
14181.682,14070.059,14030.356,13932.406,14036.187,14016.835,14035.197,13929.023,14034.788,13859.094,13779.439,13717.866,13704.96,13722.431
15450.005,15364.604,15298.927,15137.486,15198.108,15219.38,15307.577,15273.223,15361.97,15186.617,15066.58,14983.483,14956.888,14997.795
1698.0803,1690.2921,1690.7999,1691.9147,1693.2236,1687.3378,1686.9244,1684.227,1684.6342,1671.9552,1677.75,1683.3425,1682.0785,1677.3074
17869.393,17785.076,17759.93,17675.027,17710.059,17746.254,17805.04,17767.332,17741.414,17656.66,17643.234,17634.312,17646.805,17682.33
6257.305,6220.863,6242.9487,6233.325,6222.0107,6216.0034,6241.251,6249.2236,6257.7964,6242.424,6246.9917,6217.947,6202.1,6174.8843
17506.889,17446.537,17348.04,17332.605,17262.082,17274.621,17339.223,17305.564,17275.637,17135.521,17011.74,17060.709,17084.719,17217.662
1219.2397,1229.2145,1215.483,1216.3406,1232.7847,1202.018,1220.2903,1222.9016,1243.7322,1227.851,1232.124,1224.5806,1231.4167,1240.3906
17603.03,17564.707,17542.049,17512.12,17488.928,17449.96,17460.291,17440.395,17446.217,17432.799,17391.281,17395.29,17414.07,17404.39
2947.9922,2973.3896,2957.0786,2964.4424,2912.2207,2959.433,2992.8318,2979.1086,2993.6357,2964.4407,2919.0413,2990.328,2967.2153,2993.0405
14432.142,14498.574,14450.538,14510.685,14534.363,14470.782,14500.748,14383.079,14421.1875,14386.5625,14096.796,14132.738,14253.192,14331.16
897.3882,890.84106,894.9746,898.9105,902.11896,896.59204,898.86426,898.9749,900.7029,897.10046,895.7401,898.84735,901.54224,899.5393
2421.1206,2397.5696,2345.9778,2394.5498,2411.4434,2378.8442,2469.2139,2510.5596,2452.9666,2415.21,2405.2415,2461.2085,2531.0298,2560.3704
1442.7124,1437.6829,1439.5419,1441.9272,1441.2833,1439.8876,1440.061,1439.1418,1438.8187,1435.2692,1434.704,1437.8267,1438.9541,1438.7787
1744.1403,1739.9623,1738.6323,1739.5515,1738.901,1738.9893,1740.5741,1738.096,1738.5306,1737.6855,1738.8124,1739.8229,1741.5178,1737.4232
875.95233,871.141,865.97833,868.1657,860.9233,872.5824,862.361,882.65967,852.63104,851.86646,864.9502,862.5012,882.38477,877.7105
1313.8488,1309.5759,1307.5891,1305.2094,1309.5889,1308.5737,1316.7043,1318.7882,1314.9924,1311.0138,1313.1184,1314.9268,1319.3976,1315.4631
1484.8334,1481.562,1479.739,1481.2997,1484.7926,1482.7648,1485.4464,1482.3452,1481.0823,1480.0479,1484.061,1485.5736,1487.9592,1484.4099
18542.707,18672.748,18604.57,18676.941,18513.615,18696.205,18808.584,18697.416,18777.906,18764.168,18644.967,18804.498,18752.023,18882.717
17379.242,17476.16,17290.188,17398.861,17428.357,17565.02,17730.754,17568.523,17697.418,17630.451,17194.309,17073.035,17674.422,17854.605
1671.4869,1672.04,1660.1782,1661.2175,1653.3442,1664.7603,1682.8145,1687.3234,1693.1628,1667.0371,1612.2988,1620.5691,1651.7754,1692.8195
18526.666,18569.566,18452.883,18515.822,18630.674,18497.465,18636.445,18587.846,18449.78,18265.906,18090.031,18186.592,18330.994,18626.408
7609.861,7583.267,7552.0483,7501.102,7544.1562,7626.552,7716.755,7613.3486,7602.255,7484.1777,7501.4097,7444.656,7596.2183,7498.3867
4580.991,4593.156,4612.452,4402.364,4250.534,4498.5684,4465.4487,4517.2554,4209.5513,4449.907,4439.1636,4548.9526,4580.8857,4770.2266
1299.4669,1295.9684,1282.1273,1273.0887,1272.7129,1276.8237,1286.7963,1278.9716,1280.4598,1280.1254,1278.669,1273.3223,1288.169,1283.751
1301.6348,1295.3605,1277.4845,1267.8931,1273.3213,1270.4287,1278.4578,1274.4897,1275.5801,1274.0131,1272.7336,1268.1417,1280.909,1275.0941
14505.894,14453.416,14448.431,14381.001,14426.005,14461.353,14528.19,14508.826,14504.094,14470.306,14498.27,14468.021,14550.207,14549.529
1439.1101,1488.9619,1501.6056,1465.9974,1383.6934,1375.9082,1430.1224,1446.3892,1433.2646,1413.9972,1396.7966,1375.2668,1408.0764,1435.6165
1728.8589,1725.3478,1723.043,1725.4637,1730.7561,1727.1938,1730.4009,1729.0765,1725.7236,1724.7358,1730.3185,1732.2079,1733.924,1730.7695
9897.247,9917.197,9903.711,9822.875,9825.852,9886.632,9895.307,9890.698,9915.426,9894.315,9837.9375,9807.417,9904.809,9933.146
1154.4075,1155.7921,1156.4983,1163.5206,1169.759,1163.2264,1154.8721,1166.461,1170.0627,1166.9135,1169.9626,1169.1073,1167.2887,1165.3351
10152.305,9992.331,9980.995,9916.989,9955.644,9985.047,10359.818,10113.471,10194.671,10008.3125,9942.617,9914.941,10246.988,10340.708
4913.544,4985.8193,4966.3047,4947.091,4894.0957,4978.6284,4979.2104,5013.9155,5005.6724,5025.3247,5027.192,5042.143,5049.2837,5050.692
3493.582,3498.4873,3485.8389,3495.0493,3495.245,3473.4094,3448.3545,3476.5793,3517.841,3506.349,3480.3965,3470.7866,3466.0156,3445.257
1169.529,1161.5358,1158.3112,1152.0717,1151.2633,1157.0249,1153.5822,1150.789,1151.5417,1151.417,1147.5125,1146.9746,1155.6733,1158.0138
1287.0948,1289.9731,1285.9576,1286.9087,1289.7887,1288.5583,1287.3805,1285.4976,1285.4666,1284.0083,1283.2439,1284.7582,1286.4241,1288.7638
1048.4844,1051.816,1045.1351,1045.8735,1043.8375,1045.774,1049.1332,1049.2343,1050.9897,1045.5778,1040.3281,1041.1791,1047.0762,1050.1614
11775.185,11770.927,11711.192,11796.267,11831.638,11810.783,11746.969,11739.631,11769.567,11713.874,11668.794,11684.113,11822.208,11897.751
10935.669,10844.386,10819.824,10913.592,10998.907,11012.2295,10974.716,10962.518,10952.421,10898.169,10871.136,10910.24,10989.568,11040.307
2433.704,2418.5173,2422.8904,2420.09,2413.4543,2418.2222,2428.7979,2440.4907,2427.833,2424.302,2426.837,2422.0515,2424.1313,2408.2825
16706.844,16956.963,16766.512,16872.16,16857.49,16963.338,17174.188,16837.521,17062.72,17287.953,16658.102,16645.662,17127.684,17500.23
17890.408,18170.387,17966.955,18074.957,18060.652,18174.637,18413.066,18043.752,18282.895,18540.611,17866.367,17852.633,18344.938,18761.076
19173.586,19108.934,19058.875,19119.97,19207.928,19099.604,19183.096,19098.13,19137.672,19078.48,18800.518,18784.46,18780.941,18798.209
1586.2474,1608.077,1528.0858,1571.752,1660.1188,1654.4688,1616.6707,1570.7646,1610.8171,1666.1865,1656.7048,1662.9492,1735.6089,1769.8405
12530.35,12678.215,12558.678,12527.904,12459.856,12462.671,12566.815,12413.831,12336.133,12647.16,12366.968,12248.274,12299.823,12615.069
8153.761,8194.299,8154.2744,8110.1943,8246.917,8306.576,8261.17,8171.3135,8182.977,8228.385,8161.5967,8052.3223,8179.8643,8141.9897
12204.757,12221.159,12209.329,12168.462,12140.736,12187.881,12199.384,12161.66,12138.017,12168.782,12157.698,12141.684,12126.242,12149.793
8334.876,8345.723,8325.6,8331.6045,8362.274,8386.731,8321.455,8316.87,8293.744,8355.684,8338.045,8365.413,8342.355,8264.495
5897.831,5868.8184,5867.3643,5846.69,5851.595,5860.3384,5871.923,5870.785,5874.272,5858.1035,5841.2144,5844.624,5851.664,5844.92
1672.4047,1672.8043,1662.9761,1679.8838,1684.6731,1661.9265,1667.8865,1659.7548,1668.4326,1658.4833,1623.998,1622.382,1607.5406,1645.7335
1891.0459,1908.2861,1896.2102,1912.636,1912.5918,1901.8419,1917.1167,1901.5178,1930.851,1932.9396,1875.7611,1866.0557,1878.9241,1929.3446
1576.5873,1577.1232,1572.7637,1574.881,1595.8624,1575.3998,1602.066,1588.617,1606.6915,1592.9845,1551.3691,1540.2617,1562.37,1588.8959
1522.0312,1520.5751,1520.256,1519.0507,1516.9977,1514.6537,1510.851,1519.8098,1520.6696,1521.4966,1521.2057,1521.2594,1521.7158,1520.2003
6846.8545,6875.044,7004.779,6990.3066,7002.5264,6988.1206,7038.1035,6893.0093,7088.0073,7135.3203,7123.8804,7026.076,7148.2256,7104.083
1515.8159,1517.7671,1520.9813,1522.7318,1522.1228,1526.0643,1526.479,1526.2352,1520.5558,1528.5967,1535.5383,1531.2521,1537.0182,1535.3115
9159.443,9116.96,9109.568,9092.019,9104.993,9091.935,9117.2,9097.989,9140.939,9108.408,9123.198,9097.123,9170.197,9125.939
6545.8843,6560.5415,6559.0,6635.8086,6598.2407,6645.8467,6550.4624,6603.0044,6551.5825,6569.9707,6595.005,6694.397,6568.937,6549.094
1657.4757,1643.0394,1641.5531,1640.5361,1645.7472,1642.786,1643.3524,1641.4895,1640.0914,1638.6334,1644.6692,1641.5221,1650.1744,1650.6724
10889.978,10820.851,10727.405,10699.75,10737.934,10708.338,10741.085,10742.143,10728.459,10713.15,10722.569,10730.644,10813.261,10783.083
1179.1299,1173.0864,1216.5448,1232.3766,1284.0973,1284.202,1383.1595,1384.6239,1429.9503,1339.9343,1395.7422,1446.3761,1478.0396,1415.1195
7980.4053,7908.573,7885.469,7864.9497,7872.658,7953.2666,8006.8633,7828.928,7828.002,7825.527,7867.548,7821.574,7919.6943,7918.289
7980.3286,7940.514,7978.0356,7950.5215,7993.5864,7990.229,8048.323,8032.3936,8009.503,7960.584,8044.439,8046.498,8055.534,8061.876
1042.7701,1042.259,1042.1442,1038.7,1027.9652,1034.4246,1024.5454,1027.9283,1019.3764,1037.5342,1037.7328,1023.885,1031.6831,1045.7981
9251.811,9216.543,9232.343,9203.925,9220.467,9245.676,9351.422,9325.515,9294.326,9246.714,9322.74,9293.274,9346.374,9377.939
1682.8315,1667.8209,1670.4336,1649.5872,1590.6954,1622.4581,1581.3553,1633.8806,1634.488,1609.7751,1577.6609,1613.7683,1609.8113,1594.3136
3373.7986,3342.9663,3376.2175,3318.1816,3311.0615,3353.032,3381.9976,3352.1096,3324.498,3324.725,3342.8323,3319.2444,3324.906,3315.8577
9704.407,9667.644,9646.03,9620.308,9629.436,9663.868,9670.917,9641.85,9651.26,9635.048,9595.643,9564.778,9661.133,9708.989
8279.6,8235.637,8259.639,8282.894,8199.711,8334.12,8349.628,8246.279,8264.819,8263.996,8238.469,8267.837,8423.768,8478.891
9548.911,9495.096,9522.578,9524.955,9531.275,9541.026,9532.203,9535.422,9545.771,9514.246,9459.045,9462.945,9545.04,9559.455
10791.026,10737.556,10735.0,10720.766,10727.417,10745.274,10758.012,10733.923,10730.771,10717.316,10684.432,10648.121,10757.296,10783.477
8494.891,8462.676,8449.653,8461.157,8469.377,8457.198,8464.825,8459.747,8442.851,8449.142,8459.687,8461.797,8487.286,8465.451
9725.875,9689.318,9700.376,9660.33,9678.915,9704.983,9818.137,9791.79,9759.622,9718.242,9782.689,9750.271,9805.232,9844.679
7011.0317,6799.654,6662.527,6648.942,6758.528,6744.503,6761.732,6588.4854,6853.373,6705.649,6679.7593,6712.3037,7120.882,6770.7603
7067.449,7072.3164,7056.6553,7045.5933,7046.4106,6953.5225,7048.737,7093.3965,7081.445,7051.6763,7083.302,7028.8247,6977.697,6995.9976
6291.317,6318.361,6329.9297,6338.979,6298.316,6376.5107,6407.73,6391.038,6303.0444,6393.2017,6394.4897,6395.142,6415.194,6416.155
9929.64,9849.631,9822.747,9800.896,9789.979,9809.288,10063.6455,10004.466,10042.482,9920.455,9888.763,9843.268,10065.85,10070.594
1153.8828,1143.0454,1146.3469,1148.8849,1144.6418,1143.7412,1173.0704,1134.6182,1138.4098,1134.4624,1151.2162,1157.1375,1195.2332,1196.4415
3105.585,3114.4753,3113.9292,3126.6072,3148.0261,3135.7273,3123.8916,3136.8777,3143.1228,3145.5989,3144.1738,3147.7258,3171.0933,3170.543
7085.5063,7063.58,7036.536,7020.8477,7035.423,7019.371,7084.686,7106.239,7085.9307,7062.318,7066.582,7064.701,7105.288,7083.4204
5458.6733,5451.9546,5449.147,5452.0986,5438.807,5446.758,5420.8936,5451.668,5469.1313,5432.076,5391.002,5449.4253,5460.093,5453.0356
10290.762,10261.017,10235.123,10263.442,10306.307,10338.915,10324.365,10300.225,10278.682,10262.87,10253.11,10281.643,10364.169,10363.344
976.77606,970.27625,959.76404,957.22705,966.3345,976.0695,974.66064,969.4211,960.4463,961.3967,958.7548,969.3838,982.1922,985.5706
9002.888,9005.927,9019.463,8993.271,9022.621,9034.264,9031.529,9023.949,9025.041,9012.869,8987.388,8979.681,9045.858,9052.22
7735.781,7754.4424,7734.9976,7675.8276,7619.0044,7635.385,7514.878,7575.9033,7543.5635,7631.4194,7649.81,7618.18,7620.92,7667.7114
1528.0499,1545.9362,1550.5586,1549.795,1571.8842,1567.037,1576.1925,1571.8054,1588.2968,1579.9673,1593.0747,1599.4789,1619.741,1588.3926
835.2704,832.9296,835.4598,823.8819,831.6287,837.20447,834.8433,826.6024,831.34595,830.00244,838.3336,837.22406,844.5757,848.57245
709.44257,706.345,705.1762,703.6237,704.76855,705.72186,704.1005,703.8687,704.77936,705.228,705.4458,705.7737,710.29236,708.6223
4294.072,4272.416,4262.946,4254.685,4250.9097,4250.8516,4248.687,4245.435,4241.3906,4278.0176,4288.9517,4277.494,4305.8315,4287.765
15415.9375,15318.7705,15288.897,15284.357,15299.519,15311.479,15224.675,15192.301,15114.147,15180.34,15240.748,15306.632,15383.924,15335.583
8243.8955,8214.86,8150.3687,8114.0825,8153.1084,8176.421,8230.186,8239.319,8175.1562,8091.5977,8027.81,7982.693,7945.1006,7941.929
2912.6296,2874.687,2811.271,2803.0083,2790.042,2778.515,2790.4648,2845.5251,2842.8,2818.206,2802.5369,2836.32,2824.0183,2821.1926
9978.875,9955.67,9968.459,10018.905,10140.764,10158.223,9971.846,9865.802,9884.797,9884.6455,9953.859,10013.216,9972.963,9944.479
6128.8184,6095.228,6074.102,6117.539,6120.3486,6059.9976,6038.07,6115.382,6213.7734,6056.132,5917.6855,5959.2197,5924.6685,5935.3413
13035.855,13271.775,13392.06,13400.73,13392.5205,13575.9,13319.715,13216.473,13445.255,13625.273,13492.064,13329.78,13327.824,13534.593
10552.627,10497.613,10529.699,10380.6455,10381.839,10386.179,10508.051,10415.692,10525.0,10372.386,10426.592,10389.131,10581.102,10636.0205
5342.3325,5300.9775,5291.86,5263.0293,5193.6323,5248.227,5166.692,5165.8184,5156.6157,5202.3135,5198.185,5147.17,5145.9985,5241.7183
10033.413,9980.784,10009.684,9864.704,9866.061,9869.49,9987.844,9896.169,10008.642,9859.961,9906.443,9872.215,10061.05,10114.714
9941.817,9916.177,9890.895,9850.484,9839.936,9846.946,9861.012,9871.655,9877.226,9859.831,9849.054,9850.339,9879.932,9883.048
8538.188,8561.6875,8566.971,8561.743,8552.877,8560.162,8555.863,8551.2705,8555.748,8557.025,8569.402,8569.444,8589.949,8593.098
10031.734,9968.149,9964.701,9954.756,9926.609,9926.436,9885.884,9875.718,9881.279,9867.601,9879.729,9893.089,9945.628,9932.209
4967.7944,5035.5913,5033.048,5009.6143,5024.324,5045.2856,5047.3716,5034.4346,5037.4336,5038.533,5038.902,5034.4497,5021.86,5035.726
10597.002,10575.054,10633.968,10437.297,10400.892,10462.997,10479.845,10460.928,10558.11,10425.567,10544.269,10478.167,10613.739,10680.256
10453.853,10407.327,10375.171,10449.778,10439.161,10512.764,10527.249,10519.164,10417.18,10430.345,10475.073,10613.738,10669.757,10636.316
13403.579,13279.652,13020.767,13136.383,13142.261,13202.72,13296.329,13420.349,13131.041,13071.677,13062.276,13241.71,13386.12,13412.192
13572.632,13520.523,13449.618,13489.725,13535.156,13584.827,13628.203,13640.954,13547.116,13508.286,13547.258,13636.718,13754.755,13771.09
8267.394,8402.915,8523.212,8271.555,8387.399,8351.496,8332.079,8267.689,8307.483,8333.525,8373.618,8365.594,8289.141,8310.032
1355.8251,1357.0686,1345.7797,1345.4457,1323.195,1312.5297,1263.3751,1270.7437,1294.4071,1302.9343,1314.1976,1322.8215,1309.5527,1301.8646
1737.0648,1742.4564,1742.818,1724.8684,1739.8685,1740.994,1749.7943,1745.3688,1753.3909,1747.493,1754.242,1758.3765,1777.5951,1754.9115
833.3029,829.3358,829.3041,824.32874,826.257,828.1502,827.0044,822.5769,826.31085,827.3841,828.25543,826.637,833.9188,832.4578
891.1037,885.7649,884.8257,881.8366,883.22815,883.6363,880.0542,877.2563,878.76044,880.53265,883.3278,883.9002,888.6071,883.9592
752.66205,750.30206,749.2366,746.6114,747.7053,748.34186,746.8022,746.2693,747.60974,748.4068,748.96796,748.57587,753.64606,750.4438
782.03265,773.64624,762.3116,760.2007,771.2836,775.6125,785.85443,777.4286,775.33704,774.3551,769.92957,775.11005,771.9869,756.2868
977.4648,977.22375,962.81836,961.577,952.9121,959.8287,953.85834,969.67566,965.0415,972.7069,971.26984,976.35156,980.72095,987.95935
9623.888,9649.953,9662.383,9640.3,9636.28,9643.33,9634.869,9641.856,9649.55,9658.068,9665.793,9664.36,9703.548,9723.044
11890.413,11866.131,11942.087,11705.939,11655.77,11718.208,11742.358,11710.272,11839.234,11702.199,11847.617,11747.824,11921.533,12002.671
10579.641,10446.409,10266.266,10461.138,10499.623,10731.784,10862.091,10708.52,10404.019,10392.3545,10397.296,10640.977,10666.545,10712.527
5215.897,5135.041,5052.028,5122.344,5174.4897,5209.195,5282.0767,5242.642,5092.721,5099.1724,5112.5728,5238.9663,5281.6235,5285.3853
11067.172,11063.878,10980.213,10822.978,10812.004,10825.259,10789.468,10837.14,10886.925,10859.78,10842.746,10850.341,10937.737,11016.136
5701.1177,5713.1265,5693.8203,5609.3784,5624.039,5650.7783,5674.003,5670.4414,5666.563,5645.9785,5564.218,5508.6997,5497.011,5524.092
9727.399,9735.909,9689.189,9633.3,9642.3,9683.983,9638.939,9694.808,9668.497,9674.454,9633.71,9637.824,9678.435,9694.813
11458.589,11486.687,11228.21,11138.012,11040.28,11363.428,11192.35,11094.334,10956.871,11228.051,11162.685,11122.738,11205.378,11261.961
14045.545,14047.21,13920.176,13836.482,13802.476,13972.821,13929.157,13813.003,13804.618,13853.419,13831.319,13807.809,13896.643,14008.076
16187.825,16161.5,16187.347,16116.272,16139.961,16182.925,16206.395,16175.286,16170.607,16167.819,16192.718,16185.885,16213.727,16244.922
2300.4827,2292.866,2286.034,2277.0383,2274.8496,2283.3093,2282.3228,2284.633,2285.403,2281.56,2280.12,2283.029,2290.2524,2294.2822
2168.7095,2166.444,2169.068,2173.859,2173.0032,2173.7043,2172.6118,2171.5464,2167.8352,2166.0137,2166.2527,2172.5186,2174.4146,2172.5212
15544.772,15481.206,15406.222,15349.338,15292.507,15382.659,15374.498,15406.785,15392.393,15374.984,15353.542,15388.258,15449.58,15457.892
4559.306,4679.634,4745.194,4941.6406,5065.3843,5078.5923,5029.313,5019.2026,5085.798,5078.0767,5064.7817,5043.9956,5039.467,5027.936
10514.99,10457.606,10322.453,10220.017,10198.387,10418.484,10370.85,10262.783,10237.18,10321.435,10297.502,10307.436,10476.293,10618.633
5296.3457,5349.01,5390.0576,5361.801,5409.3794,5417.925,5417.7656,5403.8135,5414.883,5442.748,5523.3584,5468.283,5492.2046,5448.2207
9836.386,9882.542,9927.168,9874.78,9908.066,9890.703,9922.204,9907.236,9935.037,9998.094,9965.503,9888.534,9930.844,9923.088
8798.183,8790.613,8866.409,8783.558,8805.531,8907.16,8860.57,8796.33,8859.087,8944.977,8957.819,8921.643,8966.336,8919.622
1582.245,1570.2493,1535.112,1544.0543,1567.2556,1553.1842,1558.0977,1517.476,1502.565,1526.0214,1525.0157,1531.2773,1543.0525,1540.184
17889.477,17968.723,17502.75,17714.055,17992.559,18073.13,18043.27,17486.531,17516.146,17702.43,17670.182,17743.379,17704.932,17726.688
10083.503,10074.155,9832.009,9823.243,9836.648,9938.354,9976.6045,9716.156,9654.835,9782.862,9773.109,9698.686,9823.822,9848.958
12393.158,12548.168,12608.455,12532.455,12379.051,12460.413,12366.655,12280.194,12472.375,12614.177,12640.434,12655.995,12688.962,12678.972
5751.261,5746.7896,5771.5664,5911.388,5913.385,5739.24,5740.914,5838.9453,5932.899,5964.23,5965.8325,5965.816,5995.6543,5874.9795
1445.2054,1433.194,1431.8126,1428.9218,1427.9349,1429.746,1441.1736,1444.1208,1436.5048,1426.785,1426.056,1425.4049,1427.9432,1427.2672
9811.661,9813.248,9821.02,9803.765,9801.804,9836.535,9803.953,9803.656,9809.757,9824.053,9836.127,9845.1,9880.785,9901.971
15177.655,15119.498,15075.052,15006.402,15008.376,15074.949,15019.977,15025.0205,15040.923,15047.633,15040.896,15043.201,15108.055,15144.09
6881.9595,6812.9575,6802.4546,6814.161,6724.153,6923.7656,7006.801,7020.545,6916.8096,6819.6533,6853.8726,6859.1216,6880.8735,6869.0635
11350.601,11299.048,11282.011,11248.648,11238.73,11273.162,11272.261,11277.156,11285.52,11272.118,11263.867,11265.646,11295.369,11312.138
15218.811,15154.136,15042.301,14933.049,14924.449,14990.9795,14916.5205,14945.897,14923.408,14935.728,14904.165,14935.383,14994.642,15012.914
8959.526,8984.274,8981.678,9010.399,8985.497,9069.44,9052.599,9033.96,8993.113,9041.486,9072.949,9091.404,9127.249,9140.237
9640.569,9667.063,9664.182,9695.088,9668.256,9758.651,9740.405,9720.517,9676.633,9728.683,9762.401,9782.267,9820.907,9834.872
9679.594,9785.041,9604.173,9615.665,9551.132,9550.193,9446.671,9344.11,9468.396,9488.719,9538.349,9392.783,9540.568,9510.959
977.9727,990.059,999.2135,1012.4761,1008.4524,1008.052,998.0857,993.9162,991.9315,995.5089,994.16846,991.5115,989.7229,992.7334
10631.284,10751.267,10898.32,10839.069,10897.696,10876.243,10912.517,10845.613,10925.971,10965.909,10965.825,10867.899,10931.107,10927.675
10367.053,10398.246,10365.743,10409.374,10310.57,10352.625,10427.666,10446.439,10426.568,10401.776,10337.823,10381.938,10501.009,10485.592
8751.763,8741.216,8620.646,8627.85,8596.853,8645.121,8584.205,8486.452,8444.409,8532.596,8535.249,8607.549,8599.276,8645.675
15419.868,15264.588,15187.567,15167.819,15116.524,15038.817,15184.427,14840.878,14714.725,14790.572,14879.903,14875.545,15051.854,15120.734
15423.881,15307.943,15167.755,15113.891,15089.721,15053.314,15343.386,15062.5625,14973.516,14988.88,14974.003,14981.665,15069.139,15145.549
14161.688,14097.893,13992.613,13915.02,13799.125,13950.955,14008.827,13809.087,13759.3,13824.515,13889.945,13896.479,14029.682,14116.333
2619.555,2607.5396,2575.8535,2587.4348,2585.104,2602.807,2611.6455,2618.936,2617.5042,2606.039,2547.0554,2565.8208,2583.9502,2577.709
13428.42,13367.8955,13268.137,13194.52,13084.618,13228.596,13283.492,13094.132,13046.935,13108.791,13170.786,13176.976,13303.252,13385.336
14381.484,14447.7705,14292.274,14318.786,14142.141,14271.177,14127.475,14020.817,13981.103,14074.653,14133.749,14156.9375,14269.132,14280.945
9244.802,9201.532,9217.556,9282.404,9345.033,9374.514,9292.787,9263.724,9271.095,9340.712,9350.569,9317.63,9359.845,9337.259
2409.9172,2396.524,2424.5898,2433.245,2353.4067,2345.156,2365.2517,2346.4758,2335.7488,2327.2886,2348.6138,2339.837,2356.4224,2349.5771
685.08246,695.4166,696.85095,695.296,696.1849,698.19464,701.4038,701.5568,702.338,701.3213,700.9455,697.0937,700.7918,702.40717
14826.788,14818.857,15023.936,15123.844,15066.734,15183.866,15244.309,15082.461,14933.492,14975.716,14982.434,14858.193,15089.048,15356.057
12082.02,11866.236,11940.587,11872.34,11766.282,11792.605,11749.693,11706.484,11625.471,11693.46,11664.512,11647.376,11823.344,11917.99
4236.5796,4271.758,4184.0825,4199.3535,4230.539,4186.941,4146.7593,4216.201,4252.587,4199.783,4056.3599,4037.5115,4136.5547,4269.9565
1495.3757,1496.9597,1500.984,1492.7329,1474.9484,1480.0177,1486.019,1480.9336,1464.568,1469.06,1462.1812,1457.7009,1475.231,1493.9731
7226.7363,7259.4204,7372.1963,7231.458,7276.596,7240.433,7166.9155,7205.9165,7297.145,7315.7876,7308.9976,7296.406,7315.425,7329.5996
8103.3496,8133.8433,8239.803,7986.6523,8074.191,8053.1743,8053.565,8082.1514,8127.665,8113.778,8107.7793,8078.748,8118.677,8128.129
7519.886,7514.843,7588.7183,7426.4976,7416.75,7412.32,7414.912,7421.3984,7454.7466,7467.696,7456.7827,7429.6865,7468.2544,7480.419
1428.6877,1453.7158,1455.5249,1472.9126,1482.7858,1493.8038,1468.2002,1459.6566,1465.5266,1446.1558,1444.2,1459.3181,1461.649,1453.5679
4791.725,4729.5938,4690.5166,4679.885,4701.461,4687.6777,4772.0107,4671.1416,4643.8022,4616.967,4652.328,4661.0225,4737.21,4735.564
4065.985,4063.6086,4066.8406,3979.2747,3947.216,3954.053,3997.8958,3975.683,3976.5818,3960.816,3953.0664,3925.4636,3966.6174,3978.0852
18690.34,18418.152,18163.758,17928.146,18124.217,18089.22,18523.133,18079.004,18056.945,17996.764,18075.848,18060.727,18194.285,18279.822
17813.795,17539.32,17262.951,17038.227,17134.504,17182.885,17521.568,17203.979,17185.35,17099.654,17157.703,17194.95,17258.879,17350.018
11133.426,11080.602,11005.465,11145.314,11090.062,11161.015,11032.649,11117.123,11047.084,10450.398,10355.018,10711.607,10568.92,10498.202
16222.76,16118.48,15984.152,15872.376,15827.609,16001.493,16055.021,15826.843,15806.535,15857.18,15932.712,15977.105,16077.097,16054.075
10317.276,10290.638,10233.812,10205.511,10214.696,10258.443,10231.588,10232.702,10236.489,10242.941,10232.965,10247.029,10286.2705,10344.219
11334.146,11106.246,11114.711,11052.93,10682.652,10748.62,10762.835,10522.383,10659.58,10545.074,10484.563,10266.968,10714.096,10373.187
6375.042,6394.7085,6503.12,6483.0605,6457.3794,6402.656,6587.8335,6472.0337,6455.142,6487.233,6663.4097,6555.5527,6643.127,6611.115
9200.912,9209.793,9164.019,9165.249,9250.744,9265.81,9410.651,9369.826,9451.382,9405.82,9493.6455,9425.989,9523.268,9579.443
11779.75,11787.147,11863.253,11841.324,11829.935,11794.147,11955.875,11826.093,11783.493,11826.274,11896.809,11843.055,11922.313,11940.857
12804.653,12812.714,12895.463,12871.593,12859.161,12820.283,12996.08,12855.038,12808.772,12855.27,12931.904,12873.447,12959.625,12979.785
4926.213,4933.23,5022.0693,5019.204,5023.1113,4963.853,5127.5273,5032.5615,5004.8013,5013.624,5124.9795,5064.1353,5123.5317,5096.1484
2495.8489,2432.9092,2460.1865,2408.4146,2404.9548,2406.5422,2429.5637,2463.5452,2453.6746,2409.8875,2409.2095,2394.9346,2380.146,2374.771
16280.672,16177.033,16090.135,16028.893,15952.153,15956.098,16044.941,15932.228,15894.947,15921.949,15934.451,15894.212,16016.635,16076.624
13578.104,13625.045,13625.959,13611.899,13576.796,13645.631,13684.614,13702.276,13660.838,13628.989,13609.523,13629.141,13611.875,13633.7
13299.402,13198.555,13225.184,13231.329,13166.875,13251.575,13249.53,13173.129,13120.149,13102.917,13049.592,13080.099,13122.891,13122.036
1535.2595,1533.9746,1552.9905,1557.5847,1574.1299,1577.1167,1603.8776,1560.1666,1558.0084,1553.0319,1556.2683,1557.0746,1554.2986,1553.9529
2083.3167,2109.421,2101.1824,2092.823,2057.9268,2075.9863,2061.4705,2044.0374,2029.449,2055.471,2053.0686,2032.6115,2033.3214,2051.7092
1007.4127,1005.4314,1010.6937,1002.3404,1001.13226,1009.8186,1005.04285,999.6501,1003.018,1000.921,1003.5137,1001.9969,1002.25916,1002.19836
1902.0063,1900.209,1909.483,1889.2004,1879.6433,1887.7076,1901.3712,1881.3026,1884.4133,1875.0352,1882.3949,1880.5847,1880.2603,1880.4861
7020.9526,7090.5547,6973.1523,6988.9463,7051.343,7002.3184,6926.2563,7115.394,7353.9,7137.15,7130.593,6937.8843,7017.5576,7117.8228
19984.596,19942.66,19955.21,19905.75,19873.951,19881.479,19845.525,19722.54,19660.268,19662.486,19690.713,19693.666,19669.15,19666.162
7691.715,7671.388,7730.6562,7674.5566,7623.589,7575.6436,7649.1987,7611.5654,7609.1807,7606.813,7684.034,7605.2993,7708.649,7732.637
966.7379,988.3825,983.91144,986.8917,988.68964,988.7424,987.2569,980.95447,983.64746,995.1302,994.4727,992.1834,992.0972,997.4292
9860.8,9843.778,9853.717,9735.572,9673.762,9676.559,9692.135,9666.866,9647.954,9690.004,9726.955,9659.984,9757.94,9811.832
2217.2588,2179.2266,2235.6443,2282.6433,2228.799,2228.4546,2195.1328,2174.3518,2160.699,2179.505,2212.0974,2215.7576,2216.728,2200.8586
2461.6501,2458.6355,2463.8118,2503.3389,2419.9946,2429.2876,2404.831,2365.4253,2319.5447,2359.4072,2381.783,2369.9636,2397.373,2391.9355
6613.7983,6593.96,6530.6855,6797.0767,6813.1655,6748.7773,6661.826,6679.318,6570.8057,6635.8228,6779.413,6822.417,6813.443,6743.566
10623.536,10608.684,10698.702,10670.617,10736.718,10727.8545,10923.098,10822.476,10729.703,10681.677,10735.524,10741.423,10718.63,10715.717
10878.852,10849.4375,10844.565,10826.99,10816.135,10838.91,10854.886,10846.634,10825.153,10787.9375,10792.539,10795.906,10796.482,10798.742
10714.939,10685.687,10681.979,10662.703,10650.465,10674.369,10691.526,10683.503,10662.035,10625.1875,10631.698,10633.792,10635.663,10637.839
8276.293,8216.148,7967.491,8183.0166,8027.898,8532.269,8643.427,8642.17,8259.195,8306.361,8012.694,8424.607,8400.296,8372.814
1694.4985,1697.07,1686.4943,1694.961,1676.5599,1689.3267,1698.5358,1680.8025,1671.4098,1675.4993,1679.9421,1679.8529,1680.3484,1683.402
3989.505,3988.2932,3969.9502,3980.0469,3944.5227,3977.6458,3993.062,3958.969,3941.2874,3950.2898,3958.1213,3957.1968,3961.428,3965.6372
1827.1125,1821.2196,1823.9172,1828.9833,1826.7174,1827.2108,1829.1711,1819.2521,1814.0873,1815.5734,1821.2506,1823.2667,1822.3805,1820.5087
1676.0762,1672.9272,1670.5599,1676.3867,1678.3341,1675.0934,1676.3624,1671.5831,1663.5779,1659.5938,1658.7303,1663.2571,1665.1577,1665.3035
14129.838,14151.171,14212.0205,14188.066,14207.057,14259.749,14368.871,14235.491,14190.111,14148.231,14175.654,14185.574,14171.639,14173.923
1266.272,1292.0916,1316.0248,1299.0437,1300.6514,1294.5415,1267.9829,1332.1229,1346.7695,1354.9559,1351.0653,1346.1537,1333.8318,1337.1278
699.8667,690.21497,686.1423,675.56195,652.8562,668.6799,612.8336,672.3395,688.28296,677.5561,643.3784,644.19617,668.1207,663.10846
1342.6682,1336.8401,1338.1577,1340.4991,1336.9825,1340.7118,1338.213,1334.2637,1329.7367,1328.89,1329.2559,1331.472,1331.5619,1328.7773
12700.84,12785.819,12661.936,12660.423,12430.365,12518.869,12542.556,12396.071,12261.091,12373.1455,12208.718,12171.119,12209.734,12303.261
1487.2941,1494.095,1486.4198,1480.7627,1465.5402,1466.2981,1480.0938,1477.9133,1478.3142,1480.1254,1460.4413,1453.1779,1442.138,1458.149
7383.639,7356.853,7326.0913,7372.656,7404.6636,7415.392,7381.55,7397.5757,7393.55,7374.1323,7381.278,7460.137,7456.8394,7400.468
1592.1487,1589.7557,1591.4849,1593.7223,1579.3519,1586.1969,1581.4039,1578.0894,1577.5214,1581.6136,1580.6774,1579.3901,1578.1896,1581.3895
9540.058,9534.951,9549.918,9547.653,9483.618,9521.459,9495.289,9476.325,9467.9375,9495.569,9486.489,9480.392,9478.267,9499.055
13435.461,13511.313,13446.37,13485.091,13432.8955,13473.901,13459.747,13369.216,13336.512,13353.5,13387.743,13459.639,13426.349,13426.955
12494.93,12520.054,12529.731,12533.115,12485.226,12538.262,12552.288,12476.483,12460.333,12476.865,12488.761,12528.57,12517.888,12523.767
5955.719,5965.1255,6161.7314,6186.014,6281.671,6233.987,6315.816,6052.5757,6251.7285,6157.394,6321.6616,6290.67,6296.113,6242.027
17271.0,17635.465,17486.08,17486.506,17142.703,17363.762,17808.8,17601.781,17688.043,17653.86,17444.396,17845.807,17785.256,17777.396
4630.2783,4584.7065,4503.323,4520.0654,4581.7124,4778.946,4753.3643,4400.4175,4562.9624,4474.707,4505.265,4587.7837,4877.853,4997.524
14246.18,14439.617,14258.438,14358.877,14214.489,14306.815,14483.581,14168.395,14018.154,14106.236,14156.506,14223.67,14161.958,14251.497
1552.4788,1554.8425,1558.2637,1558.39,1556.1019,1560.3569,1559.9606,1557.481,1554.6208,1555.2589,1557.2405,1558.1371,1557.4827,1558.3752
17679.041,17918.979,17883.312,17959.531,18016.395,18032.9,18220.197,17883.906,18085.406,18132.123,18077.662,18334.27,18222.74,18254.531
1477.3005,1486.6066,1490.3131,1494.4135,1492.6259,1498.6564,1502.0381,1499.1083,1492.647,1493.8461,1495.9612,1498.539,1495.0986,1497.1196
13492.422,13396.919,13417.381,13424.059,13371.586,13445.182,13438.8125,13355.426,13299.901,13277.563,13235.924,13262.2,13301.003,13298.271
14130.598,14153.454,14159.932,14144.975,14095.303,14189.793,14220.433,14247.865,14208.972,14168.797,14130.35,14169.339,14142.3,14165.776
16219.7705,16386.291,16283.352,16359.316,16286.2705,16460.086,16611.568,16316.7295,16341.799,16441.418,16367.08,16635.107,16561.78,16637.785
15064.769,15357.466,15240.952,15218.533,15187.361,15323.387,15594.236,15251.003,15441.093,15161.669,15280.775,15247.893,15521.458,15518.433
7253.0654,9306.822,10196.546,10173.903,9645.793,9681.416,9171.695,9220.284,9959.524,10282.84,10307.945,10396.358,9689.889,10045.947
14946.343,14940.477,14973.611,14965.286,14961.126,14989.546,15043.912,14958.899,14946.05,14925.267,14944.44,14943.636,14937.372,14937.114
4397.4307,4444.368,4597.8174,4562.232,4365.1255,4312.3975,4644.118,4591.3687,4454.287,4426.804,4456.88,4439.024,4365.8037,4518.1343
12995.996,13030.139,13012.83,13008.183,12980.32,13016.339,13007.459,12948.415,12930.27,12931.796,12957.857,12966.562,12958.965,12943.357
10046.975,10085.995,10190.365,10248.823,10226.574,10180.094,10151.464,10200.177,10195.188,10135.707,10140.272,10181.187,10201.137,10192.014
17223.955,17260.592,17299.49,17317.111,17246.303,17271.43,17238.975,17198.139,17211.072,17251.564,17308.32,17365.13,17335.557,17285.598
1897.4421,1897.595,1896.5978,1890.1,1880.8999,1885.4884,1887.7809,1887.0442,1888.8939,1887.169,1887.7289,1888.4083,1888.9639,1887.1458
2242.216,2250.2578,2238.629,2238.1206,2205.2644,2215.7288,2189.7751,2183.9382,2182.53,2219.242,2217.4683,2177.5557,2177.1516,2186.8552
17790.02,17816.207,17789.285,17770.943,17694.486,17743.95,17693.27,17581.73,17511.725,17647.367,17670.621,17673.824,17676.404,17677.357
1992.1558,1986.8085,1988.0144,1991.6149,1984.9283,1983.9662,1980.4576,1976.0026,1977.578,1980.6393,1983.231,1983.6676,1982.5342,1978.7255
10612.137,10876.695,10952.262,10876.507,10694.065,10749.298,10903.695,11098.05,11131.134,11160.84,11100.344,10978.041,10856.5,10884.515
8548.297,8552.584,8557.925,8551.277,8538.896,8553.663,8520.86,8498.559,8483.073,8537.568,8525.304,8535.241,8563.221,8575.8125
17679.3,17721.727,17853.49,17791.41,17792.043,17753.564,17828.596,17762.523,17796.615,17756.625,17870.236,17849.865,17737.924,17783.086
17490.943,17524.65,17592.576,17585.217,17514.574,17560.508,17547.668,17484.125,17467.316,17509.63,17562.62,17517.873,17465.6,17533.648
1525.0671,1526.3287,1527.3486,1523.1058,1518.6907,1520.7854,1523.283,1522.9424,1523.4072,1523.621,1523.8092,1523.7738,1523.6272,1523.0411
2773.9795,2839.5186,2812.274,2826.6174,2876.22,2901.2158,2884.6995,2915.7783,2916.5154,2920.424,2924.3374,2918.8096,2922.7422,2915.4236
1482.322,1482.9231,1475.4155,1477.3077,1475.5343,1479.7053,1486.1632,1487.4296,1479.9241,1468.5978,1466.1005,1467.9015,1470.1774,1473.5651
1602.8795,1599.3142,1601.3118,1603.7177,1599.7521,1599.3005,1597.4106,1593.3273,1593.5616,1596.797,1599.0763,1599.3564,1598.3545,1595.6471
1727.1337,1723.1111,1725.4647,1727.6901,1722.9984,1722.6334,1721.2126,1717.9082,1718.4656,1720.7694,1722.5303,1722.3995,1721.4907,1719.4955
5942.7744,5963.941,5934.1875,5960.0425,5928.3154,6060.9185,6081.962,6131.944,6032.9746,6075.1357,6131.1426,6268.1587,6271.584,6190.7466
521.2867,516.35205,519.6431,521.4833,523.3318,520.9757,516.2702,513.63934,517.56226,519.10016,522.35266,523.0893,521.0489,517.57904
12680.261,12840.162,12693.356,12729.687,12752.979,12637.653,12725.385,12679.066,12668.773,12455.246,12282.867,12384.685,12460.281,12321.794
12828.252,12879.509,12776.363,12908.216,12913.535,12717.605,12771.844,12660.194,12605.808,12461.301,12563.447,12669.508,12539.49,12410.116
7813.754,8139.041,8085.671,7896.5967,7805.6055,7768.1475,8116.408,8019.594,7943.9507,8043.12,8136.1426,8171.7764,7835.3174,8151.1245
1749.8196,1769.0791,1750.5693,1768.3757,1779.9366,1786.0522,1792.8533,1774.2631,1794.248,1810.5607,1779.6058,1773.763,1824.756,1831.3967
10579.99,10660.656,10570.913,10582.47,10525.398,10559.717,10500.651,10456.016,10493.698,10512.197,10540.932,10517.762,10508.871,10537.532
926.57904,930.7277,926.94495,927.91296,923.507,927.225,922.17377,919.5862,922.34436,922.9375,924.73376,921.05414,922.3983,923.99805
2733.3296,2724.5288,2729.7422,2718.0188,2717.1377,2725.3652,2712.6804,2705.424,2710.1885,2713.1826,2721.34,2706.812,2703.8467,2726.1472
1066.4082,1068.9379,1065.5526,1068.9475,1073.1014,1066.5112,1049.9437,1044.7552,1046.8534,1051.0728,1049.6127,1050.1926,1052.6244,1057.058
1588.6256,1606.9172,1587.652,1600.1306,1583.3625,1574.7394,1562.3702,1587.1711,1582.049,1578.9342,1573.7427,1576.6051,1566.282,1577.2297
2851.4858,2872.639,2826.478,2880.152,2853.1392,2802.809,2840.6208,2807.2815,2780.2637,2762.5898,2765.1682,2764.1355,2775.2773,2785.3572
2179.7292,2166.8042,2164.5786,2162.2078,2165.073,2167.6187,2165.6467,2164.0308,2163.9688,2163.605,2165.2222,2163.2122,2165.8633,2170.1243
4132.4536,4195.2764,4108.2017,4147.349,4111.426,4147.731,4177.5986,4172.968,4110.116,4098.061,4095.7834,4238.1763,4163.115,4181.679
4058.0325,4115.654,4037.608,4077.9822,4090.858,4150.0264,4196.1177,4158.4385,4144.55,4143.802,4128.702,4179.098,4177.5796,4223.368
3992.2305,4027.089,3963.92,4032.6553,4062.9055,4058.101,4092.0461,4049.6072,3974.0183,3992.7002,4003.673,4092.9768,4060.7446,4087.1519
2198.7485,2199.3547,2213.156,2209.8267,2190.5244,2180.2075,2183.8723,2182.7937,2201.0376,2189.6018,2178.2378,2172.6455,2176.191,2171.6736
5159.922,5359.7197,5342.915,5542.993,5807.667,5510.1387,5230.4897,4949.7764,5118.014,5341.0303,5614.349,5666.9165,5702.9116,5683.7505
11507.168,11553.521,11504.919,11434.315,11325.17,11391.362,11492.827,11518.506,11469.749,11303.163,11150.905,11120.011,11096.311,11183.324
1207.1569,1203.806,1202.7091,1202.7808,1201.7928,1200.9137,1199.282,1191.0396,1184.1836,1181.0046,1181.1945,1181.6345,1181.036,1179.8613
10778.71,10715.686,10781.91,10719.717,10658.942,10703.76,10717.192,10661.597,10651.324,10636.723,10637.216,10623.1875,10610.029,10648.324
442.1238,435.7804,435.82684,434.72037,429.63412,429.90335,431.30762,435.01877,432.80334,432.47946,434.39227,435.19403,435.3162,436.25903
1137.6104,1150.0457,1152.7369,1145.3468,1128.1096,1138.8749,1157.7141,1124.3442,1098.3899,1096.2826,1091.7787,1086.3276,1082.3387,1085.9664
1210.0038,1199.1726,1192.6956,1190.7677,1194.8552,1204.6886,1209.9551,1196.4742,1190.1349,1186.832,1182.5852,1188.5322,1191.9138,1198.7251
885.4934,888.9583,888.2087,885.0158,880.29205,873.89984,870.4056,881.0891,885.7627,891.045,892.0397,888.4541,889.08746,890.3041
13783.752,13827.049,13829.506,13813.69,13761.976,13819.199,13873.494,13883.81,13860.177,13825.045,13807.93,13822.279,13809.187,13837.387
875.24805,892.7707,877.74475,882.01953,869.1888,871.4102,858.2659,857.53796,864.0985,870.62115,870.0584,864.2875,864.6681,879.53296
1530.3948,1521.6724,1521.218,1514.2457,1514.1218,1515.7158,1511.3135,1511.3146,1514.2908,1515.1991,1513.6768,1510.0807,1509.4675,1520.7654
589.89636,580.9947,569.35614,569.9824,579.7206,593.5742,589.8024,580.7991,577.67206,568.51154,559.3433,573.97675,575.65735,568.3301
1956.058,1950.5042,1944.7113,1955.0138,1963.8337,1953.7592,1951.5455,1945.7959,1954.6598,1937.3027,1935.0366,1940.3651,1929.2561,1919.7122
1398.5527,1409.3915,1384.763,1429.369,1431.1676,1438.0504,1398.6497,1412.5671,1401.7068,1418.9808,1427.7256,1437.629,1414.4144,1435.3444
1425.6348,1426.6193,1405.6449,1424.628,1429.9955,1437.069,1403.0295,1402.9756,1396.615,1405.0753,1409.105,1422.7029,1430.2083,1430.8894
1745.7246,1744.2034,1743.63,1742.3435,1744.8596,1745.8445,1747.9735,1744.7494,1743.8945,1742.8888,1743.8281,1743.0281,1745.1542,1746.2354
1487.9744,1487.4434,1486.7664,1485.5504,1489.5192,1496.3925,1494.3135,1484.0631,1485.154,1485.5624,1487.7434,1487.5282,1490.8964,1493.0314
1690.3413,1695.4275,1671.1141,1673.952,1688.7787,1688.806,1708.4999,1703.2948,1706.7964,1704.4508,1701.5366,1691.3765,1703.2811,1709.5234
2008.8994,2008.2389,2003.6067,2002.8589,2009.3667,2013.2068,2012.2799,2013.5171,2019.5548,2009.3309,2002.2582,2002.1187,2006.6748,2005.9283
11402.002,11325.327,11289.156,11226.892,11131.404,11136.255,11041.712,11067.939,11102.416,11128.709,11016.918,10992.185,10983.377,10979.521
19628.143,19574.906,19437.303,19583.146,19655.123,19608.432,19599.352,19500.406,19345.008,19397.709,19337.227,19453.605,19516.49,19537.441
1204.402,1208.3951,1207.2024,1201.0479,1203.975,1199.5116,1204.3656,1206.2871,1209.1505,1209.863,1208.0966,1201.1067,1203.3494,1207.6821
3292.6611,3338.7434,3307.93,3287.2852,3333.8674,3303.1997,3303.3955,3303.2341,3332.8616,3334.1826,3265.6274,3238.4248,3261.309,3327.1462
3402.7686,3425.3992,3387.065,3382.998,3419.237,3390.8818,3352.3533,3313.5767,3319.2734,3335.1045,3318.7346,3293.4658,3300.7834,3342.1665
2951.2112,2942.9,2931.62,2911.9233,2918.0642,2939.8914,2910.016,2908.1182,2917.7222,2901.7727,2891.5562,2885.449,2894.019,2914.42
630.1132,613.9502,573.58875,558.6484,545.36993,563.8317,581.9684,576.98615,578.14923,566.6447,557.908,562.1907,592.681,598.2172
475.26373,460.65994,437.64883,428.38025,420.46414,432.89914,444.24435,443.62238,444.4866,437.08502,432.3395,437.1201,458.12732,464.32535
2024.4191,1966.3628,1857.5448,1817.6892,1780.5298,1834.8512,1884.1035,1877.1611,1881.3228,1849.4191,1829.3505,1847.6412,1936.1611,1963.679
592.535,574.3041,544.30804,533.3416,525.2536,536.5164,550.3277,550.33514,549.7476,538.55817,532.0148,537.7575,561.1063,568.3343
618.6966,600.77295,562.19415,547.86975,537.2397,553.2842,570.25696,583.78644,583.7823,560.81177,550.77496,557.6552,585.8777,598.2158
479.73795,501.52725,499.50125,515.3418,518.64465,518.94794,518.242,520.4906,527.761,520.2182,522.9627,524.9549,525.3104,512.36066
6135.8447,6331.2563,6483.663,6201.5234,6075.782,6054.0435,6034.8716,6147.1606,6282.42,6497.7173,6425.13,5998.159,6144.9077,6103.395
15785.339,15792.725,15693.257,15661.895,15693.221,15712.195,15697.724,15688.598,15657.231,15687.567,15644.432,15679.4375,15666.6,15713.731
10023.206,9966.156,10095.354,10367.716,10446.535,10249.746,10321.506,10358.292,10295.229,10088.635,10360.3125,10524.593,10479.012,10263.695
11560.066,11548.503,11268.74,11158.588,11030.671,11166.202,11272.131,11231.244,11184.027,11093.188,10967.607,11033.259,11116.427,11164.219
11912.578,11871.731,11884.007,11912.475,11912.101,11914.277,11866.101,11852.848,11818.169,11862.282,11909.446,11930.871,11895.573,11868.366
9679.448,9684.414,9533.825,9461.895,9343.975,9712.857,9448.992,9480.353,9177.714,9648.802,9527.467,9482.89,9628.163,9666.157
9172.888,9160.709,9089.241,9039.985,9012.159,9191.687,9000.462,9019.522,8987.649,9190.877,9101.457,9081.831,9122.346,9188.141
13131.197,13331.735,13198.711,13224.507,13258.501,13165.196,13221.72,13180.677,13215.631,12964.459,12767.304,12879.176,12946.937,12890.186
15485.261,15571.654,15556.898,15544.075,15507.848,15541.615,15623.045,15534.032,15570.06,15513.8,15456.605,15436.704,15417.93,15515.453
3754.294,3870.0603,3658.8992,3647.9722,3600.2615,3600.7297,3566.786,3573.1082,3565.1997,3592.0596,3618.0237,3628.2996,3616.9275,3625.8997
2814.58,2925.8542,2794.7534,2849.7673,2789.4348,2791.8755,2729.116,2749.2188,2659.503,2685.3088,2711.388,2777.2146,2725.9065,2751.4949
2269.6086,2273.2563,2276.026,2304.2795,2300.1626,2300.1865,2296.8604,2296.8044,2291.1777,2302.67,2302.039,2300.0593,2296.3635,2305.8982
2290.745,2305.6748,2278.1987,2288.8235,2273.3613,2292.5298,2276.3115,2249.1636,2248.4077,2255.41,2272.804,2283.0398,2274.9983,2287.778
945.4376,940.17224,939.6149,938.9555,943.1161,943.0547,942.773,935.58466,932.99756,927.6596,924.37366,923.01715,928.1086,925.0295
3212.66,3211.7468,3212.0183,3209.7185,3197.561,3212.3496,3202.1545,3201.6716,3205.878,3215.193,3215.3806,3208.5298,3216.9343,3224.6
2712.4727,2745.4314,2699.5366,2734.6245,2718.1558,2734.8645,2732.8132,2723.2412,2694.0093,2717.5952,2716.7756,2695.7842,2696.1238,2719.5864
1420.312,1427.5051,1414.1349,1423.4327,1409.512,1418.5516,1417.7108,1408.4027,1403.1355,1410.74,1410.7795,1410.8749,1419.0729,1408.8684
2691.071,2699.4175,2678.5786,2676.878,2676.268,2671.971,2653.9983,2665.81,2678.336,2697.042,2679.0608,2658.9832,2678.5818,2693.6184
14880.96,14851.147,14811.982,14712.867,14713.29,14712.528,14698.103,14771.515,14815.132,14774.488,14766.113,14676.922,14752.225,14788.02
11618.076,11595.948,11565.843,11500.182,11508.837,11499.805,11497.165,11547.226,11583.169,11541.385,11525.202,11439.114,11501.767,11535.532
14684.99,14670.4,14622.082,14444.625,14496.302,14421.21,14491.791,14581.172,14664.65,14582.042,14554.346,14434.441,14471.795,14588.842
7815.3433,7808.6523,7784.9604,7713.4136,7724.497,7672.6523,7717.755,7764.89,7810.6597,7761.698,7751.2686,7680.9106,7695.5693,7770.5044
14272.164,14217.373,14210.896,14180.486,14223.045,14171.662,14129.171,14094.559,14110.984,14109.839,14121.567,14088.282,14125.767,14113.218
14810.526,14753.155,14745.663,14713.76,14753.42,14705.635,14669.655,14634.791,14647.845,14649.175,14659.319,14627.43,14666.446,14654.456
2316.9897,2333.2104,2313.8745,2329.5383,2384.868,2361.1184,2407.884,2380.908,2414.094,2402.7544,2408.6511,2346.8145,2457.3232,2444.8022
2531.3506,2534.1875,2551.147,2537.7146,2555.966,2526.7659,2575.4011,2562.7236,2609.8906,2565.9949,2587.6113,2559.7786,2575.2175,2572.3628
2578.87,2581.7383,2598.9788,2585.298,2603.8677,2574.1729,2623.6409,2610.765,2658.8176,2614.0889,2636.0808,2607.7625,2623.5063,2620.599
16317.699,16251.078,16272.718,16253.314,16313.945,16326.818,16337.984,16230.0625,16211.957,16218.386,16267.016,16264.266,16234.902,16278.545
16355.564,16287.592,16258.129,16293.63,16307.267,16302.038,16224.68,16162.879,16077.283,16135.353,16185.148,16204.061,16185.88,16173.381
10515.013,10516.652,10522.017,10542.004,10557.354,10578.132,10566.375,10519.064,10516.109,10477.251,10531.779,10569.265,10609.721,10634.481
7546.504,7533.251,7508.4204,7449.7964,7468.054,7508.702,7473.1973,7493.3945,7512.677,7447.0063,7405.251,7440.3315,7530.798,7541.4653
6770.3257,6785.812,6804.694,6845.889,6830.285,6875.358,6845.374,6793.2827,6786.794,6750.9663,6760.568,6806.554,6896.6533,6907.6313
916.531,919.3258,923.66486,926.37006,905.2927,924.8405,913.04724,935.7497,917.26733,927.70087,937.60724,943.53394,941.9744,940.90314
8121.6465,8180.0825,8149.4634,8291.201,8373.456,8344.873,8320.677,8253.53,8255.796,8224.952,8268.023,8316.955,8397.611,8407.543
8941.256,8938.883,8956.218,9017.282,9165.419,9020.629,8947.364,8853.335,8964.5625,8894.609,8972.561,9093.99,9245.33,9312.448
1960.6871,1959.6698,1962.7347,1969.1426,1965.9421,1983.5378,1968.0437,1948.031,1965.9745,1946.8699,1967.6544,2021.9346,2065.191,2082.2485
2289.7078,2290.3613,2257.0542,2272.47,2274.3074,2274.877,2237.8594,2288.5479,2272.937,2281.0046,2268.4087,2294.481,2300.16,2275.7244
901.5818,912.8456,912.9539,909.9902,918.182,923.711,920.4854,921.55316,925.01526,926.7701,925.5031,921.7875,919.1941,921.92065
1326.0878,1336.1777,1328.0403,1324.167,1324.6738,1338.808,1326.0557,1321.6975,1317.396,1324.4717,1324.413,1325.4255,1327.7653,1335.4298
1047.8176,1081.2013,1087.2377,1088.5992,1098.5647,1099.2025,1113.8685,1107.5879,1080.5232,1114.226,1133.2723,1135.1398,1139.2812,1131.9364
16050.454,15985.655,15976.636,16009.045,16058.722,16006.243,15987.372,15964.109,15937.536,15896.097,15944.773,15978.48,16032.675,16018.288
13309.08,13207.623,13095.675,13041.443,13051.539,13129.516,13160.868,13106.614,13015.807,12957.599,12985.639,12963.191,13097.851,13224.927
13594.202,13501.815,13550.032,13432.792,13549.378,13563.32,13716.768,13620.135,13632.18,13392.872,13550.328,13508.875,13590.177,13685.551
16078.972,16026.278,16025.318,15978.096,15945.035,15997.135,15954.547,15919.829,15908.295,15905.334,15940.708,15943.663,15948.938,15980.37
12328.058,12244.245,12287.975,12181.6455,12287.534,12300.039,12439.196,12351.566,12362.575,12145.487,12288.323,12250.642,12324.435,12410.895
9958.312,9939.12,9957.703,9980.678,9992.988,9991.409,9980.374,9955.191,9908.691,9907.474,9962.375,9998.029,10052.542,10014.362
2005.9983,1997.4465,1977.3531,1956.639,1966.1293,1982.4714,2003.2186,1999.4535,1976.4034,1935.1622,1947.155,1951.7576,1960.6722,1982.1337
14841.966,14743.13,14532.581,14393.909,14427.743,14697.122,14782.779,14635.974,14433.519,14127.746,14201.063,14186.018,14435.807,14690.811
15022.134,14917.415,14918.838,14836.768,14873.528,14948.522,15068.937,14987.65,14880.723,14773.07,14815.464,14826.058,14867.897,14951.098
14182.501,14138.016,14005.43,13846.46,13931.82,14044.316,14171.051,14150.937,14003.165,13657.437,13756.364,13790.089,13874.936,14051.051
10293.438,10274.795,10251.393,10238.449,10242.531,10245.067,10264.915,10270.366,10273.359,10223.269,10218.117,10226.792,10269.635,10285.601
4617.143,4619.6997,4645.2427,4586.8755,4509.298,4504.24,4599.115,4589.4883,4567.4287,4532.877,4539.6025,4521.671,4550.7573,4564.4434
3142.763,3126.4211,3122.4502,3105.7412,3080.927,3090.4526,3107.0378,3089.6414,3083.8,3088.3225,3092.9822,3092.9307,3104.6748,3100.283
4479.255,4456.1816,4451.213,4441.6753,4404.2803,4407.753,4411.6147,4402.8403,4388.201,4369.759,4366.9395,4366.157,4398.8574,4398.674
4147.153,4143.2256,4124.9683,4093.6748,4050.8066,4050.3347,4087.0356,4093.7854,4080.2644,4050.751,4038.8867,4029.1877,4061.2783,4070.6533
1081.0629,1084.8668,1086.5526,1089.1097,1089.2072,1086.8566,1087.0297,1086.0336,1088.4392,1083.5121,1090.1882,1092.3386,1093.9492,1094.2603
1466.1168,1466.26,1471.859,1468.0459,1468.4493,1463.6243,1473.1273,1469.0216,1488.1587,1449.1115,1471.8784,1474.5602,1478.7742,1487.9255
2201.8877,2201.3147,2199.3635,2199.6711,2200.347,2199.8535,2197.702,2199.6914,2201.2957,2196.9778,2200.5312,2201.9353,2203.2004,2203.5867
2159.6135,2161.116,2159.6868,2160.115,2163.6553,2161.1062,2158.2595,2155.599,2156.1016,2147.742,2158.73,2163.7144,2164.7434,2161.7932
12224.071,12178.884,12172.028,12198.693,12236.176,12202.09,12180.838,12164.295,12145.185,12108.474,12144.161,12174.324,12220.244,12208.884
876.6274,885.62537,890.00336,903.4359,930.62744,928.60394,907.10565,886.5381,898.0926,912.3719,917.66846,919.02435,933.3843,929.2116
917.6389,925.46924,927.48834,946.81866,984.25,977.97406,939.65393,930.7867,948.1781,963.62537,972.16956,972.6772,982.85895,976.6557
1809.4456,1778.9557,1794.6184,1775.2993,1692.0509,1744.3198,1671.4219,1677.012,1659.115,1737.9539,1732.999,1687.6154,1709.2946,1750.7985
1028.2838,1034.012,1032.3726,1048.4402,1064.0358,1057.0034,1070.3684,1040.2936,1036.5151,1032.2631,1053.5023,1030.5535,1046.65,1075.1823
1023.72034,1032.7181,1034.1508,1035.7643,1042.7379,1034.3445,1035.486,1030.7451,1028.7278,1032.499,1035.7787,1028.9231,1036.5248,1044.1356
14864.288,14932.865,14975.376,14977.749,14991.837,14950.374,14970.018,14925.497,14872.448,14951.451,15030.377,14973.41,15029.694,15053.978
1260.1454,1248.1973,1251.7457,1232.6533,1244.5414,1229.4222,1253.5767,1230.1868,1222.6464,1225.3436,1250.5969,1215.8971,1241.2854,1256.9088
1299.3573,1303.3759,1302.4156,1292.7943,1296.135,1294.0336,1297.2424,1298.4113,1297.557,1297.283,1295.4857,1290.3151,1297.1617,1299.4352
1281.3911,1282.9014,1281.4882,1274.0259,1275.3345,1271.1842,1272.9756,1273.7528,1272.955,1274.8147,1274.3837,1270.4229,1276.0123,1276.373
14046.034,14222.54,14227.07,14244.079,14247.603,14277.7295,14283.444,14289.558,14111.881,14352.734,14508.507,14462.27,14575.83,14602.246
1876.9551,1905.1387,1940.5745,1844.6328,1830.1477,1852.4259,1892.4148,1890.0992,1934.95,1942.6643,1925.2913,1845.7682,1866.3634,1870.8501
6366.3955,6522.9756,6488.9688,6479.1035,6534.1514,6576.7383,6613.229,6582.8237,6625.6587,6596.903,6586.0713,6560.0894,6565.5835,6574.5073
14663.005,14651.782,14534.728,14286.086,14306.44,14226.245,14418.837,14665.553,14451.359,14521.585,14485.731,14449.82,14560.414,14596.73
13840.281,13759.955,13741.47,13728.858,13745.841,13802.145,13818.304,13771.782,13729.486,13709.735,13737.677,13747.3,13771.739,13843.647
5045.9453,5058.3223,5098.24,5034.126,5096.589,5059.2983,5096.771,5102.5635,5100.763,5029.685,5044.615,5005.8535,5070.8643,5087.5747
1639.5308,1628.821,1625.6238,1624.6554,1626.4521,1634.1589,1638.6677,1632.1317,1625.0942,1622.22,1626.1232,1627.0405,1630.108,1639.4598
10749.123,10777.023,10688.151,10740.986,10642.955,10696.073,10788.874,10744.024,10558.575,10640.731,10742.595,10684.845,10582.355,10547.007
2585.1936,2600.1528,2597.3044,2587.2043,2595.392,2592.597,2588.6501,2596.1724,2584.9539,2603.849,2606.5474,2604.54,2613.2988,2617.926
19026.53,19163.072,19124.771,19036.512,19030.232,19043.467,19117.438,19178.504,19107.416,19193.941,19208.49,19173.307,19251.371,19294.414
21999.09,22123.191,22103.914,22025.46,22088.121,22063.617,22036.732,22092.447,21999.176,22160.883,22182.936,22168.398,22237.418,22273.248
23082.682,23211.871,23191.521,23110.113,23175.521,23149.908,23121.854,23179.486,23081.959,23250.629,23273.838,23258.783,23330.914,23369.072
6943.5596,6887.742,7025.624,6993.1436,7246.849,7275.715,7490.9556,7335.4204,7467.2573,7408.2656,7473.6934,7364.185,7500.346,7470.5347
1368.9897,1366.2052,1360.1566,1347.7229,1347.9961,1358.3444,1356.4932,1359.816,1343.4102,1349.205,1364.8481,1364.6093,1372.1093,1354.8286
19012.018,19161.977,19194.97,19124.502,19179.11,19247.797,19317.857,19226.248,19138.4,19367.928,19391.332,19241.057,19471.27,19626.467
19708.36,19854.355,19975.95,20026.97,20076.84,19976.77,20031.975,19987.44,19917.883,20185.643,20381.572,20374.965,20530.812,20398.262
1712.7094,1716.092,1711.6654,1706.7052,1721.1757,1724.7668,1714.1089,1697.8739,1702.7142,1712.6233,1723.724,1719.0051,1729.6312,1732.579
9087.369,8938.55,8936.402,8887.386,8924.709,8730.289,8842.873,9581.87,9773.2,8908.725,9471.562,9087.566,9561.22,9957.608
1075.5714,1071.3823,1070.2948,1065.252,1060.9526,1057.6603,1053.727,1057.6068,1059.7177,1060.5636,1058.2306,1052.9783,1054.9781,1060.4012
1169.5491,1174.5164,1177.173,1180.3779,1188.9586,1171.1294,1169.8529,1172.1589,1174.2195,1176.2251,1179.784,1178.3514,1175.0776,1176.5629
2240.5852,2255.889,2253.916,2255.5664,2268.1707,2268.6257,2244.385,2287.3484,2228.48,2316.8645,2356.45,2346.4868,2385.5505,2399.6436
7571.793,7861.7065,7575.9355,7507.3203,7311.2163,7622.055,7278.316,7298.2476,7088.495,7465.5483,7410.857,7205.4653,7301.7563,7613.58
2241.948,2258.761,2250.2163,2235.15,2226.467,2249.2485,2253.1748,2250.894,2241.8792,2258.6992,2272.0762,2277.337,2312.5706,2333.6938
23082.496,23319.07,23350.295,23231.521,23159.438,23230.215,23381.463,23431.84,23322.857,23516.387,23530.797,23526.22,23576.889,23673.346
8355.935,8213.176,8022.452,8336.925,8152.4404,8247.097,7895.0938,7823.9844,7949.3696,7893.6396,7653.093,7825.05,7879.366,7944.8193
10592.118,10666.141,10556.703,10650.115,10636.375,10555.304,10487.027,10490.539,10498.19,10537.627,10575.744,10543.292,10551.691,10542.343
10272.626,10290.848,10339.71,10364.187,10375.751,10327.355,10336.279,10321.017,10364.938,10379.626,10411.946,10402.365,10405.441,10398.579
7990.127,7973.403,7981.0166,7983.35,8136.8823,8147.2124,8316.7705,8338.512,8338.323,8190.9575,8265.953,8464.767,8521.211,8314.536
15087.278,15147.804,14921.389,15352.754,15416.475,15399.001,15443.973,15421.612,15473.332,15649.94,15647.965,15697.47,15479.319,15602.957
5965.0264,6075.573,5957.33,6100.4136,5823.892,5790.05,5921.1343,5996.3896,5874.8535,5909.574,5870.445,5839.875,5770.291,5909.457
13090.057,13115.726,13081.705,13103.637,13136.952,13128.768,13101.573,13116.791,13118.278,13118.731,13108.127,13104.454,13153.042,13191.332
14365.933,14341.802,14308.761,14295.547,14306.692,14306.904,14314.326,14334.456,14337.938,14316.226,14279.217,14277.544,14317.565,14329.482
11261.488,11284.849,11107.424,11194.904,11176.146,11209.225,11177.956,11236.318,11239.18,11218.213,11126.501,11120.99,11173.12,11245.087
3481.7527,3481.6714,3457.2737,3464.3018,3478.82,3469.618,3483.3867,3494.9495,3507.4329,3472.0266,3464.5488,3485.5427,3524.7126,3525.1055
3382.4524,3361.922,3366.4727,3370.1804,3401.757,3396.5137,3425.0173,3421.5906,3435.094,3388.038,3389.152,3396.5571,3422.7512,3425.2632
5203.944,5205.906,5187.938,5246.538,5260.6807,5258.8975,5290.9995,5305.6655,5315.5947,5280.5234,5307.2534,5325.974,5355.81,5323.543
5774.645,5804.6694,5961.252,5833.3286,5711.551,5812.821,6039.128,5842.192,5855.506,5854.479,6026.5225,6005.778,6107.0786,6083.527
5325.8765,5360.3047,5289.107,5277.8154,5282.3706,5291.6416,5234.978,5253.456,5250.77,5275.61,5277.566,5264.7383,5278.8257,5300.7314
1711.0887,1707.0798,1699.9114,1697.9591,1664.2087,1670.5771,1681.1731,1678.1036,1669.7625,1686.9268,1686.446,1683.9708,1662.9949,1653.3544
1487.9434,1533.5457,1516.7189,1528.5791,1506.6827,1472.9543,1515.4954,1504.4297,1492.5874,1492.928,1497.5383,1488.5621,1437.9772,1456.8513
1422.8226,1460.5306,1445.7662,1453.3245,1434.7872,1403.4424,1442.1321,1430.611,1419.7438,1422.0701,1423.5144,1418.1687,1373.503,1387.0359
15665.228,15717.05,15636.762,15718.302,15779.825,15761.227,15675.611,15719.966,15704.821,15732.818,15723.395,15717.064,15825.467,15910.173
13928.213,14122.969,14261.508,14440.77,14761.764,14995.024,14775.037,14526.892,14584.332,14617.035,14594.707,14704.563,14726.868,14636.533
17960.092,17898.43,17816.072,17893.293,17968.879,17929.902,17835.973,17832.168,17814.607,17814.613,17797.762,17810.096,17884.158,17906.566
4796.895,4724.7266,4729.6226,4718.0347,4726.463,4738.64,4713.292,4724.0854,4746.4043,4762.6123,4760.032,4766.3403,4774.5547,4721.138
4703.264,4706.3267,4738.269,4738.814,4732.7476,4693.8022,4681.1475,4632.4907,4675.3687,4693.9644,4734.83,4718.5044,4737.1216,4733.4126
17364.914,17307.03,17226.436,17302.334,17369.732,17338.918,17247.668,17240.855,17222.154,17223.94,17214.197,17226.404,17294.098,17311.71
16642.834,16601.05,16531.762,16544.418,16577.93,16561.893,16532.28,16549.248,16558.87,16552.445,16519.857,16512.299,16565.092,16602.629
22748.816,22956.715,22923.725,23008.662,23098.242,23010.754,23034.164,22963.594,22748.479,22982.79,23059.1,23003.87,23129.268,23157.16
7405.174,7570.6953,7485.0415,7559.0264,7759.5,7411.093,7564.741,7458.0156,7302.5923,7411.2324,7400.2534,7102.3833,7118.6416,7471.3696
12470.414,12389.8955,12342.408,12337.318,12416.85,12469.119,12385.535,12335.135,12317.78,12353.635,12436.028,12422.236,12443.898,12428.55
1393.5214,1385.7721,1381.9557,1384.5039,1390.5015,1389.0889,1382.197,1377.1351,1374.5046,1375.3088,1376.1283,1373.8917,1375.8896,1371.9298
14929.746,14874.702,14744.905,14802.7295,14891.785,14856.148,14760.398,14775.703,14703.79,14715.411,14704.671,14716.893,14752.576,14797.546
14774.249,14944.209,14574.197,14613.161,14508.092,14485.537,14493.855,14361.1875,14347.532,14399.917,14451.36,14462.982,14470.593,14507.437
1998.6595,2037.612,2043.6866,2079.2725,2089.3596,2050.3267,2076.9016,2056.5051,2086.9019,2082.5767,2083.981,2095.4404,2059.565,2092.9753
13840.2705,14052.179,14032.813,14210.676,14402.8545,14589.903,14726.8545,14423.049,14125.578,14119.1455,14110.896,14124.033,14182.471,14470.814
20894.574,21110.41,20824.318,21045.646,21052.834,21368.438,21452.156,21060.705,21146.559,21573.42,21808.55,21647.602,21672.773,21732.86
3802.4429,3723.337,3532.4475,3699.1052,3679.3337,3737.6096,3740.0854,3781.6567,3756.5178,3535.3916,3467.0698,3687.677,3658.7268,3551.3555
13556.844,13673.317,13539.757,13626.319,13587.229,13680.271,13504.142,13491.912,13542.056,13585.892,13653.215,13602.436,13544.99,13617.396
15282.3,15258.023,15148.893,15090.04,15132.804,15145.539,15167.978,15225.776,15209.976,15158.065,15095.831,15068.338,15156.622,15181.873
6006.5986,6007.131,5950.171,5933.491,5996.568,5947.9443,5860.1016,5905.7046,5883.49,5905.904,5863.514,5842.7114,5884.201,5926.5195
12983.627,13008.433,12976.672,13013.472,13036.72,13025.674,12993.4795,13012.654,13012.45,13015.587,13009.54,13009.9375,13053.493,13093.228
14951.552,15113.245,14933.292,14946.515,14693.598,14780.439,14790.03,14786.416,14805.442,14832.167,14830.883,14847.396,14775.323,14879.5
14942.224,15064.243,14969.316,15073.938,15027.064,15168.991,15156.049,14944.14,14771.795,15042.35,15303.299,15058.588,15003.219,15187.138
12858.287,13040.013,12845.964,12939.694,12851.413,12949.597,12771.986,12681.203,12649.664,12688.582,12760.28,12864.424,12758.846,12817.731
17513.338,17592.074,17262.734,17177.053,17074.664,17064.357,16812.646,16700.879,16666.545,16982.56,16983.16,16504.04,16576.879,16871.857
15560.867,15779.043,15554.562,15699.381,15510.809,15563.36,15682.214,15807.698,15817.649,15853.828,15751.922,15665.643,15752.388,15916.048
19563.83,19884.656,19571.512,19699.516,19542.533,19800.742,20053.217,19977.941,20281.56,20269.457,20258.594,20097.87,20125.549,20263.863
6655.0244,6946.1934,6879.921,6987.007,7088.3657,6874.802,6645.874,6784.1216,6595.1772,6828.788,6829.0625,7028.212,6821.9707,6498.0396
16892.537,16899.793,16870.62,16765.541,16745.068,16769.854,16815.879,16821.436,16840.209,16850.396,16847.979,16776.887,16800.424,16835.875
11904.007,11812.08,11757.204,11776.412,11456.804,11434.786,11447.844,11686.491,11517.543,11482.893,11542.972,11723.418,11764.354,11572.754
15959.602,15957.295,15934.949,15869.3955,15875.987,15882.077,15887.829,15870.628,15884.67,15902.255,15909.142,15881.046,15888.949,15894.586
19466.06,19517.363,19371.785,19299.154,19182.441,19235.396,19326.338,19177.723,19163.299,19186.578,19207.01,19162.383,19176.955,19193.557
14602.378,14755.747,14451.812,14426.952,14338.463,14370.898,14438.238,14317.442,14295.728,14331.775,14362.34,14370.712,14371.316,14391.4795
12060.216,12198.692,12160.356,12212.388,12300.98,12410.87,12510.989,12142.716,12123.7705,12587.389,12675.201,12493.705,12358.678,12496.488
12965.831,13131.713,13068.184,13038.439,12978.15,13172.777,13364.772,13206.376,13407.859,13434.547,13521.597,13276.94,13265.132,13401.967
13561.818,13580.167,13511.6455,13449.833,13384.527,13470.073,13529.813,13421.431,13382.295,13409.063,13486.079,13480.492,13493.52,13547.676
4608.8823,4772.1416,4689.0386,4724.868,4654.4463,4719.7,4620.1104,4759.772,4791.6665,4746.4556,4780.807,4819.8594,4738.767,4779.3066
3830.4978,5800.9473,5823.533,2591.7043,6880.9863,6868.5654,6920.2046,5926.4,5552.431,4569.1963,4827.332,4767.0137,6127.3896,7425.7373
17214.273,17177.926,17103.89,17111.621,17050.648,17107.46,17054.45,16948.848,16774.316,16906.041,16977.197,17021.816,17078.848,17116.775
1721.9233,1730.0591,1714.1316,1709.5809,1693.233,1696.0398,1700.0237,1685.8727,1674.2933,1680.4329,1685.6935,1681.0792,1684.2147,1690.3018
3960.1238,4250.963,4449.583,3998.4297,4412.1294,4008.4983,3955.6934,3912.245,4614.726,4606.7764,4721.3037,4415.285,4612.032,4668.718
2329.7444,2332.4695,2316.1567,2319.8528,2310.182,2316.7654,2306.1248,2290.517,2261.7021,2284.616,2297.2305,2309.7576,2316.8044,2324.676
12068.455,12044.104,11988.454,12058.17,12011.205,11993.93,12131.55,12002.354,11656.0625,11783.92,11901.483,12028.106,11964.202,11927.748
2558.2163,2320.6157,2198.4082,2204.2842,1932.997,2231.7031,2116.0815,1857.7686,2078.8142,1962.8341,2004.6229,2003.1549,2530.366,2301.974
1416.5687,1407.0038,1385.6663,1369.258,1361.217,1398.9557,1420.454,1400.4567,1389.5382,1392.5348,1394.2423,1386.5162,1397.4689,1400.7499
374.0493,373.99716,370.12048,415.70886,447.04623,451.0618,418.7434,415.86243,399.26474,421.08884,433.14236,441.40524,433.54657,438.6972
1255.6501,1282.8323,1262.1777,1279.8643,1332.2332,1342.7518,1345.0148,1293.8219,1310.936,1336.503,1361.2908,1338.4553,1348.8077,1364.2458
1660.4473,1654.6827,1592.7257,1657.9807,1572.5653,1660.2344,1754.3055,1752.6344,1722.544,1676.0464,1540.8463,1681.4194,1691.2499,1685.3163
4084.6125,4097.793,4101.425,4119.686,4145.186,4211.4775,4170.7754,4180.179,4174.67,4157.5903,4134.589,4139.461,4136.8584,4169.885
10144.914,10275.504,10274.55,10356.721,10494.637,10714.328,10830.353,10713.295,10593.043,10488.192,10420.739,10539.743,10554.316,10661.189
1483.2955,1486.2648,1467.6735,1496.109,1480.2424,1487.6719,1464.2042,1495.8077,1478.3033,1481.0463,1461.8179,1475.2711,1469.0946,1461.3491
3985.322,3993.794,3877.4631,3908.0032,3950.0754,4122.4507,4027.7998,3873.153,3878.3513,3956.8127,3909.6865,4092.3157,4184.7876,4105.7803
1506.9592,1516.2382,1504.8309,1516.4404,1518.4453,1534.4445,1536.1804,1523.7733,1543.2941,1553.1943,1552.1516,1549.7704,1553.8748,1557.0717
14569.057,14848.998,14630.22,14768.246,14906.715,14901.385,15037.232,14733.112,14887.6455,15260.146,15131.349,14835.315,15266.763,15378.072
12128.086,12431.986,12333.604,12376.528,12389.131,12409.565,12394.436,12271.249,12193.546,12406.949,12519.508,12440.832,12466.838,12594.227
676.65497,682.5537,693.7984,693.8465,685.8729,690.87054,691.55786,694.79675,688.89606,690.9734,694.7866,694.1764,690.4193,685.0922
1387.2732,1373.1049,1378.1149,1373.034,1372.9281,1371.9095,1376.6383,1370.4135,1369.5851,1371.1097,1377.9288,1373.5134,1373.6285,1375.6735
9338.463,9316.5625,9233.669,9077.148,9082.015,9073.245,9136.983,9142.812,9197.234,9099.504,9094.461,9067.496,9149.087,9164.727
1468.6877,1461.3,1465.2654,1470.772,1478.5471,1463.638,1453.2433,1443.1592,1441.9215,1448.7942,1449.1807,1465.1207,1450.9032,1460.6365
1689.8698,1681.365,1685.9373,1692.2704,1701.2174,1684.0632,1672.1146,1660.5068,1659.0712,1666.9912,1667.4309,1685.772,1669.4199,1680.6187
3967.8372,3954.3896,3949.2947,3979.7024,3983.2705,3977.268,3965.5234,3919.9695,3848.7344,3886.9482,3894.067,3931.115,3935.655,3937.395
17743.426,17651.146,17659.29,17614.336,17644.184,17718.543,17724.986,17656.2,17620.893,17602.348,17665.432,17677.479,17697.146,17728.709
17002.129,17004.367,16812.04,16882.84,16835.803,17155.268,17176.61,16955.086,16650.379,16824.248,16821.652,16888.582,17146.066,17304.412
6220.9277,5110.954,4391.042,5088.2666,6287.713,7290.285,8723.162,2016.3057,5266.4326,4607.4424,7396.2207,6835.256,12822.948,14190.091
19158.959,19190.492,19086.547,18946.78,18902.332,18950.652,18997.436,19129.316,19130.566,19163.283,19001.844,18844.336,18992.0,19149.941
14767.972,14633.233,14641.695,14594.151,14601.553,14638.664,14634.713,14601.341,14593.54,14600.616,14659.617,14643.379,14658.584,14684.727
10671.35,10675.323,10513.924,10606.803,10516.739,10537.211,10469.666,10475.144,10416.901,10428.041,10386.349,10423.633,10406.383,10500.155
1503.17,1496.4343,1493.6476,1489.3964,1486.7926,1493.641,1487.9299,1486.3414,1487.2643,1490.7019,1492.3053,1492.4403,1498.4095,1501.5552
1139.1659,1137.1713,1129.7207,1120.9241,1110.5789,1119.2191,1119.0973,1117.3533,1120.1193,1116.7874,1110.5199,1112.2297,1116.9314,1120.5817
1112.9677,1108.3468,1103.0724,1105.5656,1104.5396,1104.1246,1088.2811,1084.1416,1085.3801,1088.2767,1087.938,1092.8754,1097.9542,1103.0454
11137.166,11086.047,11063.838,11029.6045,11008.761,11061.948,11017.002,11006.841,11017.727,11041.894,11050.019,11052.085,11098.692,11123.174
892.10077,896.6333,891.9287,885.3914,876.6837,885.6277,871.5948,885.39124,880.48645,890.8586,885.61975,886.81995,871.81476,848.54956
1567.4065,1606.2874,1599.778,1582.2805,1585.1929,1592.3776,1593.7614,1605.6278,1603.8599,1600.1084,1603.1376,1605.8573,1607.3268,1611.5848
1684.2352,1695.315,1686.1211,1688.4567,1693.3247,1700.5695,1714.9248,1697.6523,1682.9325,1696.0962,1701.9948,1696.8673,1705.7184,1712.436
4026.3572,4023.1797,4040.0989,3987.803,4023.091,4009.6018,4089.1016,4077.3767,4118.2715,4059.6975,4078.6814,4108.0264,4154.47,4069.4668
12848.0205,12769.3,12792.124,12668.1,12619.588,12660.73,12686.17,12662.337,12682.217,12672.493,12696.597,12652.815,12662.39,12710.724
17239.4,17141.584,17174.139,17012.588,16965.197,17018.766,17038.223,17003.38,17028.955,17021.316,17057.043,16996.426,17011.96,17074.416
15079.029,15317.674,15159.687,15003.479,14593.744,14741.191,14680.012,14888.687,14910.6455,14955.809,14855.88,14802.7295,14639.377,14989.93
3898.8652,3921.3213,3875.4197,3858.8945,3861.4153,3863.9988,3837.4983,3787.8044,3786.5576,3801.0098,3811.961,3814.2717,3820.3105,3820.89
12151.384,12226.91,12091.455,12066.927,12061.803,12090.803,11968.491,11819.633,11805.666,11860.781,11892.676,11918.211,11918.58,11934.952
3432.5532,3472.472,3467.698,3481.0469,3486.0981,3488.6604,3469.301,3493.4033,3508.7266,3483.4966,3466.5356,3481.2378,3475.8916,3454.2039
1865.6345,1882.2189,1859.4371,1870.0972,1866.6926,1883.4604,1891.742,1871.7463,1869.1824,1903.7793,1906.145,1890.7664,1899.6659,1912.8572
1923.7322,1926.0303,1920.7056,1922.1017,1919.8242,1921.1229,1928.4137,1898.8757,1871.7324,1895.3768,1896.2944,1900.8536,1902.8563,1907.6831
6788.3115,6785.4214,6843.4077,6891.3394,6895.2637,6908.9067,6926.774,6853.347,6855.508,6831.982,6819.0796,6797.2363,6866.052,6839.056
14974.883,14953.352,15008.085,14927.659,14939.791,15011.78,15076.307,14892.02,14888.845,14980.428,14992.905,14922.885,14993.025,15112.663
1780.2441,1800.0287,1771.7078,1770.8682,1757.5864,1775.4902,1770.3502,1744.4487,1738.1768,1756.4546,1745.6346,1742.4076,1752.7946,1766.7175
1738.2325,1737.6321,1745.3553,1735.1881,1734.6932,1744.3934,1746.2845,1723.4252,1728.3374,1742.465,1741.578,1730.1553,1741.8647,1756.7513
8340.187,8335.477,8261.418,8189.9194,8302.557,8345.752,8106.1855,8016.585,8146.519,8222.812,8180.0093,8051.4307,8022.3447,8060.8735
13368.177,13216.822,13136.804,13245.385,13261.036,13199.768,13015.382,12971.203,13039.981,13095.401,13119.913,13134.658,13128.066,12973.472
981.681,978.0379,978.7037,983.5406,984.9268,987.0044,986.81665,987.11304,983.76276,982.0589,979.7415,986.2243,981.7029,972.6174
1074.1453,1088.8203,1120.2827,1133.5121,1174.364,1184.1522,1252.3633,1246.3903,1288.8433,1214.6445,1241.3573,1288.853,1301.4183,1262.4814
1548.4899,1551.1086,1543.5358,1537.7554,1538.3517,1542.6194,1539.5704,1538.3079,1539.2386,1541.8885,1537.5059,1537.9,1540.0333,1546.9329
13044.098,13044.029,13078.224,13055.042,13007.897,13025.648,13030.27,13024.078,13039.236,13031.421,13020.5205,12995.149,13027.817,13044.8545
13927.957,13963.629,14135.374,14153.349,14069.021,14180.495,14261.963,14163.728,14204.635,14197.479,14248.261,14202.733,14218.861,14230.754
1702.7792,1696.0885,1674.9158,1674.8423,1677.1884,1695.1,1670.6691,1715.771,1705.841,1697.1195,1670.6696,1676.9758,1664.5643,1661.7365
11212.867,11266.915,11341.511,11360.727,11321.449,11337.365,11320.623,11256.747,11264.146,11298.98,11352.357,11334.565,11352.373,11364.072
2385.062,2397.2568,2433.2458,2333.0532,2374.5112,2315.3599,2387.4043,2399.9487,2691.0457,2521.44,2487.9878,2274.6145,2459.457,2356.403
10811.941,10863.993,10935.875,10954.403,10916.544,10931.862,10915.741,10854.185,10861.276,10894.866,10946.319,10929.166,10946.329,10957.63
1746.3186,1750.6943,1771.6517,1774.1194,1764.0762,1776.4347,1786.1708,1774.6622,1779.7814,1778.3655,1785.2834,1779.8501,1781.805,1783.4353
2421.5925,2429.5483,2434.6643,2414.1868,2397.7795,2416.0164,2423.3345,2428.518,2422.5408,2428.5405,2435.6055,2434.7156,2423.8025,2417.4402
1539.8125,1543.6694,1562.1456,1564.3245,1555.4696,1566.3628,1574.9564,1564.8022,1569.3197,1568.0712,1574.1716,1569.38,1571.1044,1572.5397
1627.5442,1625.5656,1632.396,1636.872,1631.9581,1632.3977,1626.7676,1622.3351,1623.4478,1626.2992,1627.6781,1626.9613,1628.2213,1628.3506
2582.5432,2573.161,2558.65,2562.7239,2557.3145,2552.496,2551.391,2574.068,2577.815,2563.4963,2556.605,2575.2737,2591.603,2578.0547
1722.5067,1840.9191,1801.1053,1653.012,1662.773,1765.8569,1964.5623,1902.6875,1915.6606,1926.3726,1981.0201,1748.4159,1769.9205,2010.9355
3935.699,3964.756,3925.7554,3962.9358,3943.843,3955.1428,3891.485,3850.2874,3744.0205,3822.5425,3835.3625,3864.637,3865.122,3860.5066
2118.5483,2114.1802,2104.402,2106.618,2104.9253,2102.9094,2084.3887,2067.4905,2056.739,2075.8342,2087.5825,2102.6235,2103.741,2106.783
17028.36,17038.295,17120.174,17139.852,17162.07,17304.87,17497.664,17316.457,17195.102,17126.215,17299.611,17372.37,17421.285,17441.176
15660.09,15635.572,15626.291,15620.617,15630.914,15662.9,15650.234,15642.32,15622.005,15631.67,15640.691,15658.896,15694.9375,15675.492
4215.5425,4297.6133,4261.683,4270.9185,4348.715,4326.6357,4340.9224,4302.54,4381.7495,4392.7085,4436.923,4342.335,4369.11,4425.864
6018.1084,6007.3203,6020.041,6045.9946,6012.1743,6033.6743,5991.666,5973.5063,5995.803,6018.4204,6017.7495,6023.9873,6014.7534,6000.6743
19930.441,20114.066,19990.707,20196.39,20374.814,20213.357,20045.762,19979.945,20374.678,20560.238,20434.506,20324.967,20535.414,20474.004
1902.8025,1896.1715,1896.4457,1899.0399,1900.6506,1906.8236,1904.8092,1898.3151,1890.3754,1887.4858,1888.3077,1895.7192,1894.8726,1894.55
1375.1876,1370.5557,1371.016,1373.5859,1374.0505,1378.8154,1376.3284,1370.9816,1362.3926,1361.7943,1361.9777,1368.4838,1366.9287,1367.4431
1190.2654,1208.3894,1197.4934,1221.9126,1213.5074,1229.0002,1221.2869,1207.6328,1209.1334,1215.3861,1218.3507,1211.8849,1216.0848,1213.5485
5880.0957,5942.786,5931.874,5872.8696,5865.69,5844.2607,5870.378,5887.8164,5927.753,5951.849,5946.912,5883.238,5875.5977,5890.086
13550.852,13661.074,13340.316,13565.873,13444.449,13521.686,13515.285,13538.876,13365.441,13477.061,13296.572,13386.227,13342.206,13803.285
14123.435,14094.788,13955.491,14085.21,14070.795,14110.408,13860.539,13791.622,13707.679,13787.329,13757.371,13798.846,13891.636,14025.023
569.11975,623.724,630.6947,631.9785,644.9127,609.8158,556.9447,597.02026,620.2599,621.10645,606.77374,609.5043,600.06635,598.6636
947.6147,957.9123,964.2928,961.7345,958.48926,954.65607,957.8594,958.0057,961.8811,965.57697,964.45996,958.4439,960.98914,955.73016
16690.234,16621.291,16625.404,16615.291,16615.508,16630.094,16630.613,16575.197,16532.28,16567.195,16618.879,16628.451,16664.68,16636.621
3800.8325,3802.9385,3807.987,3801.3635,3805.4824,3810.535,3812.311,3806.0933,3804.698,3810.2415,3819.1003,3820.003,3828.473,3826.3362
8843.717,8887.56,8852.353,8819.249,8875.3545,8800.883,8867.069,8867.142,8860.55,8843.034,8858.665,8852.408,8834.275,8851.006
16465.992,16449.613,16341.087,16227.608,16220.495,16245.394,16297.785,16237.292,16230.6045,16216.756,16247.936,16227.369,16319.869,16339.814
2289.1172,2286.4153,2289.6978,2290.704,2268.446,2295.3909,2261.2905,2246.9836,2235.806,2255.8867,2269.769,2255.4958,2261.7654,2255.6338
11182.994,11300.453,11288.258,11219.592,11392.932,11343.069,11078.661,11127.235,11277.46,11281.047,11436.378,11245.756,11296.721,11361.211
12616.087,12562.662,12560.792,12526.831,12532.42,12561.528,12538.238,12526.237,12529.222,12518.339,12516.34,12511.83,12529.129,12587.408
8561.026,8964.527,8857.688,8995.26,8894.334,8993.979,8736.15,9007.973,8923.583,8981.653,8563.365,9077.564,8799.6045,8871.303
6185.613,6192.2207,6200.5537,6178.398,6179.5776,6229.7964,6248.8325,6211.015,6184.121,6173.902,6196.716,6177.2837,6207.541,6267.86
772.56146,772.1639,780.51654,771.9657,755.83777,756.96985,761.23254,759.1391,763.34296,770.65247,767.71063,758.95416,753.55884,750.279
863.9823,884.2034,888.95874,890.7113,882.48804,891.1604,892.94006,889.6367,867.21576,871.595,869.1614,876.0667,877.3932,890.1838
2541.8481,2552.3428,2495.9373,2510.058,2478.3462,2480.4546,2465.9932,2490.2314,2512.0933,2524.6084,2446.272,2455.9844,2460.8962,2514.0586
2264.9612,2255.3774,2261.5474,2258.9548,2252.8623,2262.6157,2255.06,2251.5596,2250.0652,2255.4124,2256.974,2249.8357,2254.8699,2264.842
875.78656,870.234,866.43774,865.3322,869.1736,863.12244,855.7069,865.09247,871.5468,870.8745,866.1895,863.97504,866.437,867.43024
1221.389,1195.2341,1201.1119,1225.856,1220.0281,1206.3136,1182.9021,1171.0566,1172.4379,1189.2253,1207.5702,1210.6891,1199.8706,1191.1881
1097.7556,1094.4788,1107.2703,1099.7539,1107.09,1100.197,1105.3777,1102.3156,1104.2244,1099.9646,1102.721,1090.3303,1098.1661,1100.2029
1746.6038,1738.7028,1732.6965,1736.2877,1737.282,1734.942,1715.099,1711.693,1714.1174,1717.3445,1714.9535,1716.0629,1723.11,1729.0728
1737.495,1733.505,1725.0684,1725.6903,1710.2885,1724.1277,1715.4949,1707.4772,1692.0182,1721.2942,1720.585,1717.135,1730.1863,1738.1261
6426.3403,6401.6997,6404.9326,6396.8296,6384.2803,6394.7275,6372.364,6361.4927,6367.219,6392.8926,6407.797,6392.6357,6418.015,6415.931
5762.872,5735.4673,5635.757,5674.1084,5612.6147,5697.768,5641.054,5695.3594,5633.9087,5713.0425,5702.1807,5704.2954,5703.0483,5702.9033
5058.8955,5041.8604,5073.863,5098.7104,5089.368,5084.674,5085.192,5075.806,5018.8726,5033.6494,5064.289,5058.655,4985.0205,4978.752
7542.916,7506.68,7516.0205,7479.486,7527.538,7465.2715,7406.351,7470.563,7486.085,7456.2993,7477.9854,7489.1816,7492.332,7427.1943
1813.1439,1825.8107,1798.9893,1808.0076,1795.4026,1793.514,1780.5511,1766.5457,1771.9697,1781.9463,1780.8711,1770.9855,1774.5676,1780.6543
10026.591,10036.353,9973.897,10018.35,10031.633,10045.282,10001.354,10021.8125,9991.03,9993.114,9975.521,10011.277,10013.116,10013.892
15450.268,15713.122,15470.09,15475.628,15466.725,15543.908,15726.259,15736.752,15892.378,15784.652,15780.759,15664.744,15887.265,15894.044
16524.76,16590.756,16502.885,16638.438,16737.035,16699.129,16579.625,16521.31,16691.959,16716.34,16703.865,16660.145,16765.098,16669.88
16619.176,16549.611,16501.357,16526.963,16544.154,16541.217,16485.912,16384.209,16314.663,16394.965,16502.709,16554.49,16587.8,16560.178
1415.2379,1408.3022,1405.0714,1406.0072,1409.3138,1416.4211,1418.5264,1417.8026,1407.5365,1421.4473,1432.8861,1433.9626,1438.8251,1425.5629
12122.381,12206.385,12262.661,12341.168,12398.716,12305.155,12288.193,12135.045,12014.1045,12301.407,12498.91,12392.364,12308.256,12328.363
6136.6304,6164.815,6146.2554,6174.638,6180.5938,6189.5693,6189.7363,6159.0957,6137.2085,6172.382,6181.3853,6174.6333,6178.9697,6198.3066
1603.0325,1602.543,1599.961,1607.6768,1609.8815,1607.2435,1591.0188,1574.6154,1563.762,1577.4423,1581.6565,1594.5588,1594.7906,1600.2924
14832.419,14888.017,14915.99,15021.659,15045.217,14941.465,14898.259,14705.33,14484.318,14827.465,15029.365,14952.206,14886.898,14898.915
2650.9973,2627.3547,2633.9246,2640.8523,2680.3428,2644.2769,2671.2578,2666.124,2674.9524,2650.6936,2649.2166,2647.497,2661.495,2653.4177
893.41705,896.3889,888.75726,887.95355,885.7928,889.62787,883.109,880.2817,884.3419,886.1387,885.50354,884.5477,887.1729,894.21313
10464.007,10404.361,10410.068,10345.518,10330.499,10343.092,10361.615,10335.903,10335.81,10347.954,10363.142,10340.461,10361.51,10359.189
14440.736,14343.34,14401.722,14182.853,14151.673,14189.0,14272.459,14232.052,14244.911,14238.024,14315.946,14238.12,14257.826,14304.266
14848.609,15050.254,15028.115,15116.536,14833.308,14731.525,14584.917,14772.141,14862.212,14951.164,14876.54,14912.679,14931.585,14945.246
17191.318,17324.6,17162.512,17281.99,17243.398,17438.105,17371.686,17137.307,16984.727,17347.955,17439.021,17235.736,17368.623,17629.309
12410.931,12481.875,12367.847,12434.499,12429.447,12490.328,12377.721,12403.889,12497.708,12537.695,12624.225,12585.469,12467.567,12606.373
1528.9067,1540.4963,1525.6172,1536.398,1532.3374,1549.9613,1542.7979,1523.422,1510.2328,1541.5151,1548.2765,1531.5441,1540.4531,1566.9579
13270.908,13190.895,13212.81,13097.347,13117.674,13176.561,13163.761,13069.843,13123.894,13087.221,13103.533,13101.036,13120.488,13223.921
7233.2373,7273.3345,7274.526,7196.327,7174.758,7211.148,7149.263,7188.815,7237.067,7261.785,7221.6533,7176.0728,7194.2847,7203.997
8855.556,9028.88,8886.395,8994.581,9056.864,9024.043,9014.91,8854.531,8831.443,9186.942,9156.093,8790.578,9070.654,9319.647
1607.5347,1599.3417,1594.0527,1593.5643,1592.8584,1593.9222,1571.2562,1564.1458,1569.83,1573.107,1570.7146,1574.6473,1580.2,1587.7133
15018.738,15274.606,15089.96,15137.134,15116.162,15181.203,15319.873,15305.735,15499.475,15429.4795,15252.041,15139.028,15426.131,15491.601
710.7934,724.6535,720.5801,705.55615,694.81635,709.0863,712.5716,721.6386,708.21234,719.4192,715.5717,701.3491,693.4422,699.6537
1106.6582,1101.6285,1100.9998,1098.288,1098.9785,1100.5668,1099.1821,1098.7288,1099.438,1098.5403,1098.0153,1096.9636,1097.8873,1102.9061
8167.3164,8190.939,8107.737,8197.689,8202.567,8150.0483,7913.1143,7931.3564,7947.9165,8007.5396,7896.632,7895.4346,7915.926,8044.513
1542.2635,1556.954,1521.7677,1543.9465,1538.7441,1564.3495,1523.6764,1537.4432,1543.6936,1555.6202,1509.7678,1504.709,1519.796,1587.5353
3512.3618,3522.4326,3502.4604,3511.2888,3486.3528,3463.2827,3444.8193,3485.995,3450.0225,3484.1602,3483.8137,3475.3723,3458.602,3463.431
2407.5664,2450.3794,2451.9807,2441.8406,2446.5474,2468.8044,2471.819,2450.9167,2429.4453,2456.4285,2453.448,2420.8223,2417.3594,2420.2737
12013.651,12145.782,12174.61,12243.592,12239.089,12260.667,12198.754,11958.862,11703.382,11863.503,12319.418,12033.2295,11945.515,11983.606
11042.356,11163.594,11189.075,11252.744,11247.634,11267.059,11210.288,10989.333,10756.238,10903.111,11319.215,11057.106,10977.268,11011.885
11603.667,11642.838,11709.203,11910.957,11908.552,11750.116,11607.405,11592.189,11383.386,11580.937,11987.089,12011.682,11824.336,11660.114
4831.921,4909.848,4895.0005,4935.7334,5032.2295,5067.7686,5056.0684,5039.4707,5071.6113,5013.6074,4966.486,5006.8896,5081.741,5081.2256
14687.903,14847.263,14879.986,14965.77,14961.409,14980.389,14904.576,14611.734,14306.084,14502.669,15055.6,14705.895,14602.411,14649.912
12662.621,12690.311,12796.491,13056.201,12773.879,12906.582,13002.709,12888.408,12661.083,13018.326,13327.047,13457.433,13496.212,13630.551
1043.4594,1041.1829,1029.2563,1013.36005,996.74744,1015.8677,1023.46265,1028.9128,1030.3766,1023.1,1012.0808,1010.5848,1028.1289,1032.323
492.77127,501.5805,494.5708,506.54932,509.3519,507.97122,510.5894,505.813,507.18304,505.4502,476.1866,501.45413,498.3137,514.4023
11554.599,11594.864,11595.54,11635.586,11691.648,11701.448,11691.043,11679.625,11675.431,11683.825,11722.478,11750.328,11845.162,11800.26
2327.0408,2324.9878,2314.7144,2459.746,2539.1682,2501.827,2279.5808,2316.7231,2366.0483,2411.0688,2529.7825,2553.4648,2591.8457,2590.1729
5991.488,5963.4194,5925.087,5928.9756,5918.7236,5927.6035,5890.0474,5899.552,5913.923,5924.5215,5926.72,5928.0493,5948.195,5975.9897
7327.9883,7388.445,7379.449,7392.468,7387.401,7395.1104,7398.293,7389.1797,7366.6187,7313.689,7314.7397,7308.622,7378.3936,7410.219
2505.9954,2462.157,2444.666,2490.013,2520.6228,2496.5046,2509.6055,2491.0476,2471.5635,2453.4534,2453.2273,2445.2341,2455.3552,2455.6545
16347.591,16278.203,16233.287,16268.049,16311.883,16288.096,16237.915,16250.016,16178.438,16209.403,16251.684,16285.1875,16323.206,16274.238
15689.443,15633.322,15575.655,15567.04,15590.818,15591.6455,15557.317,15591.096,15581.023,15582.881,15579.297,15585.127,15632.819,15613.44
1920.06,1935.1304,1951.5659,1939.0654,1911.9658,1901.1539,1894.183,1909.0968,1921.9055,1946.7465,1933.4485,1919.2434,1906.5598,1921.6738
15155.895,14987.732,15149.285,15023.304,15072.716,15029.986,15126.895,15043.646,15077.822,15092.253,15203.168,15160.205,15121.85,15143.76
2721.6208,2744.2795,2746.6775,2754.2654,2734.1006,2751.185,2729.235,2714.921,2708.8257,2748.5674,2757.431,2760.6626,2754.7095,2761.4053
12189.355,12269.115,12186.137,12292.302,12479.405,12428.973,12281.799,12372.396,12593.268,12526.658,12413.728,12524.23,12502.535,12116.23
1268.4648,1260.1354,1251.5682,1263.5018,1258.5397,1268.937,1265.104,1268.2334,1264.1868,1251.5319,1235.6178,1248.7491,1250.1212,1244.5315
10965.356,11063.368,10880.891,10906.755,10684.968,10676.042,10316.476,10320.084,10052.615,10528.736,10484.366,10110.67,10207.914,10329.361
14934.379,14962.346,14649.925,14793.073,14778.536,14677.725,14324.806,14364.569,14542.219,14532.968,14624.116,14635.874,14717.764,14724.86
2163.8232,2173.8203,2159.3823,2238.9678,2239.0066,2244.149,2284.183,2246.039,2267.8035,2229.587,2264.5632,2289.0156,2263.484,2210.0876
16318.142,16292.743,16247.933,16273.462,16270.829,16248.598,16232.646,16235.442,16233.1455,16280.04,16279.583,16236.68,16333.643,16403.303
2293.509,2292.223,2296.141,2284.0198,2290.7979,2309.8918,2337.2046,2334.2583,2329.3674,2312.754,2316.5288,2332.5999,2337.0247,2328.8296
6460.3228,6371.636,6368.4966,6441.377,6463.286,6371.824,6292.8403,6335.404,6396.743,6415.6836,6415.9976,6440.6406,6410.632,6352.425
8304.404,8211.549,8159.261,8036.107,8226.417,8353.2295,8442.95,7939.3135,8183.555,8046.2334,8086.912,8060.142,8359.61,8507.774
20156.021,19880.188,19623.102,19377.766,19788.57,20242.668,20522.902,19311.143,19940.615,19416.725,19549.355,19619.465,20393.215,20673.32
10457.161,10450.337,10458.271,10472.944,10436.351,10413.697,10457.06,10469.111,10444.707,10485.902,10536.846,10513.603,10479.568,10513.571
14395.162,14331.789,14280.495,14252.304,14422.692,14382.747,14494.86,14370.322,14406.238,14311.933,14449.148,14290.83,14536.149,14628.777
12680.668,12745.959,12701.821,12699.138,12767.001,12706.099,12733.774,12736.824,12738.093,12735.815,12729.412,12648.805,12733.185,12788.366
14879.381,14985.78,14890.224,14770.8125,14950.559,14801.036,14883.44,15046.562,15135.094,15053.836,14956.603,14714.201,14945.873,15109.473
1607.7927,1609.3845,1601.1157,1593.4146,1582.2458,1584.0459,1552.3423,1563.9672,1545.0707,1572.59,1567.2272,1549.1996,1560.6232,1573.8091
14891.683,14987.048,14930.7295,14937.112,15040.852,14935.515,14885.846,14901.484,15010.513,14976.847,14969.639,14801.007,14957.5205,15051.846
16365.852,16248.136,16271.309,16115.665,16560.803,16191.283,16282.198,16292.086,16636.28,16351.328,16546.234,15839.376,16298.711,16730.547
13397.097,13408.243,13374.0625,13350.549,13382.805,13376.457,13407.232,13431.836,13415.493,13405.597,13417.537,13414.773,13451.752,13493.952
5876.754,5825.6714,5862.0786,5866.327,5939.6206,5941.996,5988.0654,5934.8486,5898.003,5898.4185,5924.782,5927.7637,5958.2046,5945.954
4043.6218,4070.946,4063.1982,4071.5068,4088.4717,4078.8093,4069.1697,4067.616,4056.2454,4079.589,4091.846,4089.2056,4094.6304,4118.193
14834.239,14781.028,14600.072,14467.245,14448.748,14567.679,14580.256,14843.139,14276.878,14574.695,14499.366,14458.263,14685.538,14797.413
11829.49,11755.319,11727.43,11737.014,11739.426,11854.896,11849.265,11851.253,11704.244,11786.814,11829.563,11864.908,12003.717,12002.761
17180.186,17167.576,17142.367,17134.361,17178.244,17187.404,17128.836,17146.693,17103.82,17188.002,17196.574,17191.266,17257.79,17285.215
10394.764,10438.459,10411.099,10502.884,10509.831,10564.496,10545.573,10538.652,10436.957,10503.051,10645.954,10693.862,10750.769,10759.967
15429.425,15398.109,15383.919,15326.777,15350.508,15387.605,15402.418,15393.364,15404.267,15374.486,15361.042,15365.179,15417.958,15432.489
15146.812,15088.842,14950.89,14838.491,14851.972,15027.278,15030.321,14915.306,14882.454,14910.86,14888.872,14889.448,15047.94,15137.19
14144.367,14096.2295,13900.632,13792.799,13825.673,13900.299,13824.891,13790.754,13777.34,13924.099,13908.752,13861.5625,13970.453,13960.787
11854.827,11786.257,11842.655,11724.113,11698.309,11813.466,11763.235,11789.517,11781.69,11852.581,11866.07,11816.093,11908.998,11918.64
11527.309,11704.702,11511.701,11455.257,11361.428,11343.062,11070.872,11142.579,11050.156,11369.886,11341.635,11104.841,11218.953,11364.591
13129.692,13184.731,13173.959,13101.776,13089.998,13088.23,13128.84,13196.849,13195.497,13189.694,13187.604,13177.1,13202.807,13211.652
13556.682,13583.415,13570.53,13517.691,13517.11,13514.375,13544.32,13593.704,13590.635,13583.287,13581.622,13578.063,13603.27,13601.471
12042.254,12021.954,12062.018,11943.51,11997.092,11990.67,12077.221,12123.33,12122.518,12041.0205,12280.939,12130.615,12255.987,12298.278
2081.5098,2078.1426,2081.2131,2098.47,2095.6772,2115.0586,2098.9192,2095.89,2085.3308,2105.4673,2105.8743,2106.5007,2113.2524,2105.8728
10080.246,10124.562,10197.8125,10202.281,10282.032,10287.142,10291.281,10259.459,10255.57,10318.941,10367.48,10379.256,10379.392,10363.806
10252.686,10296.112,10370.949,10374.43,10455.144,10460.704,10465.446,10432.448,10428.435,10492.35,10542.056,10553.209,10553.412,10537.806
1212.6517,1208.3649,1214.8309,1218.6569,1226.5822,1223.1456,1220.1858,1215.5052,1215.2948,1219.7113,1222.0344,1222.4645,1226.6454,1220.763
1173.4059,1170.6853,1172.6567,1167.9337,1175.5182,1175.9895,1175.8003,1174.6578,1175.487,1177.2332,1176.0397,1173.4131,1179.7319,1177.3339
13580.804,13599.976,13612.677,13646.965,13667.435,13660.157,13624.875,13607.129,13584.263,13628.575,13676.767,13682.765,13713.887,13714.298
13392.789,13411.295,13424.202,13456.991,13475.082,13471.025,13435.238,13418.344,13395.76,13439.67,13484.546,13489.986,13524.721,13525.404
11390.732,11354.734,11345.306,11350.656,11360.615,11346.242,11337.295,11339.833,11344.147,11344.531,11335.667,11327.875,11363.423,11372.674
15322.213,15227.347,15091.743,15281.904,15191.451,15280.068,15138.054,15122.112,14981.613,15198.34,15195.566,15125.043,15262.535,15375.428
14249.925,14187.887,14182.695,14240.468,14285.616,14242.444,14178.4795,14162.488,14137.699,14155.243,14174.974,14197.074,14248.008,14246.6875
1651.9067,1651.8217,1613.4412,1625.9849,1629.3525,1609.0029,1567.553,1575.7528,1600.1217,1598.6907,1611.8853,1614.4065,1625.5886,1624.4509
635.1579,636.52625,631.1715,621.2704,612.4319,619.49884,618.34753,604.5771,614.21735,614.90533,625.402,605.7738,628.6785,637.2967
722.24567,722.46313,716.5138,705.4517,704.0567,710.4836,718.2382,700.6909,728.2998,718.31274,710.99414,692.07715,721.73987,728.1025
1436.8044,1494.1139,1510.027,1448.7805,1462.8815,1545.9166,1569.6471,1512.0349,1541.3174,1568.4473,1601.1375,1581.065,1587.1311,1604.7257
7520.423,7562.187,7705.0503,7898.106,8052.8867,8005.0737,8078.113,7995.2974,8004.478,7985.3096,7983.9897,7954.8564,7989.331,8002.661
977.4863,943.96936,939.8644,942.61536,984.30176,959.47565,989.9712,911.3353,927.9839,955.76917,967.9862,953.5288,1031.3324,981.8841
1189.3291,1159.3055,1161.959,1154.3961,1228.6392,1195.1525,1223.7981,1168.3177,1215.5765,1230.5415,1239.604,1173.3214,1274.0209,1229.3477
1200.0942,1169.7965,1172.4696,1164.8448,1239.7612,1205.973,1234.8826,1178.893,1226.5913,1241.6766,1250.7899,1183.9174,1285.5298,1240.4642
16692.977,16581.34,16554.432,16545.51,16826.959,16625.271,16530.426,16448.984,16513.504,16492.13,16693.158,16516.707,16875.172,17047.102
13592.242,13495.5,13476.308,13462.707,13688.55,13515.523,13442.577,13386.365,13439.307,13414.946,13570.291,13437.063,13744.8125,13883.6875
1268.6978,1268.4854,1266.634,1262.801,1277.8903,1287.8823,1286.0806,1281.6105,1273.6775,1273.7257,1267.119,1265.9,1288.5253,1282.8138
915.1769,917.12103,919.23773,920.9246,934.97504,955.48096,948.4165,944.0097,944.8803,934.05,934.51465,928.4546,955.97406,949.9274
1221.9113,1221.3898,1222.1285,1215.0913,1229.8939,1241.4756,1241.1404,1234.8406,1228.2488,1226.7314,1222.1046,1218.3354,1242.8317,1238.0989
12472.445,12555.017,12565.302,12504.918,12681.086,12760.305,12799.518,12780.272,12776.233,12677.289,12618.222,12602.495,12724.956,12708.443
1059.216,1064.92,1065.7726,1071.1898,1089.1853,1089.2432,1088.1614,1083.1871,1082.2457,1074.6423,1072.1862,1073.8584,1084.4031,1080.6124
11187.264,11035.4795,11032.943,11049.931,11125.737,11267.543,11617.036,11106.023,11159.892,11275.67,11278.212,11037.957,11404.438,11494.55
12578.859,12428.2295,12430.545,12463.635,12552.746,12765.878,13069.542,12518.749,12603.706,12717.1455,12717.632,12482.371,12850.744,12954.635
12559.489,12475.268,12570.665,12527.988,13039.128,12912.391,13320.354,12877.548,13162.063,13124.88,13363.774,12797.058,13244.239,13175.861
11055.069,11019.003,11001.538,10930.552,11038.857,11141.789,11452.411,11126.906,11316.186,11292.46,11129.263,10853.99,11345.089,11308.956
13134.43,12998.945,13077.747,13089.713,13458.961,13345.939,13567.167,13420.954,13524.791,13562.534,13562.449,13418.711,13703.361,13635.62
7543.703,7541.8247,7562.5195,7583.0586,7637.5977,7764.228,7796.354,7610.5825,7596.799,7590.8774,7688.8423,7674.607,7867.586,7891.6323
8157.0405,8121.4824,8121.787,8156.2773,8311.091,8290.362,8514.021,8299.285,8402.71,8297.674,8392.792,8239.556,8482.492,8495.256
7260.472,7248.5737,7293.99,7266.13,7315.439,7378.8643,7491.785,7349.241,7460.1562,7471.1133,7460.847,7340.4336,7451.834,7503.569
7905.6265,7914.301,7930.444,7924.415,8172.9614,8164.7026,8292.566,8061.1455,8135.8306,8138.696,8214.339,8108.9375,8296.996,8327.485
7059.2515,6976.8516,7073.0557,7142.671,7380.332,7374.0894,7379.8955,7292.774,7312.0117,7315.8916,7357.8213,7316.902,7396.1865,7405.4937
7800.7783,7746.7393,7818.4233,7860.557,7947.6924,8009.4106,8049.9717,7933.359,7996.1025,8015.904,8019.333,7957.9824,8026.802,8038.0693
7663.6914,7646.355,7714.5386,7643.5747,7852.8013,7797.4634,8046.5303,7835.78,7973.444,7899.8003,8025.1665,7852.2393,8032.08,8087.1655
10594.876,10645.007,10656.314,10637.496,10654.459,10701.134,10688.811,10679.559,10674.566,10655.443,10610.48,10644.847,10693.546,10698.06
10292.712,10438.551,10475.191,10419.949,10423.549,10523.404,10522.319,10535.393,10541.74,10503.143,10423.377,10457.501,10509.437,10521.494
9682.61,9740.913,9888.742,9855.861,9936.036,10269.609,10261.168,10297.352,10309.068,10278.952,10263.757,10283.431,10339.369,10371.923
12909.579,12796.504,12809.719,12637.447,12974.317,13087.665,13464.815,12932.342,13187.806,12964.215,13163.07,12871.73,13330.794,13382.742
9190.057,9207.237,9206.829,9250.089,9350.247,9367.8125,9374.336,9315.612,9277.65,9301.227,9383.379,9451.07,9540.616,9477.426
11274.829,11246.867,11208.107,11196.174,11272.815,11282.849,11321.1455,11324.763,11325.582,11297.366,11288.005,11297.073,11369.831,11344.952
1436.3552,1415.1653,1406.8081,1417.3208,1419.6299,1406.9812,1378.8953,1383.7772,1388.4448,1400.1758,1408.9565,1414.6426,1423.2108,1410.253
1667.3679,1667.6687,1628.1234,1642.1503,1644.8907,1624.2572,1581.9491,1589.7502,1614.803,1613.7072,1626.9597,1629.6023,1640.4642,1639.6542
15442.575,15505.539,15483.084,15584.6875,15681.232,15531.645,15492.473,15386.451,15421.695,15503.509,15569.426,15522.804,15637.901,15644.615
12500.587,12486.456,12506.62,12491.72,12608.268,12877.23,12941.524,12684.11,12662.451,12740.496,12760.475,12527.016,12771.717,12945.849
10841.982,10811.3545,10814.436,10806.508,10921.285,11157.086,11244.732,10973.558,10977.079,11024.069,11025.151,10839.234,11112.248,11288.292
11651.845,11625.468,11634.827,11619.89,11747.085,11987.683,12080.804,11859.176,11863.504,11894.073,11908.931,11682.24,11959.557,12106.589
11281.229,11247.02,11237.411,11185.565,11372.752,11537.915,11605.694,11055.009,11048.194,11207.262,11353.282,11145.827,11392.953,11639.997
1146.0248,1133.3823,1134.7086,1118.3761,1158.5542,1126.3967,1158.9817,1096.3218,1131.6205,1129.5359,1161.6289,1105.7532,1158.1938,1185.4736
12987.864,12914.982,12762.841,12709.451,12738.221,13022.469,13398.732,12819.368,13080.688,12896.643,12804.0205,12740.9375,13156.1875,13222.848
1655.9418,1657.0106,1661.4834,1656.0562,1679.6179,1687.3394,1720.3271,1688.3322,1697.4352,1682.763,1684.9008,1666.37,1709.0529,1717.7463
1542.7588,1544.6821,1567.4615,1559.1691,1580.6445,1589.4797,1597.863,1549.5391,1544.6198,1548.369,1553.1617,1539.5935,1581.7385,1596.8312
14915.016,14844.205,15076.664,15130.074,15231.849,15264.299,15292.618,15025.449,15012.338,15060.642,15048.7,14948.801,15231.082,15299.178
1484.093,1490.8542,1502.1595,1511.6459,1537.6467,1536.6177,1545.6508,1514.0247,1521.6667,1520.6012,1523.5248,1508.2478,1537.1265,1541.7797
713.43207,721.902,727.5017,719.9064,730.017,741.0304,751.35974,749.37836,752.722,751.37805,754.24255,753.5981,753.0976,743.476
651.005,660.7263,663.2748,666.17487,664.2656,688.3009,689.92975,687.2502,683.3945,691.8911,711.982,712.2625,711.80115,697.9357
714.7045,723.25934,733.0978,723.1654,728.0731,744.9725,766.8194,761.85065,765.9222,755.23914,767.8283,765.2752,763.84625,754.5443
12058.022,12014.188,12048.172,11965.176,12214.476,12417.8955,12406.985,11807.506,11777.573,12022.275,12198.249,11987.8955,12189.346,12464.858
12702.27,12536.285,12536.109,12609.864,12983.411,12970.464,13134.167,12812.054,12859.768,12823.921,12880.162,12834.6,13151.601,13185.315
12289.063,12204.825,12134.682,12072.478,12243.538,12488.477,12551.33,12280.853,12365.374,12265.737,12297.461,12211.537,12590.794,12721.921
13653.938,13574.314,13501.061,13450.032,13606.097,13915.875,13940.491,13632.779,13695.583,13631.222,13661.727,13568.1045,13957.909,14103.516
1173.2065,1180.6932,1187.2015,1166.3234,1171.227,1210.6587,1216.2336,1183.646,1178.6807,1181.0857,1190.1493,1165.0391,1192.9287,1219.0874
12596.17,12544.994,12386.642,12290.158,12247.094,12385.947,12416.577,12653.329,12129.206,12373.327,12315.503,12282.646,12476.254,12555.333
12124.747,12079.65,11924.624,11817.169,11795.603,11928.742,11968.746,12191.198,11688.121,11909.412,11860.395,11826.931,12025.87,12094.065
13533.226,13520.954,13450.307,13429.552,13387.562,13430.177,13465.606,13631.239,13497.498,13479.34,13421.829,13433.167,13472.315,13527.214
15918.117,15870.545,15841.597,15868.332,15875.518,15945.024,15847.457,15851.435,15768.56,15917.017,15939.219,15931.854,16021.374,16092.144
7441.745,7477.337,7416.43,7347.468,7403.4116,7442.1665,7488.9985,7461.151,7372.8345,7390.1245,7407.5493,7418.2017,7474.5967,7401.9604
6874.808,6974.5225,6890.638,7023.693,7076.924,7189.4243,7252.975,7136.7354,7105.8496,7212.057,7199.892,7181.5728,7204.7314,7084.034
5184.1157,5296.6465,5216.162,5360.5757,5392.363,5527.7466,5598.2007,5440.364,5506.721,5645.72,5673.084,5603.5137,5633.5464,5544.3906
6862.828,6931.6943,6899.967,7119.485,7126.007,7174.2656,7166.8237,7039.537,7047.1655,7210.867,7233.4043,7213.931,7229.0327,6997.8716
7295.205,7478.9907,7359.8496,7598.9565,7639.622,7791.335,7886.808,7652.438,7757.0864,7978.3296,7998.495,7938.697,7960.3965,7824.0303
574.9659,581.4801,573.4224,579.4637,587.7039,591.95306,602.22614,593.14294,588.176,595.47253,594.80524,595.193,596.9567,587.5184
12277.357,12295.365,12327.783,12323.52,12350.427,12377.771,12368.993,12383.717,12342.937,12387.006,12374.948,12411.261,12441.244,12413.801
11812.266,11967.993,12002.417,12106.619,12087.86,12192.956,12172.416,12191.669,12097.226,12223.312,12280.995,12356.378,12398.904,12375.408
13962.544,14076.644,14039.463,14424.488,14486.534,14546.611,14449.705,14500.666,14217.575,14483.119,14610.591,14745.788,14899.446,14856.034
1066.4456,1073.0543,1078.2773,1076.3075,1067.4547,1082.4054,1082.1271,1087.1196,1081.0311,1088.6248,1087.1915,1090.2872,1093.0383,1091.8212
17114.44,17122.506,17108.223,17144.668,17192.719,17243.773,17211.096,17185.615,17040.965,17089.365,17185.143,17226.73,17233.152,17357.342
554.36975,560.8567,556.25195,559.7728,569.56573,568.968,570.6291,571.3074,567.1917,562.64233,566.3188,570.4967,573.33813,570.9008
6514.8296,6580.979,6522.6357,6604.709,6746.1035,6736.684,6726.86,6724.9927,6653.2734,6575.243,6619.29,6707.68,6758.6714,6723.6763
6257.4688,6330.7134,6278.722,6318.453,6429.038,6422.2974,6441.0415,6448.69,6402.2134,6350.814,6392.361,6439.541,6471.6255,6444.1055
19374.83,19268.08,19246.256,19109.795,19250.857,19731.236,19903.957,18877.258,19270.164,19166.4,19240.979,19367.785,20096.604,20234.012
21595.451,21287.781,21029.535,20735.367,21295.7,21890.008,22263.66,20473.992,21527.893,20926.21,20975.125,20945.828,22156.205,22512.39
20145.924,20020.633,19974.12,19775.686,20099.723,20301.174,20397.19,19837.484,20150.96,20037.729,20037.572,19925.11,20396.344,20507.3
20113.889,19988.908,19826.6,19587.107,19892.996,20208.805,20490.646,19689.543,20322.299,20085.572,20010.297,19831.219,20431.695,20594.139
15887.005,15823.097,15749.046,15786.899,15782.186,15900.688,15871.32,15870.933,15701.713,15771.706,15822.661,15878.973,15965.979,16059.622
11989.783,11937.385,12062.942,12124.305,12322.056,12428.018,12401.403,12322.785,12257.267,12438.596,12552.953,12516.705,12564.184,12539.837
11384.561,11271.987,11368.161,11632.973,11816.649,11831.193,11636.984,11574.729,11442.336,11662.298,11735.293,11799.407,11830.897,11738.903
1214.9548,1220.7827,1231.2118,1269.166,1294.7021,1295.9886,1294.3962,1281.8341,1229.4039,1261.1227,1300.7272,1305.9806,1299.3116,1299.1437
9711.304,9688.292,9689.197,9778.335,9661.292,9865.448,9639.189,9447.2295,9314.159,9704.554,9783.188,9887.216,9971.256,9981.351
11014.013,10946.447,10901.159,10909.045,10841.71,10978.789,10837.943,10750.549,10658.178,11021.874,10858.017,10904.602,11065.97,11168.785
11313.826,11241.468,11198.975,11213.576,11146.482,11281.307,11140.416,11050.23,10947.897,11327.161,11155.4375,11211.356,11376.334,11473.48
1445.6329,1465.5665,1474.5,1505.0215,1534.0978,1530.1644,1511.9717,1495.2125,1479.9879,1528.2001,1568.1508,1579.0151,1590.5248,1562.7935
13134.551,13222.687,13242.933,13586.043,13874.501,13841.537,13643.442,13617.085,13544.821,13819.951,14074.847,14246.761,14363.007,14243.01
10551.222,10453.854,10447.358,10469.648,10459.241,10573.817,10552.713,10545.058,10418.113,10491.413,10538.29,10570.048,10719.217,10690.412
11371.545,11379.433,11294.372,11306.498,11335.3955,11370.379,11461.268,11528.316,11431.778,11410.563,11420.03,11493.885,11594.117,11620.129
12113.079,12135.814,12121.685,12127.54,12148.604,12161.372,12169.71,12171.248,12130.911,12153.41,12178.278,12192.769,12230.302,12253.661
10405.055,10388.049,10421.456,10380.712,10444.541,10440.202,10444.508,10426.844,10435.96,10469.024,10462.0625,10441.803,10517.952,10499.394
17780.594,17688.363,17286.979,17205.814,17081.963,17121.74,17064.914,17178.1,17004.902,17102.95,17059.748,16923.525,17103.902,17280.36
10569.63,10517.086,10471.469,10444.112,10550.389,10583.291,10608.996,10568.996,10566.045,10540.789,10548.212,10583.329,10652.461,10628.629
11197.706,11066.602,11056.193,11193.999,11339.726,11293.842,11298.091,11230.377,11279.328,11226.001,11257.543,11290.937,11378.295,11308.927
11427.659,11329.18,11376.238,11464.403,11516.789,11363.367,11361.345,11378.273,11386.27,11403.334,11433.306,11439.393,11457.497,11465.015
13268.898,13203.147,13226.926,13267.953,13336.726,13221.512,13209.124,13224.335,13228.387,13240.439,13251.078,13253.069,13262.7,13268.755
20214.99,20152.568,19642.84,19596.336,19536.719,19668.418,19531.451,19447.617,19485.068,19481.396,19377.758,19358.72,19589.543,19675.96
16208.874,16129.563,16099.322,16077.99,16091.746,16092.91,16100.218,16116.905,16106.104,16095.757,16083.107,16087.126,16117.964,16102.302
16613.707,16536.568,16448.209,16429.738,16474.004,16461.732,16416.533,16451.826,16450.707,16451.875,16451.062,16444.346,16504.822,16482.99
15013.399,14944.3,14872.67,14853.012,14890.742,14879.757,14843.417,14877.053,14874.808,14877.339,14876.129,14871.205,14925.336,14906.01
1715.8718,1685.6987,1667.753,1686.7833,1683.7642,1663.9741,1607.4904,1623.357,1635.3528,1649.2213,1669.8254,1680.0359,1696.0504,1675.2882
17907.863,17695.398,17515.023,17667.322,17717.47,17467.488,16927.293,17066.635,17185.914,17314.242,17488.053,17598.719,17760.592,17588.412
15090.763,15141.61,14717.57,14862.484,14969.925,14657.122,14240.334,14338.854,14548.248,14592.088,14738.395,14747.091,14869.615,14864.922
11113.469,11103.8125,11085.183,11048.552,11066.547,11128.735,11079.206,11085.338,11075.494,11093.616,11055.783,11063.209,11098.152,11099.14
11295.09,11279.081,11263.789,11239.584,11238.972,11311.896,11275.787,11274.684,11228.132,11265.265,11249.637,11251.549,11282.783,11291.517
9460.581,9468.218,9427.702,9379.156,9412.884,9484.119,9453.278,9464.282,9443.836,9469.228,9409.572,9420.362,9455.476,9456.737
9203.802,9300.078,9278.799,9537.191,9540.265,9666.357,9375.138,9797.824,9835.866,9779.865,10018.149,10146.05,10114.874,9914.471
1504.205,1506.967,1500.0793,1506.3805,1515.1464,1520.8065,1515.042,1502.516,1491.5352,1507.5042,1516.0734,1517.1455,1532.6848,1540.3558
9678.863,9697.903,9754.59,9705.398,9707.187,9858.048,9914.357,9836.058,9835.539,9838.809,9842.795,9848.476,9857.091,9859.956
11954.441,11832.153,11946.286,12165.081,12354.14,12570.013,12208.23,11978.65,11748.749,12120.185,12155.871,12257.7705,12441.783,12341.309
11427.878,11364.65,11333.509,11349.437,11330.374,11456.001,11318.033,11259.656,11180.911,11507.46,11367.615,11399.637,11584.151,11642.632
10115.899,10037.587,9999.631,10011.502,9950.722,10095.092,9944.939,9939.775,9884.07,10132.463,10011.133,10035.835,10197.473,10266.877
1071.2792,1090.2156,1090.4496,1100.3888,1094.7593,1098.0752,1074.3263,1099.2765,1090.2435,1113.8861,1116.9845,1122.935,1128.0569,1125.6578
1071.8864,1083.552,1086.8003,1109.7843,1108.4869,1105.2954,1089.7086,1111.9244,1115.3518,1135.1199,1153.8438,1158.3445,1154.1399,1154.7964
10179.592,10160.7705,10152.343,10144.606,10169.382,10236.374,10202.926,10178.291,10166.635,10201.701,10182.63,10175.628,10196.779,10219.179
15865.626,15958.311,15982.685,16023.903,16064.56,16153.258,16110.69,16039.024,16065.562,16090.668,16079.51,16096.286,16120.019,16126.332
11396.346,11390.4375,11389.874,11383.067,11420.224,11478.482,11439.58,11407.526,11413.328,11440.924,11421.455,11407.12,11421.892,11428.986
8598.498,8570.763,8605.904,8720.872,8892.642,8976.312,8866.541,8735.815,8515.243,8702.0625,8906.731,9069.67,9146.594,9131.916
13135.876,13124.288,13120.969,13120.67,13176.676,13254.738,13210.533,13163.924,13159.916,13193.226,13177.986,13174.582,13200.868,13197.355
9684.975,9684.319,9689.0625,9707.044,9740.663,9750.435,9734.051,9709.835,9654.59,9700.349,9731.667,9743.327,9759.241,9759.952
10042.736,10002.1,9978.551,10059.492,10264.504,10296.657,10240.961,10118.501,9925.325,10081.324,10208.388,10306.21,10345.006,10322.213
11681.088,11679.511,11629.178,11788.016,11891.992,11922.992,11855.213,11800.987,11629.484,11708.086,11831.414,11944.468,11990.836,11980.279
7235.961,7239.655,7235.75,7213.1377,7195.1626,7212.2314,7217.979,7240.0854,7245.8433,7240.3755,7211.9326,7217.094,7228.5107,7231.3267
7301.7886,7320.919,7355.4087,7323.1733,7309.1943,7351.0312,7370.7974,7381.3105,7402.292,7389.786,7358.8706,7355.836,7375.3374,7395.9844
7379.427,7376.3115,7373.3647,7352.576,7346.539,7354.3247,7352.8975,7363.027,7369.1074,7368.2114,7348.507,7352.0757,7362.581,7361.383
1045.6592,1041.977,1044.9011,1042.509,1043.762,1053.7556,1055.1218,1046.3287,1042.2404,1042.791,1041.6586,1047.1895,1051.6124,1045.7874
13077.233,12964.008,12968.262,12929.713,13042.1875,13121.401,13109.0,13006.566,12931.273,12888.704,12884.352,12958.131,13035.928,12891.022
17150.166,17242.334,16736.787,16996.846,17028.537,16707.127,16177.598,16276.451,16530.594,16588.277,16753.549,16744.643,16869.664,16884.729
12387.09,12480.367,12434.192,12500.774,12588.765,12575.743,12544.094,12552.98,12484.002,12568.219,12666.514,12673.433,12746.949,12822.58
14893.492,14893.952,14853.895,14827.557,14878.836,14861.577,14888.746,14919.076,14898.224,14888.405,14902.583,14904.354,14942.928,14960.994
16111.764,16112.236,16090.123,16128.951,16155.387,16115.638,16097.007,16095.046,16051.026,16080.97,16128.833,16139.385,16169.003,16149.682
14098.085,14090.185,14061.693,14036.213,14082.93,14064.633,14079.391,14094.778,14089.466,14084.2295,14086.197,14081.423,14118.732,14130.207
15925.074,15951.338,15935.434,15974.528,15963.732,15961.866,15952.45,16050.182,15882.381,16007.58,16050.829,16049.004,16083.971,16101.048
13958.595,13870.561,13693.572,13578.3125,13537.257,13550.833,13671.544,13948.837,13350.233,13644.301,13593.673,13534.307,13678.041,13776.089
14994.066,14939.331,14818.274,14760.055,14710.841,14713.834,14795.331,15000.21,14841.116,14844.637,14766.012,14751.266,14794.38,14860.622
14709.251,14583.031,14528.537,14444.963,14498.134,14469.275,14480.844,14581.763,14473.335,14524.305,14494.097,14472.584,14512.233,14531.665
14513.724,14471.064,14363.585,14298.6455,14254.032,14253.845,14334.342,14528.499,14390.068,14380.333,14311.344,14295.403,14338.246,14389.954
15569.917,15455.774,15495.45,15404.829,15487.808,15365.856,15648.507,15736.853,15479.611,15431.707,15587.718,15440.598,15532.464,15639.106
16349.592,16299.001,16212.348,16256.901,16441.871,16348.596,16415.021,16384.217,16337.099,16279.675,16439.195,16356.951,16475.307,16547.674
14655.952,14614.712,14604.282,14613.428,14630.046,14611.853,14595.375,14602.759,14601.667,14613.003,14613.992,14608.929,14635.104,14647.586
14604.463,14640.055,14632.681,14694.541,14719.004,14688.543,14661.3125,14650.843,14628.381,14673.317,14718.657,14720.943,14746.937,14755.91
16338.753,16205.176,16148.452,16160.453,16212.6455,16190.379,16085.916,16111.091,16110.886,16168.998,16197.048,16181.602,16255.899,16275.822
16297.624,16256.7,16240.542,16244.579,16254.143,16238.262,16239.031,16256.051,16252.797,16250.369,16248.376,16242.911,16271.315,16316.003
1872.795,1881.1976,1877.6028,1885.1924,1890.9845,1888.0447,1879.0105,1879.1643,1866.1171,1881.1578,1887.2715,1888.239,1891.5538,1894.6946
1879.7803,1882.7722,1879.6348,1879.8998,1886.3351,1884.6776,1881.3623,1881.1504,1875.2961,1885.5244,1886.2446,1885.2006,1890.8978,1899.2822
2012.2106,2007.4966,2000.9427,2006.1461,2011.9479,2014.6475,2004.2959,2004.5054,1993.6157,2014.7753,2014.4187,2014.0798,2023.292,2030.5657
11537.882,11537.5625,11468.719,11457.304,11404.43,11399.555,11501.175,11578.4375,11553.286,11487.186,11448.033,11506.834,11541.339,11539.996
12452.835,12371.454,12344.129,12395.258,12459.25,12409.94,12338.318,12318.269,12146.711,12202.511,12179.767,12258.78,12274.571,12251.289
13321.493,13227.666,13200.186,13278.088,13332.288,13278.303,13196.657,13181.131,12987.92,13058.329,13028.369,13122.123,13134.244,13106.278
14439.349,14359.263,14297.447,14272.843,14255.715,14233.033,14250.856,14317.793,14307.191,14304.07,14281.226,14271.943,14325.768,14341.727
14206.607,14072.108,14038.959,14115.377,14139.235,14046.5205,13966.818,13975.472,13912.122,13982.324,14013.914,14014.513,14088.369,14073.967
13311.45,13353.351,13322.817,13398.962,13370.154,13349.03,13314.618,13344.39,13282.343,13382.004,13413.247,13410.452,13430.473,13462.672
12345.473,12369.779,12355.144,12394.598,12375.591,12362.087,12342.092,12367.716,12321.793,12386.258,12409.6045,12407.009,12435.868,12456.942
14163.74,14086.354,14107.1875,14096.912,14071.215,14111.681,14113.244,14108.576,14035.168,14102.091,14146.972,14118.534,14188.142,14187.999
13673.768,13693.801,13736.962,13792.548,13844.199,13792.695,13789.008,13818.9,13696.86,13825.831,13974.27,13979.233,13997.905,13992.92
14909.767,14924.301,14894.417,14842.3545,14869.682,14817.2,14923.311,14996.291,14969.797,14956.812,14979.512,14945.635,14991.402,15003.947
15596.396,15589.361,15582.965,15550.06,15563.745,15542.6875,15582.794,15623.381,15605.288,15604.359,15612.282,15608.0,15637.56,15628.497
17088.68,16965.844,16917.895,16976.451,17039.893,16976.26,16899.744,16884.137,16847.074,16881.48,16919.184,16932.152,17000.025,16976.375
14523.903,14495.115,14497.919,14489.106,14505.658,14485.703,14488.055,14502.647,14486.565,14502.627,14514.486,14508.891,14541.924,14521.296
13875.103,13792.502,13744.613,13740.355,13735.248,13752.114,13735.574,13773.656,13763.147,13759.729,13752.647,13763.453,13804.508,13791.488
7957.988,7993.365,8028.754,8003.195,7972.969,7983.302,8009.6,8013.5586,7997.341,8020.5225,8032.2617,8016.2554,8023.7124,8024.1826
8947.351,8937.673,8978.419,8928.369,8848.214,8853.542,8891.307,8898.264,8842.574,8926.635,8957.513,8909.037,8950.755,8967.935
1018.78625,1022.4868,1036.115,1025.5253,1003.85724,1001.32983,1024.8999,1026.5114,1013.8645,1023.1922,1042.0935,1021.4756,1028.6099,1032.8577
909.4982,912.3593,915.79724,912.33624,906.7988,904.35596,911.02856,914.53357,913.2562,914.8735,915.06036,913.57886,913.9564,914.87836
9215.525,9200.894,9224.755,9200.976,9165.573,9156.737,9175.156,9182.242,9145.855,9175.992,9190.115,9178.772,9184.194,9179.427
8520.877,8540.309,8522.659,8459.058,8416.359,8418.45,8463.979,8497.9,8472.359,8471.031,8467.266,8461.845,8474.357,8478.016
8846.211,8824.135,8831.91,8794.274,8767.453,8767.462,8789.719,8810.01,8795.916,8806.778,8805.415,8793.391,8806.729,8805.915
14299.04,14241.555,14170.624,14178.735,14199.635,14184.41,14171.971,14181.841,14177.918,14185.456,14182.706,14180.542,14219.295,14229.115
12476.312,12510.806,12475.807,12542.496,12578.647,12558.107,12528.422,12522.74,12488.601,12537.819,12594.043,12591.169,12623.74,12660.726
12041.007,12009.707,11992.446,12025.241,12224.917,11978.714,11944.9,11915.119,12050.465,12037.569,12162.218,11836.804,12093.167,12355.256
15103.193,15091.233,15117.345,15314.238,15412.555,15258.862,15201.12,15164.525,15254.259,15246.188,15290.944,15177.917,15275.761,15312.271
15453.297,15560.162,15463.884,15410.854,15542.873,15322.238,15417.775,15594.763,15673.861,15623.802,15561.878,15307.787,15498.798,15641.272
13974.692,13966.312,13989.688,14178.246,14287.967,14148.273,14093.782,14045.622,14130.233,14122.121,14168.634,14058.292,14159.359,14201.125
14447.802,14437.106,14426.469,14423.154,14438.552,14435.851,14466.373,14491.4,14457.053,14460.651,14467.377,14468.828,14493.616,14495.634
11143.381,11144.181,11168.079,11225.49,11250.565,11260.8125,11256.407,11253.404,11154.894,11238.693,11312.503,11333.739,11350.673,11353.662
13978.15,13854.593,13821.141,13843.938,13857.905,13906.185,13871.605,13877.949,13834.157,13904.798,13926.487,13906.77,13983.134,13964.709
15713.763,15664.991,15638.7705,15641.692,15665.189,15672.998,15712.659,15743.015,15703.601,15697.272,15702.358,15708.521,15741.497,15723.86
14856.958,14768.172,14733.841,14752.221,14760.131,14750.375,14733.694,14725.303,14721.294,14737.464,14732.07,14732.215,14794.641,14834.125
13055.097,12977.975,12953.611,12970.007,12975.115,12966.73,12955.328,12948.44,12940.424,12954.597,12947.605,12947.805,13005.741,13037.842
14094.954,14085.757,14070.439,14060.986,14072.113,14053.95,14070.324,14083.158,14084.917,14070.469,14049.578,14043.518,14087.474,14097.247
16005.99,15946.507,15936.85,15946.542,15961.979,15939.681,15925.325,15932.308,15937.439,15939.855,15933.868,15929.913,15966.814,15966.669
13862.699,13814.66,13807.433,13815.767,13828.258,13808.743,13796.711,13804.849,13809.021,13809.893,13803.871,13800.3125,13833.547,13832.936
15707.536,15527.316,15497.965,15536.224,15840.36,15602.321,15617.989,15698.353,15775.105,15660.854,15752.134,15499.991,15838.615,15915.509
15062.717,14997.167,14821.417,14936.148,14863.871,14940.605,14809.175,14808.002,14678.647,14908.761,14900.197,14834.313,14968.913,15089.789
14917.878,14852.623,14678.829,14792.378,14720.429,14796.288,14666.699,14665.457,14537.492,14765.329,14756.921,14691.572,14824.452,14944.216
599.5831,587.4951,580.077,581.6429,594.8006,597.7984,600.7132,598.65826,592.1867,579.1349,575.79517,581.54803,589.0256,577.6524
890.00903,880.1742,875.2107,875.84357,882.08185,882.31177,884.75464,888.81274,884.18353,874.2931,868.9335,873.89874,876.78345,871.58435
952.5064,936.77014,936.8727,939.58716,957.3977,958.1955,968.3201,962.65094,946.7036,933.15356,931.76965,940.06964,941.16986,936.3033
845.2909,835.9385,831.22974,831.8338,837.75616,837.97064,840.288,844.14136,839.7512,830.3544,825.2612,829.9903,832.7282,827.7791
8367.019,8260.648,8217.786,8238.927,8304.561,8305.513,8299.127,8323.061,8277.265,8198.176,8159.599,8214.856,8251.788,8167.241
1628.8501,1621.8494,1612.864,1637.5724,1655.8176,1631.6085,1636.0289,1630.7853,1611.4556,1596.1818,1587.0231,1615.6411,1633.7351,1610.7828
1479.7388,1469.2112,1458.6292,1472.81,1476.2723,1464.6505,1469.3336,1473.9285,1470.4001,1457.8379,1432.3693,1469.6047,1477.7412,1452.8668
13008.599,12997.888,12984.599,12995.429,12991.743,13037.963,13019.502,13026.317,12985.838,12987.798,12984.595,12995.505,13004.813,13029.358
15959.171,15875.476,15830.8955,15869.056,15864.715,15908.801,15880.056,15858.0,15795.546,15730.057,15695.621,15732.017,15757.398,15750.327
17549.922,17538.412,17477.645,17390.316,17362.379,17395.176,17476.01,17451.973,17461.842,17475.088,17433.404,17395.887,17447.303,17493.791
13247.506,13212.101,13118.02,13226.746,13269.361,13315.517,13328.351,13368.872,13228.846,13258.305,13474.524,13470.387,13784.342,13982.488
13073.375,13077.2295,13024.457,13007.39,13028.957,13069.479,13148.412,13229.465,13126.113,13139.592,13207.391,13238.513,13308.486,13333.051
15845.313,15796.897,15784.902,15778.78,15765.952,15774.261,15774.338,15720.134,15706.3955,15715.619,15722.317,15724.678,15742.68,15734.552
1156.4427,1151.5621,1134.4052,1132.4348,1125.1908,1134.9507,1137.9689,1127.6708,1127.2279,1127.0062,1123.4326,1126.8613,1131.609,1134.6586
2057.6265,2092.7524,2050.8337,2073.403,2047.5702,2068.0208,2021.3435,2054.463,2025.1465,2036.8544,2034.2418,2052.8525,2040.9219,2053.1904
1949.8004,1949.3291,1919.3129,1919.375,1903.8777,1950.8907,1905.9203,1903.7524,1868.4513,1898.6147,1894.4602,1899.1594,1914.991,1944.3556
1695.7854,1692.0625,1669.8945,1670.028,1655.47,1691.9398,1659.3942,1656.9976,1625.309,1651.8298,1647.8835,1651.5184,1666.1875,1688.8392
1783.6534,1779.0427,1775.7969,1782.338,1779.2795,1785.2911,1770.2688,1765.7511,1748.1128,1760.2736,1761.3011,1770.2178,1774.0531,1779.4933
1833.0339,1829.655,1823.2896,1822.4625,1819.5032,1825.0881,1816.1704,1818.7446,1812.5656,1816.2655,1812.771,1816.4694,1820.1306,1828.2803
541.0182,524.598,498.86447,488.34543,479.34695,494.2639,507.5613,505.88333,506.31564,498.43646,493.0515,498.94644,522.6371,529.16785
3402.7686,3425.3992,3387.065,3382.998,3419.237,3390.8818,3352.3533,3313.5767,3319.2734,3335.1045,3318.7346,3293.4658,3300.7834,3342.1665
561.34393,546.83984,511.17322,497.3244,485.25394,501.27704,517.40015,513.4047,515.11163,504.40057,496.8412,500.20593,527.3548,532.9531
665.2606,644.76135,611.2992,599.5075,590.6244,603.6861,619.8964,618.9124,617.12427,605.1678,597.398,604.42633,630.5654,637.85333
1191.015,1190.112,1160.6669,1149.6154,1136.0421,1149.9694,1160.9996,1156.5577,1151.4465,1142.0454,1128.931,1135.908,1144.4618,1149.3588
1610.3167,1614.4181,1612.1146,1610.7959,1610.4651,1619.2178,1607.5403,1604.0719,1599.232,1605.0161,1606.2831,1608.5541,1609.4666,1614.9612
1627.4875,1630.2749,1630.5299,1623.8904,1627.982,1640.193,1639.3745,1624.1302,1619.5403,1619.7382,1620.5734,1622.056,1621.6809,1632.2777
9918.272,9985.17,9956.956,9963.873,9970.173,10042.563,9980.151,9970.921,9917.692,9967.173,9942.717,9918.393,9936.436,10036.176
9800.538,9805.601,9653.105,9580.204,9460.779,9834.372,9567.115,9598.909,9292.306,9769.499,9646.544,9601.305,9748.721,9787.146
1744.0151,1747.6123,1738.6284,1734.3068,1737.8452,1743.8334,1740.2539,1728.0497,1724.3239,1732.7283,1732.5382,1733.288,1734.7477,1738.9846
1780.9197,1783.8048,1768.8862,1759.8955,1766.0415,1768.039,1781.284,1773.5857,1767.9421,1768.04,1761.8438,1761.5719,1763.4006,1771.1201
17528.045,17443.395,17089.94,17427.066,17395.104,17247.986,16935.082,17213.186,16847.645,17063.443,16956.791,16910.672,17053.205,17227.086
1062.201,1058.2405,1064.0466,1075.6265,1073.656,1062.1873,1064.4232,1066.4971,1063.3748,1057.2189,1051.5592,1076.2043,1070.1029,1062.1085
16575.877,16505.416,16443.602,16443.385,16468.027,16452.121,16436.004,16447.596,16450.02,16457.258,16451.748,16452.346,16489.783,16485.986
2765.5032,2836.6304,2859.7793,2887.5134,2938.9038,2883.7188,2907.063,2868.6309,2924.014,2942.021,2930.0776,3013.4905,2921.6042,2923.3008
1057.5814,1053.6398,1059.4226,1070.9545,1068.9967,1057.5747,1059.7983,1061.8684,1058.7526,1052.6335,1046.9894,1071.5354,1065.4584,1057.4976
581.70514,571.82666,566.1456,567.463,576.1328,579.4684,581.8625,578.86957,572.7358,564.9701,561.08514,566.7887,571.38824,565.3798
1105.8308,1107.3535,1080.6663,1074.3997,1063.0807,1073.6422,1077.2548,1072.6218,1070.0076,1067.949,1052.9985,1061.8235,1068.9038,1076.3871
14036.386,14158.232,14105.868,14235.641,14039.599,14084.111,14135.338,14052.941,13870.404,13963.837,13922.177,14134.682,14077.14,14157.384
14145.073,14250.242,14102.048,14301.081,14252.088,14349.021,14440.296,14200.372,14177.365,14319.678,13991.4,14028.297,14455.237,14694.611
14936.214,14999.43,14898.014,15007.305,15135.521,15148.076,15205.332,15099.789,15189.687,15180.623,14957.312,15126.447,15285.391,15363.008
16607.564,16627.238,16358.53,16196.158,16160.74,16272.127,16482.088,16576.783,16497.586,16376.578,16223.488,16368.907,16419.168,16514.291
15957.983,15912.8125,15806.963,15975.293,15949.872,16043.272,16113.914,15966.893,15749.349,15721.173,15672.52,15980.107,15998.293,16013.643
14563.031,14569.46,14465.799,14522.98,14622.269,14586.741,14626.619,14622.794,14749.303,14616.294,14368.241,14356.455,14597.967,14754.906
17088.455,17131.441,17051.406,17104.703,17152.955,17218.69,17432.49,17348.771,17442.465,17263.01,16883.129,16966.658,17284.445,17639.164
15156.308,15307.496,15174.294,15222.3955,15142.029,15331.579,15398.088,15147.158,14964.434,15138.904,15081.681,14997.138,15345.934,15619.292
13685.749,13828.348,13699.702,13715.906,13614.056,13807.387,13863.314,13655.623,13457.789,13610.914,13572.743,13498.134,13750.416,14022.802
1524.6858,1523.9313,1522.737,1523.7172,1526.0267,1524.7476,1520.0494,1504.3949,1490.4292,1497.0653,1495.3636,1499.961,1502.5726,1502.6937
16355.135,16282.9375,16242.297,16302.929,16312.791,16290.629,16261.407,16187.037,16196.229,16043.272,16013.486,16016.907,16043.626,16036.268
15917.348,15944.25,15849.436,15918.854,16004.106,16055.557,16145.731,16054.437,16172.868,16137.768,16077.973,16025.323,16259.298,16273.415
13148.92,13113.665,13111.542,13083.146,13069.345,13076.745,13101.577,13053.766,13023.556,13013.76,13025.793,13007.665,13023.651,13056.797
1557.8339,1582.5808,1567.8317,1554.8806,1540.5408,1561.0902,1584.9885,1562.5603,1557.4385,1567.4811,1558.0314,1537.5553,1551.4143,1584.7214
11478.684,11490.918,11512.485,11484.454,11462.773,11492.982,11509.116,11504.716,11506.562,11511.955,11526.917,11494.321,11514.845,11550.7705
17915.8,17899.705,17891.78,17856.146,17818.768,17867.197,17897.477,17806.479,17808.578,17718.885,17699.82,17688.133,17718.398,17761.441
11042.37,11022.973,11030.593,11014.627,10998.469,11003.962,11002.494,10991.552,10996.605,10999.607,10991.194,10980.375,11005.476,11007.81
1942.997,1942.9866,1928.1213,1923.7267,1916.2076,1922.09,1922.6945,1914.1946,1915.0713,1920.8265,1927.2083,1923.3662,1928.5858,1929.5211
16852.803,16739.086,16739.707,16703.324,16696.195,16721.523,16714.162,16692.6,16686.293,16698.434,16747.082,16729.992,16775.848,16808.59
17620.447,17500.248,17497.34,17456.959,17452.807,17481.297,17469.256,17448.787,17444.328,17458.22,17522.785,17504.057,17541.217,17585.111
1852.6965,1866.3474,1851.1882,1842.2383,1806.5087,1812.7599,1818.8663,1800.0651,1796.3615,1799.955,1800.2473,1797.2006,1801.7244,1807.7802
1633.8358,1643.9509,1635.4517,1632.651,1629.0112,1635.4746,1640.3009,1620.1992,1618.9205,1622.0665,1630.3784,1631.5668,1632.5833,1636.2622
12856.187,12806.063,12942.437,12919.162,12991.098,12941.034,12934.477,12960.823,12985.015,12889.283,12956.926,12908.401,12916.105,12872.909
2338.5576,2354.2336,2334.0942,2366.2146,2334.2507,2353.8328,2368.8252,2368.7913,2337.9373,2363.487,2365.5935,2369.7913,2358.0796,2356.9011
941.50183,930.1228,920.9309,930.97144,918.7934,921.1756,921.8732,922.4163,889.5261,899.9004,913.04083,895.12134,896.1428,899.0168
2046.5898,2072.8848,2035.7393,2082.634,2053.2463,2093.5315,2107.055,2090.1138,2065.679,2083.3862,2040.1843,2072.3896,2064.5205,2071.8354
1237.8774,1268.6309,1258.9825,1256.4576,1240.3018,1246.0286,1199.0999,1219.8875,1227.2814,1238.4131,1246.4404,1264.3217,1246.3162,1241.8241
6350.3545,6373.0864,6383.108,6381.7515,6367.561,6349.205,6365.5117,6376.8203,6385.602,6368.936,6365.448,6359.838,6359.471,6371.3647
1571.965,1580.5144,1576.6044,1596.6249,1574.3612,1579.4749,1591.1841,1600.7891,1575.4084,1591.4028,1594.9109,1603.5283,1590.848,1595.8615
1139.2327,1119.9106,1112.8918,1124.5458,1120.061,1115.875,1116.1019,1128.83,1121.0435,1113.6774,1112.0522,1123.2925,1134.9377,1132.9807
1164.0956,1181.0664,1181.0197,1167.159,1172.2511,1173.6293,1175.8418,1177.2003,1182.3138,1185.7092,1181.5215,1175.129,1176.717,1183.3256
5491.5264,5509.953,5493.4404,5503.3574,5511.5737,5513.36,5502.869,5520.4375,5527.164,5520.0522,5503.0615,5510.3887,5513.6567,5517.5396
22209.691,22294.896,22299.895,22351.316,22345.791,22294.002,22244.47,22309.443,22358.549,22419.662,22387.191,22373.963,22414.73,22376.0
11645.868,11705.847,11694.423,11766.238,11689.014,11773.56,11770.183,11795.173,11695.736,11783.84,11822.389,11837.096,11774.102,11824.33
2725.8032,2743.212,2744.018,2754.876,2736.1597,2748.4534,2739.4546,2747.8042,2736.4265,2757.1692,2762.3892,2759.346,2755.2705,2758.7627
10098.533,10201.939,10296.039,10330.886,10408.737,10399.925,10404.797,10363.683,10416.931,10345.003,10359.644,10329.682,10361.139,10308.974
6123.005,6201.03,6083.3423,5986.6963,6013.31,6058.7036,6000.406,6072.789,6133.222,6126.5586,6097.691,6095.5796,6166.922,6146.319
3988.3691,3910.0874,3903.8132,3915.8267,3949.0222,3947.8901,3926.2666,3900.239,3917.4426,3933.5063,3925.6296,3910.2117,3914.0295,3928.6104
1284.2919,1291.7969,1291.028,1300.6129,1268.9983,1269.152,1273.5052,1287.1241,1254.9229,1265.8427,1278.6202,1290.9583,1260.9922,1261.8507
9184.754,9109.732,9060.057,9071.003,9046.747,9075.295,9003.477,9063.231,9080.705,8979.89,8881.07,8873.727,8994.566,9003.477
7091.421,7134.4766,7140.51,7018.879,6967.468,6978.096,6971.201,7029.917,7022.3184,7075.018,7080.586,7009.986,7006.0215,7026.6626
2050.7412,2044.3079,2037.3765,2053.2585,2031.2598,2026.6317,2029.8008,2041.9181,2028.173,2030.8446,2022.0485,2014.5869,2017.2743,1995.6301
2096.523,2094.4976,2086.4648,2094.8813,2088.6992,2083.5715,2066.5107,2073.4285,2078.6677,2085.2822,2088.504,2095.9539,2077.7368,2081.5398
2121.264,2112.4404,2108.4084,2114.467,2121.6726,2110.4214,2101.6504,2102.5598,2113.5232,2107.6458,2104.3447,2105.9758,2112.1387,2107.4426
1501.8696,1495.1317,1518.7849,1525.5084,1548.4714,1520.8647,1486.4901,1501.0192,1504.918,1503.1858,1506.9219,1509.9357,1506.7144,1501.3896
1550.6145,1536.783,1532.3738,1534.0576,1537.7664,1541.4058,1546.2616,1543.4365,1539.5898,1536.5403,1535.6495,1538.3936,1541.8656,1537.5092
1767.5787,1730.7335,1679.4207,1749.0214,1730.6553,1824.1885,1842.0118,1822.4014,1784.5979,1697.0464,1660.6758,1720.1526,1764.0737,1785.1743
325.74414,317.1903,326.6172,302.0628,307.06665,291.22876,283.98697,293.6473,312.86383,313.2628,300.80286,284.0022,287.9959,286.95825
350.76242,344.8908,337.77313,330.8864,320.24896,332.6473,312.682,324.6374,328.36224,329.96497,337.7785,320.55478,344.0962,334.7092
1956.8514,1977.9116,1984.0149,2009.9836,1994.157,2002.0369,1998.1188,1999.7368,2005.1659,2004.6272,1998.2787,1996.2065,1995.706,2014.7255
2257.153,2251.6355,2246.8516,2242.01,2256.1433,2249.0972,2242.7039,2245.5383,2256.9705,2252.0369,2243.427,2235.299,2242.3127,2233.1577
1725.7388,1769.1732,1809.223,1839.0178,1856.9047,1813.9719,1775.7747,1763.2578,1796.3711,1863.7943,1886.491,1853.5765,1822.5234,1826.7887
8769.469,9137.835,9306.032,9066.962,9022.631,9118.993,9203.597,9246.878,9503.067,9500.224,9556.458,9405.643,9352.696,9372.253
4059.6973,4060.3684,4054.703,4101.8687,4194.8057,4259.244,4477.154,4347.6304,4211.077,4120.8438,4269.416,4343.872,4333.026,4163.9585
9518.645,9563.18,9601.4795,9836.028,9933.526,9886.518,9861.362,9803.53,9904.262,9876.482,9877.577,9829.906,9883.226,9843.299
3117.0117,3112.3267,3126.049,3116.5986,3149.1787,3138.4255,3143.6384,3151.171,3143.9138,3116.0344,3138.9414,3120.3542,3127.391,3124.969
1341.0553,1316.6571,1317.7424,1327.1268,1330.777,1320.0686,1324.8678,1329.2783,1333.1749,1327.0823,1337.2749,1326.1511,1328.9453,1323.647
2118.059,2127.6526,2093.9292,2086.83,2083.6804,2115.135,2087.7168,2098.2815,2090.7222,2094.255,2050.724,2058.719,2076.986,2066.1477
1211.9955,1215.7076,1220.7264,1230.1322,1221.8364,1215.0367,1211.3197,1227.7114,1217.9336,1228.5083,1225.0638,1230.3247,1224.6782,1219.6929
3530.8682,3536.3176,3605.6804,3605.1018,3561.6753,3530.4014,3527.7864,3519.5417,3549.0386,3570.0625,3587.7532,3554.8826,3537.6982,3553.476
3567.644,3569.0977,3616.827,3623.7148,3580.7085,3567.0476,3546.9102,3539.1887,3561.84,3589.752,3596.1257,3580.2473,3574.0205,3592.8486
3669.974,3702.8408,3743.045,3724.5447,3711.8699,3695.825,3770.6736,3789.7092,3762.8918,3769.3318,3813.6785,3790.6555,3783.539,3803.9685
2837.8218,2834.6248,2834.1597,2831.2021,2826.3357,2826.8162,2825.6318,2828.0635,2831.6057,2833.638,2832.1843,2828.0732,2833.282,2833.1921
5183.5776,5205.365,5210.0747,5418.528,5473.036,5418.587,5357.5264,5358.468,5357.546,5500.432,5429.4336,5527.7295,5465.0737,5379.437
9946.278,9939.659,9927.928,9918.0625,9938.544,9941.412,9945.783,9933.388,9929.074,9929.5205,9929.345,9923.481,9937.756,9937.657
9943.212,9938.403,9926.232,9915.515,9936.862,9940.317,9943.896,9931.293,9927.392,9927.477,9927.382,9921.613,9936.298,9936.359
4935.036,4944.3613,4912.7026,4989.74,4896.0747,4911.7173,4944.737,4894.7383,4763.5728,4902.328,4959.1006,4966.254,4935.806,4987.693
5680.4077,5686.6943,5527.1953,5577.942,5570.7637,5609.7837,5691.6436,5930.673,6070.9067,5885.6714,5793.4688,5939.365,6128.619,5974.974
1641.8411,1699.5306,1713.7034,1746.5852,1771.1064,1745.0422,1785.5347,1734.0591,1724.832,1764.706,1796.9209,1797.1732,1781.6865,1810.2351
5754.6943,5743.1904,5792.9766,5720.41,5824.1055,5677.5073,5816.1714,5808.013,5815.4556,5802.719,5783.271,5763.4214,5784.715,5777.36
9357.382,9565.779,9262.271,9300.656,9057.146,9338.739,9271.586,9348.501,9346.035,9419.789,9324.761,9364.295,9287.314,9422.515
8334.221,8264.688,8279.373,8305.271,8313.807,8312.664,8344.426,8304.221,8280.332,8249.549,8266.891,8286.502,8279.424,8253.694
8895.806,8865.648,8946.771,8946.82,8969.943,8888.134,8915.8955,8830.497,8881.415,8868.255,8907.414,8867.803,8858.942,8871.346
2119.0068,2118.1904,2107.3928,2116.4062,2141.1704,2135.9768,2123.4978,2130.7568,2137.6829,2140.8682,2136.235,2141.3706,2160.8213,2146.4229
7478.7036,7379.96,7368.0107,7482.5815,7491.2866,7544.1245,7502.018,7465.1226,7452.088,7445.4536,7470.631,7514.9614,7525.542,7473.7173
9752.243,9695.822,9652.083,9656.951,9678.396,9732.027,9713.322,9720.107,9699.76,9716.295,9724.391,9752.963,9802.262,9786.279
2613.044,2627.9644,2631.846,2611.723,2606.0918,2630.9465,2635.4097,2641.3105,2660.6667,2659.3848,2662.2205,2666.9006,2666.8103,2668.7983
2587.3071,2613.317,2593.9011,2582.6716,2605.3792,2633.1055,2625.6187,2619.8608,2635.6672,2644.5579,2644.3337,2640.0142,2648.3096,2657.039
2094.732,2093.039,2073.9346,2088.7458,2072.2056,2079.4277,2061.2502,2073.0923,2072.267,2065.241,1998.3005,2022.3495,1987.5743,2001.7036
1619.6533,1626.2229,1627.2539,1608.5525,1621.0531,1612.4404,1619.3982,1610.8143,1623.5735,1626.2831,1645.5848,1638.6425,1644.5328,1631.6375
2155.6746,2159.6235,2144.3125,2139.2117,2129.5715,2142.0334,2133.6843,2127.5002,2132.7134,2142.7966,2143.3828,2140.4148,2152.0122,2163.1094
2344.161,2379.49,2396.4111,2418.766,2414.3164,2387.972,2428.7798,2392.2183,2371.4836,2411.5024,2424.946,2485.368,2410.0518,2431.3032
3567.928,3607.8809,3589.5217,3632.8901,3558.635,3597.1418,3568.4724,3607.7136,3578.5457,3585.0063,3607.4885,3620.8816,3589.4182,3610.7512
1058.3107,1064.9851,1077.6788,1083.2583,1093.8575,1089.1259,1087.6421,1075.9615,1098.6637,1091.2191,1087.935,1072.1853,1084.0266,1092.3007
7408.9844,7446.0425,7408.0854,7398.077,7420.459,7474.4927,7457.9478,7490.7236,7507.7646,7476.5767,7412.0205,7415.5117,7447.877,7492.11
7291.657,7373.121,7304.1724,7282.786,7310.4883,7398.1987,7418.3413,7425.745,7408.3394,7369.806,7307.428,7300.6396,7332.509,7394.887
7409.737,7415.022,7373.5073,7361.808,7406.468,7429.0835,7411.07,7425.512,7436.1465,7416.054,7370.527,7376.7505,7407.9844,7413.4487
8845.02,8838.272,8763.54,8861.88,8898.554,8797.447,8812.221,8756.587,8706.87,8740.15,8769.193,8876.509,8828.667,8789.618
1027.5577,1041.0365,1044.8092,1052.7062,1039.121,1042.4092,1041.4353,1057.8301,1038.9547,1052.5798,1048.7131,1053.6716,1032.5707,1034.9856
897.5028,887.4832,883.5333,889.80975,899.0196,897.2669,887.96454,887.75903,879.6429,887.52954,887.1252,896.9711,896.23376,893.3189
899.64136,891.86383,891.128,901.8221,904.1547,908.64325,907.4357,901.9343,897.4621,899.9416,907.2253,914.93097,906.53503,902.71014
7378.9185,7330.5337,7382.2944,7331.326,7171.3794,7271.549,7285.556,7200.2173,7169.005,7211.2954,7236.9604,7198.6763,7194.7754,7239.457
7462.1196,7409.8916,7421.4565,7354.458,7301.0366,7366.6646,7452.192,7198.124,7192.746,7255.9233,7282.9395,7265.902,7220.8354,7241.3975
1782.7928,1788.2406,1793.034,1777.3389,1784.0304,1775.4415,1780.1543,1771.4865,1788.7257,1794.9359,1789.3348,1768.4254,1782.5544,1790.3514
1771.5424,1780.1818,1778.7559,1770.2341,1766.0475,1766.0448,1759.7914,1764.9779,1779.9521,1778.6931,1771.5063,1766.3005,1773.4121,1776.8918
1803.9384,1801.6914,1789.8396,1788.6199,1803.1233,1815.366,1814.9209,1809.1034,1792.7646,1790.9388,1798.006,1789.4414,1802.0616,1796.6033
1797.7412,1799.5818,1786.4456,1797.1354,1804.7261,1812.2351,1806.0104,1803.0261,1790.4557,1792.3193,1790.9022,1795.795,1803.838,1797.7433
7767.542,7772.658,7724.4956,7738.7563,7816.817,7802.5,7758.2266,7760.7275,7736.692,7697.0835,7696.024,7703.5244,7669.4023,7677.189
5783.0864,5788.7646,5782.143,5709.866,5733.4927,5740.678,5731.989,5730.5522,5772.781,5747.9053,5701.6577,5700.114,5738.9927,5724.334
5869.3438,5833.207,5866.1265,6041.1924,6118.2266,6092.259,6037.4355,5940.1475,6150.8735,6207.2207,6259.437,6094.801,6128.486,6113.293
6025.9263,5974.048,6120.8027,6234.017,6259.883,6196.633,6249.1455,6161.498,6248.1484,6352.611,6397.917,6296.5596,6314.0073,6323.5273
5676.903,5720.288,5709.6323,5696.105,5719.5376,5740.526,5737.8213,5740.6,5761.1562,5745.9004,5715.5327,5674.731,5664.7793,5684.3965
5723.376,5760.499,5718.798,5751.094,5767.8276,5781.4453,5781.83,5788.375,5790.276,5778.745,5744.446,5718.329,5719.292,5733.3833
10126.49,10003.771,9981.31,10017.86,9979.779,10138.952,10052.119,10010.803,9951.066,9991.634,9988.938,9972.9,10052.477,9973.579
3739.971,3706.112,3725.553,3790.712,3821.952,3823.4539,3785.0913,3759.2168,3701.333,3645.738,3715.1665,3719.6375,3714.6362,3679.546
1329.953,1342.5465,1336.873,1339.3531,1337.7069,1337.9318,1390.6396,1367.6091,1354.1659,1349.1865,1344.1395,1327.9844,1344.2806,1379.9886
3470.9116,3455.4219,3449.5566,3447.567,3446.4004,3446.565,3454.5066,3449.683,3442.0388,3444.1997,3453.6526,3449.5667,3446.8672,3443.4753
4186.472,4316.833,4449.4937,4446.3013,4478.1157,4338.3267,4291.172,4443.919,4527.897,4533.203,4526.8145,4521.9263,4509.9316,4516.779
5791.894,5789.962,5799.2305,5784.8027,5824.8667,5833.0947,5843.9067,5841.9604,5809.887,5791.4663,5796.011,5813.2227,5809.713,5800.614
5111.807,5016.058,5034.2354,5085.2954,5093.9497,5080.3145,5096.94,5041.2803,4980.008,4933.021,4924.489,5001.4736,5006.1562,4940.075
5052.0557,4996.046,5009.0894,5068.99,5027.219,5046.622,5036.534,5009.893,4979.3496,4964.2554,4970.084,5001.7983,5001.163,4971.731
1704.008,1692.3801,1687.6403,1684.4338,1677.0527,1689.8896,1687.5422,1679.028,1681.1605,1680.9513,1683.209,1689.6567,1699.5164,1703.1204
10729.21,10757.38,10750.4375,10707.53,10731.703,10754.533,10759.668,10746.25,10766.741,10761.574,10736.227,10693.951,10706.186,10722.485
10865.06,10853.613,10843.0625,10791.241,10834.998,10858.805,10850.849,10826.297,10866.654,10843.886,10806.428,10757.306,10769.056,10800.321
1301.7827,1300.7545,1300.1296,1296.3453,1296.0977,1298.1438,1295.9801,1294.6001,1299.4653,1299.783,1297.5116,1294.0,1297.4915,1296.7277
1019.33167,1027.324,1031.8312,1010.56146,1028.7535,1021.09155,1025.0803,1025.6433,1028.5574,1028.6359,1031.0889,1026.5492,1024.0221,1027.2716
5748.718,5693.2944,5713.4146,5697.4277,5738.52,5748.289,5700.761,5672.0625,5669.5684,5691.2163,5730.84,5713.3887,5710.0903,5670.452
2639.0215,2639.2441,2644.5264,2629.1194,2616.0344,2621.2915,2627.5305,2623.7424,2627.5764,2626.0508,2624.9595,2618.0964,2618.1533,2628.0786
2604.2798,2606.5234,2608.1465,2596.0784,2592.8232,2595.6338,2595.3608,2599.878,2601.4028,2602.109,2595.8352,2591.6929,2597.136,2603.1882
6824.3125,6844.7837,6858.0083,6896.423,6874.718,6875.504,6822.265,6875.0986,6831.596,6894.7183,6913.636,6931.0254,6923.64,6914.7534
6722.028,6862.896,6828.686,6894.928,6796.912,6794.3037,6718.7896,6768.215,6727.9736,6882.598,6893.2827,6895.986,6839.701,6917.3687
1816.8029,1827.0093,1838.3398,1849.239,1858.5885,1833.8737,1849.2083,1859.3658,1860.926,1849.9514,1850.2823,1829.6902,1844.646,1848.6174
1813.425,1819.7062,1838.6998,1847.7562,1858.5991,1820.4785,1846.8784,1857.8287,1858.6237,1846.3098,1849.4805,1829.3251,1842.7262,1844.867
2459.0122,2430.6006,2430.9602,2446.0554,2456.2183,2441.7295,2424.6414,2442.9978,2449.375,2440.977,2437.177,2444.6443,2432.0046,2402.9272
1329.9589,1329.6416,1329.848,1328.5569,1330.6324,1331.5498,1331.5453,1329.1654,1329.9653,1329.7822,1330.1678,1328.6426,1329.4348,1330.1538
1338.9705,1338.195,1337.323,1336.4149,1338.7184,1339.3766,1339.5803,1338.0385,1337.9894,1338.0789,1338.1638,1337.1521,1338.6388,1338.3707
1316.4335,1306.3214,1307.8396,1304.4697,1292.9359,1317.3428,1321.3846,1316.0278,1303.4772,1303.9764,1305.471,1309.7231,1312.6185,1319.1206
4011.9504,4023.6226,4044.5432,3991.3672,3965.4534,3946.0286,3959.8362,3971.3757,4043.5588,4063.4282,4093.3167,3952.544,3922.1545,3949.0493
1778.1239,1784.5653,1774.6469,1753.5425,1753.8003,1751.9554,1745.8428,1777.2826,1760.4604,1765.5123,1765.4719,1776.1531,1766.1812,1767.8959
1776.5311,1784.0637,1773.9763,1765.8918,1760.6519,1757.5287,1750.002,1771.6486,1754.7705,1776.3727,1779.8663,1781.5488,1770.2866,1769.2869
1593.2128,1589.0616,1599.0894,1595.1179,1576.2421,1579.0616,1554.5391,1541.0175,1538.559,1596.3757,1573.9565,1584.53,1629.3947,1661.8138
1637.5912,1623.5336,1602.4242,1608.7878,1614.2158,1642.2991,1634.1866,1640.9679,1623.9432,1624.6003,1630.0398,1625.5122,1637.8329,1628.8241
8023.251,7980.041,7986.228,7918.572,7934.3433,7953.0884,7940.538,7869.471,7844.742,7518.6055,7479.7676,7462.955,7530.1245,7608.3413
7847.178,7728.603,7699.0073,7700.4126,7692.075,7715.248,7628.955,7579.354,7598.663,7543.3696,7497.8203,7496.5527,7601.704,7563.839
7712.1562,7741.617,7709.1514,7702.8643,7650.836,7616.8794,7572.999,7629.066,7620.3716,7643.4517,7606.4146,7587.8916,7540.479,7540.872
3229.2961,3235.2314,3272.6108,3317.822,3287.2974,3252.1445,3274.0757,3260.634,3272.3062,3256.5981,3285.671,3310.1052,3282.8867,3274.9934
8541.173,8547.35,8623.616,8679.284,8657.413,8611.092,8747.515,8695.841,8622.803,8611.392,8685.749,8652.831,8659.998,8723.76
1327.1166,1366.4824,1371.1365,1345.2117,1328.0834,1330.7832,1316.555,1328.7915,1348.9689,1367.0892,1367.0951,1343.4612,1351.4635,1366.8961
1583.6481,1570.4181,1564.1058,1578.8287,1577.3525,1579.057,1598.984,1578.1205,1560.3256,1504.9479,1532.0503,1596.9548,1600.5669,1544.9353
5306.7544,5335.5903,5327.632,5281.9297,5301.2075,5344.6636,5281.2026,5382.3794,5417.759,5434.3687,5405.6294,5288.5186,5216.0366,5236.961
1194.4087,1192.0111,1191.085,1190.9275,1189.1295,1190.4744,1191.0199,1191.818,1190.9513,1189.5707,1190.1257,1192.1398,1193.1758,1192.5414
1209.299,1204.0199,1201.2662,1199.2644,1196.4298,1198.4314,1200.8792,1200.8746,1198.0703,1198.9071,1201.2992,1203.5604,1204.0822,1206.934
1702.7306,1709.8777,1681.2161,1709.1858,1708.6656,1718.1829,1717.5918,1675.8694,1680.7185,1709.6792,1722.8766,1720.1387,1719.9911,1709.3552
3636.7466,3708.988,3701.4927,3739.044,3577.8945,3615.9749,3616.7922,3670.2803,3600.6404,3598.8425,3594.212,3657.8442,3576.7559,3608.3855
2615.834,2613.5315,2583.0862,2580.49,2614.1743,2614.7505,2553.1235,2591.1553,2600.1868,2599.624,2526.0623,2554.2798,2595.8367,2579.2798
2633.6897,2627.9565,2604.7007,2621.8682,2628.5933,2634.417,2630.1604,2649.5034,2628.966,2624.257,2547.2776,2610.9502,2633.7485,2580.926
2617.8481,2579.8154,2584.1367,2596.941,2570.33,2576.8193,2572.4062,2598.4946,2595.8464,2573.6394,2534.566,2563.8345,2581.6445,2549.5676
4559.0435,4491.957,4476.3345,4611.737,4684.5835,4589.514,4593.8086,4608.9673,4573.1807,4583.7515,4606.4907,4648.439,4636.262,4607.968
4477.8193,4427.231,4386.7666,4480.8438,4589.5605,4542.3105,4542.6016,4472.711,4483.407,4449.1724,4470.4087,4523.289,4529.072,4477.4995
8520.359,8639.206,8575.68,8573.586,8452.656,8583.1,8559.519,8584.821,8558.639,8549.223,8454.599,8476.519,8453.683,8574.183
6975.2925,7019.868,7054.1553,7112.41,7126.1226,7162.7617,7231.421,7290.231,7242.9297,7209.8506,7207.275,7183.4546,7183.282,7214.7197
6924.073,6960.6895,6940.9224,7012.847,7044.214,7070.8477,7068.872,7168.1924,7147.372,7123.328,7101.1265,7098.2886,7088.697,7079.0146
1930.1486,1931.731,1941.1885,1932.4354,1922.1971,1926.4819,1976.4796,1987.5071,1987.4513,1960.9801,1977.2311,1980.1129,1978.0883,1969.63
1885.2852,1887.6262,1881.6991,1857.8762,1867.6815,1860.6648,1849.9075,1909.1345,1910.5709,1915.9832,1870.9603,1831.994,1847.9854,1920.2991
1907.29,1902.4181,1903.8947,1867.0327,1867.8225,1867.6666,1916.4635,1894.1162,1874.6418,1916.9646,1868.5731,1839.6082,1877.6417,1928.0874
1364.2422,1370.7932,1374.2798,1366.8184,1365.4366,1357.8353,1367.0865,1375.12,1386.5188,1383.0774,1384.6582,1367.7155,1370.8992,1370.0664
1362.1597,1366.8193,1366.9456,1358.6068,1358.7919,1353.6917,1360.501,1369.3193,1381.2719,1379.6968,1378.331,1361.646,1364.9232,1364.0828
511.99725,523.114,525.4678,532.9247,530.0028,522.7484,511.946,515.4167,527.1373,538.8741,538.8691,538.799,537.0417,539.2967
5677.1934,5674.356,5667.415,5654.638,5629.576,5632.0747,5611.637,5629.504,5646.1157,5653.172,5626.7544,5621.783,5633.863,5636.951
1372.5741,1365.9305,1371.2411,1386.206,1368.3635,1375.4465,1391.2815,1385.7532,1370.8542,1377.3843,1373.9131,1376.0964,1376.4192,1372.1155
1356.1284,1347.3506,1378.2959,1393.2539,1362.0239,1365.1398,1393.302,1384.7341,1361.7787,1372.3774,1384.1753,1385.749,1374.9817,1380.5338
7977.301,7974.5757,7960.6753,7935.9434,7852.715,7955.174,7953.2056,7987.428,7909.6455,7889.028,7915.341,7941.3677,7904.551,7872.5317
9684.044,9666.536,9661.613,9676.477,9642.476,9622.838,9588.749,9597.375,9620.559,9648.006,9674.388,9659.498,9635.397,9600.05
1403.4298,1405.7622,1405.9764,1403.9045,1407.6829,1414.6,1406.7516,1394.6111,1402.2865,1400.415,1396.5463,1393.3402,1389.1633,1393.844
7948.7188,7993.666,8031.0405,8022.0405,8050.715,7954.8887,7862.8857,7963.4663,8048.3213,7989.6016,8034.651,8092.535,8139.291,8064.9736
4993.7373,4826.297,4889.375,4972.297,4955.943,4897.6616,4748.1978,4768.9634,4896.876,4860.2695,4843.164,4876.931,4833.8926,4825.8394
4822.7354,4816.9976,4830.8955,4853.395,4814.313,4814.666,4807.6006,4823.118,4822.5317,4821.046,4820.227,4813.78,4796.927,4815.3887
4223.3374,4157.2954,4177.76,4158.375,4147.567,4159.683,4174.003,4169.1685,4199.443,4188.2607,4173.809,4159.833,4158.029,4161.4165
1180.7522,1188.1234,1182.217,1182.0037,1182.1696,1192.9421,1190.3912,1194.6454,1190.8425,1191.6268,1190.4005,1197.9562,1197.3032,1197.4352
9439.492,9599.6455,9700.548,9738.912,9723.574,9691.902,9810.768,9739.336,9780.058,9729.936,9681.974,9865.689,9797.93,9834.515
8421.719,8374.112,8384.159,8337.035,8407.776,8196.268,8343.278,8211.432,8253.195,8256.344,8407.44,8077.966,8300.374,8298.256
1316.0651,1331.3032,1343.3635,1328.4348,1320.1777,1323.3376,1339.6957,1347.8208,1348.1471,1364.5261,1362.527,1342.4377,1348.8608,1354.8624
6645.3203,6603.988,6518.7207,6604.211,6668.174,6615.8687,6579.9697,6627.1367,6590.6606,6525.4307,6531.0493,6596.4526,6620.57,6566.6475
7861.3936,8081.543,8214.493,8777.743,9113.444,9154.337,8655.246,8800.941,8639.485,8926.879,9035.484,9138.297,9031.65,9065.576
8913.393,8865.615,8829.017,9190.601,9428.556,9410.611,9446.215,9446.45,9478.177,9457.818,9471.285,9457.872,9540.918,9523.014
8640.077,8694.332,8700.611,8725.485,8784.395,8798.385,8779.667,8750.327,8767.05,8774.534,8796.508,8757.758,8819.44,8844.992
8400.402,8481.635,8406.4,8523.774,8624.136,8666.575,8531.204,8445.194,8531.784,8575.938,8539.275,8585.809,8723.618,8743.941
9047.568,9096.132,9103.859,9102.874,9014.706,8966.127,8931.388,9040.439,9093.687,9088.156,9133.649,9082.546,9055.779,9056.733
6777.2827,6843.9785,7008.6997,6949.4697,6821.5645,6849.779,6870.166,6875.714,6920.946,6894.596,6808.151,6798.37,6811.5884,6879.683
6779.023,6793.3013,6977.4233,6930.2505,6765.553,6802.028,6846.442,6853.288,6861.305,6834.299,6782.2124,6756.9395,6786.9727,6837.192
9629.214,9563.663,9526.198,9513.918,9460.351,9526.606,9557.439,9530.504,9450.2705,9474.703,9485.159,9513.522,9529.07,9546.919
10377.859,10466.16,10435.33,10556.374,10810.576,10954.819,10913.675,10862.541,10670.155,10500.769,10784.774,10933.704,10902.137,10802.459
915.9256,933.3163,939.7882,944.47253,941.6991,941.0164,928.43896,929.9413,931.78455,944.0008,956.35583,957.40173,947.62683,952.72345
926.536,933.6795,935.3235,935.0719,932.41156,922.9112,918.2015,929.99036,933.4598,938.40857,940.9007,939.453,940.04095,939.6177
7989.794,8072.3213,8101.3,8112.0337,8111.461,8094.1597,8094.356,8098.989,8112.876,8070.4746,8061.876,8054.1235,8009.7627,7994.9365
8236.754,8208.004,8126.8633,8295.211,8419.637,8316.0205,8175.418,8166.285,8227.805,8210.916,8242.484,8376.929,8494.261,8466.17
987.27716,994.2483,999.85547,1004.27075,1018.18695,1034.2416,1053.8887,1032.2004,1051.311,1025.8191,1027.7235,1031.1472,1049.72,1038.656
8485.265,8487.731,8454.337,8462.164,8467.004,8501.711,8470.008,8481.174,8459.626,8471.685,8465.916,8508.33,8519.486,8484.459
1086.8519,1078.979,1079.3572,1082.8296,1075.8965,1078.9286,1075.1902,1077.8298,1076.9802,1077.1492,1079.6049,1082.0146,1081.6333,1078.7126
1169.1755,1167.2878,1156.2909,1161.4169,1160.0406,1159.8616,1165.7784,1169.0183,1157.2655,1148.1595,1144.6438,1156.0591,1162.8203,1150.4244
6461.156,6639.5317,6578.0225,6634.6216,6455.421,6519.5693,6587.705,6575.589,6465.5522,6522.3677,6609.726,6713.102,6590.521,6655.374
7880.458,7991.082,8061.155,8134.648,8164.149,8067.642,8186.034,8134.3706,8109.3105,8142.56,8020.9346,8263.841,8048.6045,8228.109
7896.3887,7989.9863,8079.3877,8215.506,8262.602,8157.853,8347.871,8217.666,8116.2236,8223.6,8255.447,8420.165,8233.977,8381.535
7691.035,7690.227,7696.694,7667.845,7678.9185,7675.4478,7654.3896,7653.5176,7688.87,7688.733,7691.6187,7661.3965,7687.1396,7665.1113
7477.3315,7506.0215,7322.472,7367.8916,7426.2734,7609.762,7767.862,7657.8237,7549.802,7633.2534,7685.2856,7254.6797,6972.3716,7132.3613
5758.2407,5875.5605,5985.5957,6027.006,5875.0015,5824.936,5895.927,5955.7915,6004.8413,5962.048,5747.596,6013.575,6084.841,6160.4985
1348.8418,1358.539,1363.703,1353.9026,1361.8835,1371.8008,1355.3896,1343.4174,1355.2621,1365.0724,1365.8888,1355.3047,1349.3903,1346.9755
1478.2708,1496.0662,1498.4124,1500.3646,1492.2,1496.0392,1493.9089,1494.2988,1485.8976,1494.334,1494.6147,1496.6302,1496.3562,1497.6338
5748.75,5691.0337,5752.6665,5711.844,5868.5464,5713.172,5569.339,5463.856,5573.931,5540.0435,5615.3506,5581.5425,5510.571,5514.302
1774.1926,1765.463,1763.3938,1765.9463,1767.234,1767.5692,1767.0466,1763.4714,1764.3148,1760.7997,1754.7822,1754.823,1764.6868,1764.5486
8902.846,8906.657,8883.793,8931.803,8940.297,8891.586,8906.377,8928.663,8929.981,8905.023,8885.344,8888.281,8892.542,8878.2705
7036.0293,7138.933,7157.4854,7110.7666,7078.7007,7094.3833,7147.4004,7089.848,7115.4336,7165.1255,7175.034,7094.9214,7137.961,7215.102
8071.445,8059.254,8044.551,8023.0605,7970.791,8002.971,8039.7217,8018.619,8003.632,7995.055,7987.3364,7952.123,7852.267,7906.207
8097.163,8092.2305,8090.3535,8052.068,8039.988,8043.991,8096.8066,8063.5786,8052.7456,8035.0293,8016.5547,7955.8965,7961.563,7980.5425
1612.5624,1612.6213,1618.7363,1635.2195,1656.1306,1654.6853,1646.2676,1625.5872,1635.3611,1636.6277,1647.2106,1650.9336,1660.1067,1646.9806
746.4469,750.9316,766.0386,772.42377,752.77875,745.74866,745.9471,756.33,750.47534,754.8915,769.9405,776.45605,792.0921,787.44354
5309.39,5344.0576,5403.065,5321.907,5395.915,5315.5884,5351.3994,5361.5225,5408.89,5461.996,5672.0864,5409.7197,5357.5527,5426.9175
5035.2725,4966.99,5175.9424,5082.004,5118.2476,4968.654,5047.611,5050.0347,5133.097,5203.284,5466.891,5342.3877,5140.3716,5103.29
892.28064,902.7112,919.28064,912.6411,908.53204,896.04443,901.93524,908.15594,912.31055,928.0136,940.62286,910.9231,907.5473,915.3876
5916.2837,5861.255,6002.8877,5961.2544,6150.524,6076.6616,6181.013,6035.0107,6126.8867,6012.161,6116.981,6099.541,6122.909,6051.841
7783.441,7787.0225,7789.3413,7770.9272,7785.371,7793.576,7799.9395,7795.246,7793.072,7794.377,7809.3496,7793.5557,7777.283,7778.325
1615.4581,1602.4421,1599.712,1624.8845,1603.9268,1612.0099,1612.6017,1603.25,1576.0588,1606.0656,1611.6395,1625.0232,1631.3289,1630.1672
1455.529,1466.5181,1437.162,1469.3264,1428.3091,1428.1051,1436.5284,1442.5282,1425.4167,1428.9406,1417.6448,1441.2214,1411.4651,1430.2998
6552.972,6675.7446,6790.5586,6611.0366,6810.891,6719.9995,6602.2217,6643.4053,6912.464,6963.8433,6925.1133,6822.425,6855.515,6906.3896
1111.3595,1115.9716,1126.881,1125.0599,1098.4355,1101.8154,1100.7472,1106.6779,1112.3365,1117.4565,1118.9908,1115.4991,1110.8219,1115.6614
6399.3374,6338.0547,6293.0264,6360.6167,6398.739,6474.3975,6406.2363,6373.285,6349.6343,6346.6733,6354.0825,6378.4897,6408.7217,6382.775
5058.718,5090.4653,5067.0454,5075.8975,5027.23,5151.51,5228.6733,5186.6147,5162.829,5130.749,5082.022,5101.5107,5186.572,5185.927
1608.333,1618.3195,1607.8616,1600.3937,1549.3368,1540.2233,1538.0653,1582.7831,1571.4242,1591.6808,1604.4868,1572.6497,1546.2775,1578.3457
1613.2186,1619.212,1612.8315,1592.2491,1566.7067,1561.9586,1558.1613,1557.8477,1573.295,1584.4229,1580.3873,1550.2991,1556.9932,1583.4452
5441.156,5395.3853,5304.492,5322.1665,5380.3594,5379.4697,5408.837,5358.494,5284.075,5270.656,5249.821,5286.5786,5358.928,5380.6514
4998.0947,5050.4507,5012.6123,4983.5454,5053.0513,5094.496,5123.294,5096.792,5089.2617,5052.0,5081.1904,5104.8423,5150.296,5119.434
5128.4443,5127.503,5100.219,5084.343,5134.202,5166.6367,5177.4194,5152.509,5132.2534,5116.3364,5147.827,5176.681,5220.8955,5207.0796
4976.5186,4977.7,4947.2275,4959.9683,5044.2354,5057.7183,5066.721,5028.468,5016.9214,4996.9185,5045.149,5068.865,5115.6304,5042.7344
1496.0978,1496.4818,1500.5319,1513.3679,1519.0413,1523.3384,1510.1117,1497.1602,1495.5155,1501.4708,1501.5654,1510.2773,1519.3021,1512.3474
1481.4563,1480.2097,1481.93,1495.2426,1499.5645,1504.0217,1489.3416,1477.6882,1472.988,1491.4049,1487.7906,1492.6823,1501.672,1493.9658
7625.2495,7776.9604,7667.2935,7746.3906,7755.029,7799.3984,7727.0757,7727.6646,7696.789,7888.0796,7965.6133,7928.4033,7948.5273,7991.6694
7631.755,7721.0654,7631.183,7669.365,7721.9546,7717.7637,7650.786,7637.7964,7672.8115,7903.7915,7967.708,7827.873,7950.0044,7993.007
1605.546,1612.4962,1624.241,1631.9899,1607.024,1607.427,1577.4922,1611.3832,1616.7653,1626.7621,1630.2168,1613.7386,1634.1686,1643.2119
6602.5405,6547.964,6570.4316,6574.087,6547.961,6479.052,6455.689,6461.904,6437.0093,6478.633,6522.3643,6459.5713,6404.3384,6377.9653
6541.258,6604.521,6639.2227,6568.2827,6506.8887,6539.6084,6570.8994,6563.847,6545.905,6611.182,6597.814,6485.5225,6441.8013,6441.644
5618.47,5585.659,5497.239,5430.931,5469.035,5521.7637,5552.1123,5528.812,5589.725,5562.338,5490.409,5446.2627,5536.794,5539.6533
6649.299,6661.465,6569.11,6535.263,6575.635,6618.077,6689.9966,6657.797,6662.0146,6633.708,6529.0327,6540.2773,6591.5186,6654.4146
6791.1777,6767.4214,6608.166,6675.695,6725.1064,6864.451,6892.7603,6856.195,6850.547,6743.349,6615.408,6740.355,6932.587,6947.891
5376.272,5372.334,5343.57,5432.693,5248.8184,5263.7603,5277.3965,5330.002,5232.192,5212.436,5242.6313,5319.191,5239.658,5303.8916
6797.7456,6804.8174,6816.0093,6749.612,6791.6035,6776.441,6843.6143,6817.0425,6827.4185,6796.568,6827.909,6825.3525,6844.4507,6821.6987
1190.6328,1227.9783,1202.0773,1200.9172,1171.3174,1196.6602,1211.6265,1212.828,1192.2582,1195.5566,1188.6427,1192.6791,1192.3723,1205.0437
1189.5503,1207.594,1192.0663,1208.5402,1177.3303,1199.7638,1210.6477,1198.0431,1181.9373,1187.7781,1186.9589,1188.4053,1185.3827,1184.7554
6519.919,6570.413,6637.4775,6559.515,6526.1987,6563.1255,6505.4443,6491.4087,6433.0586,6538.472,6606.2827,6433.0337,6351.752,6255.372
6676.8276,6647.3477,6672.881,6637.2915,6678.835,6610.4873,6636.9663,6563.0215,6529.7437,6636.896,6572.792,6478.4297,6487.553,6401.1587
1117.9827,1114.928,1110.0764,1108.04,1104.1014,1100.5472,1097.2064,1104.2133,1111.8483,1101.8917,1101.043,1101.3932,1104.3917,1102.9191
9696.673,9599.687,9456.735,9555.081,9486.66,9740.424,9832.736,9607.123,9636.722,9649.354,9678.006,10053.914,10373.358,10420.054
1085.5356,1111.2861,1123.6096,1067.6748,1086.8766,1099.5356,1104.0605,1108.0277,1133.1586,1143.6499,1141.3143,1136.0549,1141.204,1141.6726
1420.4446,1441.6455,1440.3817,1440.0447,1449.0253,1459.7673,1461.1898,1451.6216,1445.4615,1447.4858,1444.307,1442.5015,1443.0454,1450.033
1396.8827,1403.729,1411.6996,1410.3915,1419.5369,1426.4153,1424.715,1412.5994,1410.3475,1411.1007,1413.9451,1408.567,1409.0273,1414.0393
10412.158,10390.135,10361.089,10346.225,10342.823,10283.49,10380.791,10321.152,10359.818,10301.571,10207.909,10263.99,10169.308,10063.734
6041.291,6003.9487,5918.0522,5883.3486,5913.103,5870.4756,5885.431,5927.0117,6087.432,6097.36,6092.588,5917.5024,6278.2563,6365.025
8051.221,7943.2656,7919.0874,7991.9224,7910.1846,7950.341,7944.2495,7987.923,7894.6475,7884.2295,7902.2847,7962.9785,7963.635,7967.754
8089.474,7989.105,7897.4937,8038.442,7832.9536,8059.0063,8055.7554,8087.6133,7860.5757,7886.7515,7858.888,8017.9473,8015.8574,8069.1963
8062.9585,7967.5195,7864.144,8024.346,7801.911,8137.223,8150.6274,8058.4873,7793.838,7845.7886,7840.237,8044.096,8039.847,8113.835
4017.3442,4036.974,4057.2258,4073.0583,4061.7615,4090.6824,4062.2263,4067.944,4057.5723,4050.9475,4046.9426,4104.6504,4072.374,4073.908
4072.223,4067.167,4116.328,4089.6575,4084.261,4085.6304,4110.565,4084.7068,4112.9004,4078.5684,4114.9233,4083.5352,4092.5818,4079.0068
8591.325,8549.727,8550.383,8550.113,8534.552,8517.176,8548.547,8570.189,8563.092,8538.503,8508.084,8451.081,8447.646,8436.7705
8647.205,8621.066,8619.004,8621.514,8598.816,8572.365,8603.654,8638.77,8621.236,8623.783,8574.525,8513.48,8490.833,8506.335
5145.3374,5181.0474,5220.4585,5226.624,5224.9565,5206.2456,5209.516,5203.0234,5237.886,5239.8535,5234.7373,5214.8315,5240.814,5233.6655
923.2422,917.728,918.9508,918.4031,908.00494,913.1734,919.4428,917.45746,911.69934,911.9708,908.1345,913.73395,905.8883,911.4446
4462.9697,4413.0776,4363.7407,4301.284,4248.2646,4377.1934,4412.7905,4430.5444,4360.241,4333.9204,4216.807,4188.8525,4369.596,4350.679
8567.769,8576.608,8577.077,8594.433,8569.535,8560.169,8631.99,8706.137,8592.554,8566.586,8564.352,8585.694,8572.855,8605.967
5066.6353,5063.954,5067.931,5035.2744,4929.262,4922.923,4916.331,4992.751,4991.6455,4952.4136,4914.62,4970.6113,4976.6196,4977.225
5295.987,5332.5923,5361.2207,5384.8354,5338.5596,5294.161,5258.889,5337.0615,5383.7153,5367.089,5330.583,5353.5117,5351.8354,5325.466
5275.0366,5321.014,5324.1772,5327.025,5266.817,5244.8096,5241.204,5324.5376,5328.3354,5314.988,5279.8755,5314.224,5299.4336,5294.2886
1195.3795,1191.8304,1190.0448,1183.499,1193.5707,1187.1782,1190.4111,1186.9675,1188.063,1184.1758,1178.3616,1180.9365,1186.3541,1178.2864
1184.9026,1181.3242,1176.5795,1171.8348,1182.887,1179.0007,1181.6133,1178.9994,1178.277,1171.3923,1164.0854,1170.5153,1172.6709,1165.8439
4984.542,4971.3423,4979.8184,4985.662,5012.734,5019.6846,5027.5083,5002.501,5006.684,5001.055,4997.56,4993.172,5011.134,5003.177
1076.6438,1073.3153,1072.3616,1084.7739,1100.1432,1105.8907,1097.6171,1092.5759,1103.434,1098.0863,1080.8823,1075.6301,1090.8916,1094.6509
1089.5433,1097.8995,1089.2822,1110.039,1117.973,1120.7515,1113.6533,1109.6682,1114.8447,1111.4343,1093.5383,1106.388,1107.9921,1112.7731
5507.85,5499.186,5547.007,5523.0522,5492.054,5523.103,5542.119,5559.9634,5535.71,5525.057,5537.138,5527.1274,5496.653,5526.5986
4856.6875,4793.0103,4741.5317,4881.701,4886.489,4837.4326,4685.3403,4820.796,4883.2393,4767.693,4725.1494,4898.6777,4936.5303,4783.571
1086.4657,1079.2659,1071.0221,1063.9319,1063.5149,1064.22,1068.0543,1076.465,1081.2141,1073.1967,1062.7833,1061.3701,1062.6423,1064.5574
6106.7314,6090.849,6067.0327,6028.385,5893.5815,6009.793,5939.2656,5922.2,6001.532,5959.694,5939.8667,5969.053,6003.678,6007.6655
1185.4097,1193.7126,1199.218,1206.0834,1198.4296,1195.2229,1191.7743,1196.5966,1203.4065,1206.369,1211.4741,1211.6108,1204.5768,1212.053
1165.6101,1176.1282,1184.0117,1188.0579,1177.5914,1176.3937,1179.0474,1182.1918,1185.3197,1189.0199,1196.8811,1189.3289,1187.5858,1187.0802
1267.3616,1271.8588,1278.6925,1279.0718,1278.848,1266.0797,1266.5771,1269.0857,1266.256,1283.3102,1292.5455,1274.1871,1248.9618,1224.3527
1711.5564,1700.8855,1696.8434,1686.233,1695.707,1668.6582,1687.1118,1688.2648,1690.9055,1689.7723,1692.9688,1676.4755,1686.9117,1682.1915
9119.4375,9166.941,9152.586,9188.468,9239.669,9265.488,9226.828,9261.885,9303.043,9230.463,9236.063,9243.267,9250.418,9260.329
4667.254,4629.3936,4639.6304,4645.0513,4677.358,4641.257,4587.97,4642.225,4699.356,4690.0835,4677.8364,4711.336,4676.957,4670.355
8357.063,8356.902,8354.444,8353.729,8337.763,8376.616,8364.732,8336.789,8279.107,8281.828,8297.591,8274.843,8292.452,8291.323
5986.9634,6134.675,6041.3237,6279.8843,6305.926,6265.9043,6220.0693,6264.2544,6211.4126,6279.9165,6388.372,6366.3096,6235.1304,6241.094
2599.936,2618.509,2621.0903,2648.379,2668.7544,2643.9055,2610.0298,2597.023,2615.8792,2605.0725,2639.4631,2659.9268,2630.6433,2611.638
8022.6665,7999.2583,7963.9077,8054.0854,8136.3687,8146.945,8068.8857,8056.72,8022.055,8032.347,8103.0835,8188.0396,8147.9023,8100.2354
7506.2446,7482.9434,7443.9263,7334.5083,7484.3936,7502.2705,7482.5566,7347.224,7470.5312,7434.784,7432.833,7426.172,7448.632,7350.5156
7606.942,7688.4956,7655.3447,7602.8823,7621.775,7677.6597,7753.1655,7741.83,7746.2373,7679.378,7625.954,7627.482,7664.7554,7656.192
2122.3074,2119.5415,2131.0579,2126.7017,2117.6052,2115.818,2114.0217,2107.9016,2111.408,2113.9536,2118.6812,2119.6025,2118.7185,2115.4404
1927.1035,1934.037,1918.0925,1927.5302,1937.9073,1911.21,1862.2659,1871.2708,1873.9325,1923.768,1911.7717,1920.933,1908.843,1916.7526
4572.8945,4540.4805,4567.745,4645.315,4551.378,4509.5796,4397.3105,4473.2837,4489.0625,4533.9316,4553.2563,4589.794,4489.6055,4522.788
4560.629,4517.443,4529.423,4532.2695,4511.108,4492.0176,4511.1997,4518.1787,4501.1,4501.3145,4498.184,4523.988,4531.1807,4524.6147
4443.036,4466.7583,4467.023,4472.219,4468.052,4474.128,4471.5225,4465.563,4454.2583,4462.7534,4475.8643,4479.3276,4474.3306,4480.654
1775.935,1784.258,1784.1593,1786.736,1783.4985,1794.2241,1781.9604,1792.016,1785.8047,1780.7915,1781.3099,1799.7678,1801.8008,1778.6671
1776.1523,1786.4417,1780.4636,1783.9725,1791.3988,1792.9138,1769.169,1787.0018,1777.142,1779.5984,1793.1201,1799.7689,1792.3655,1765.2229
4372.934,4330.6074,4331.0894,4330.972,4279.843,4270.392,4289.232,4283.582,4258.563,4271.081,4285.8647,4286.4946,4310.0776,4301.8926
1628.2506,1638.2744,1652.7406,1662.7593,1658.4684,1652.1592,1635.3207,1653.6816,1670.7986,1669.5627,1672.5034,1667.1663,1666.1282,1659.5791
1149.0647,1131.7604,1118.6847,1138.6404,1144.6721,1126.2167,1114.0558,1116.9666,1119.1093,1122.9902,1128.6243,1137.3124,1142.4432,1130.7408
1426.1411,1415.5184,1408.791,1426.6744,1433.2522,1415.2488,1388.6659,1395.3787,1398.3496,1400.1191,1392.1051,1396.1399,1389.7789,1367.3641
4275.45,4242.0737,4129.5713,4247.614,4216.4194,4220.2827,4147.5283,4193.4775,4130.9014,4129.1465,4018.9587,4088.865,4108.029,4031.0989
4211.879,4145.7417,4038.1626,4179.835,4145.1597,4185.2544,4152.0645,4166.7437,4042.727,4014.6892,3957.0474,4046.5396,4077.9019,4003.4062
1884.7474,1895.6034,1882.2122,1837.2916,1791.7595,1845.103,1838.4895,1854.5463,1835.6774,1847.9221,1845.1451,1838.025,1827.4852,1851.8035
1911.5815,1934.5447,1920.4155,1850.0693,1810.2426,1861.0653,1839.2738,1853.1709,1840.6454,1852.0491,1862.652,1840.374,1827.5284,1867.6915
1917.5933,1932.692,1921.7878,1861.2686,1831.1143,1854.1547,1841.7814,1868.7047,1854.0708,1857.5859,1852.7532,1845.0874,1839.6068,1860.5016
1805.4528,1836.5112,1814.225,1814.8763,1759.4298,1766.3827,1765.0573,1795.2172,1772.9907,1765.9445,1766.2303,1781.7305,1766.4437,1774.1531
1801.9896,1829.1936,1801.5237,1793.5991,1749.9912,1760.5492,1760.7377,1777.8425,1766.543,1766.7391,1765.5176,1769.0864,1767.7136,1776.993
4069.1248,4108.7275,4135.8154,4116.603,4136.8945,4095.6887,4055.7666,4060.7837,4094.1228,4084.3389,4069.0615,4060.5103,4066.922,4079.0823
4642.3906,4537.5586,4500.5605,4549.5547,4628.3936,4656.994,4700.004,4687.0957,4606.451,4512.3696,4564.1445,4655.92,4630.0923,4531.7085
1374.3901,1369.6951,1367.4148,1366.3136,1368.3551,1364.3878,1362.3884,1341.688,1341.8401,1344.2775,1339.1609,1338.7988,1340.3755,1342.5881
1367.2247,1358.4775,1369.6947,1363.1221,1361.4741,1358.0654,1346.681,1343.5536,1351.0175,1345.7147,1345.1448,1344.1532,1345.5411,1345.5851
3965.9573,3945.8574,3937.668,3966.6204,3938.9875,3972.3462,3940.3357,3905.696,3935.1406,3918.9795,3890.9868,3889.621,3925.2336,3929.294
5056.359,5080.413,5130.4956,4816.0645,4732.48,4844.9653,5089.367,4901.8335,4867.8677,4816.112,4787.339,4771.7314,4858.0986,4909.6123
4983.927,4943.236,4975.006,4767.346,4814.6772,4947.334,4989.234,4811.5693,4803.6724,4784.385,4774.247,4769.61,4810.6323,4840.074
4023.3374,4043.8193,4024.839,4015.2935,4008.3901,4019.9001,4022.9795,4018.7002,4017.2844,4009.695,3993.5652,3995.2883,4013.4226,4018.2986
3962.5098,3991.4878,3974.0732,3975.6333,3955.8926,3991.1167,4000.6365,4012.9102,3971.53,3999.48,3983.3425,3992.0122,3988.6663,4003.93
5627.4165,5694.177,5707.1562,5736.984,5704.0205,5701.2773,5664.147,5677.4326,5709.5103,5734.739,5747.8984,5700.251,5745.2734,5714.636
2135.686,2121.8213,2120.7114,2114.5115,2129.4834,2128.1755,2107.6587,2098.1453,2111.5613,2114.5305,2120.8604,2107.2722,2111.0686,2110.3992
1640.19,1631.1647,1634.9866,1615.7485,1608.3325,1609.567,1618.9795,1620.3099,1607.1246,1593.4587,1626.1877,1620.122,1636.7471,1630.44
5995.9565,6115.794,6152.764,6161.7744,6134.448,6123.3633,6172.6113,6203.73,6208.2563,6211.8047,6290.638,6270.439,6228.463,6239.024
1956.8207,1968.2693,1960.9229,1962.6001,1963.261,1959.1364,1950.6743,1954.6864,1972.813,1978.0868,1978.7443,1971.2777,1978.6847,1983.8636
1202.4321,1195.3263,1178.2148,1236.5249,1246.1683,1243.0448,1234.6749,1244.5045,1256.3206,1240.6945,1245.6577,1249.0107,1246.004,1214.0688
2716.7854,2661.245,2463.9536,2133.727,2323.5215,2399.3477,2109.8577,2264.391,2527.5898,2417.1782,2238.7485,2289.0005,2449.1562,2533.7578
3171.8416,3173.659,3181.4175,3141.2954,3303.3418,3238.1267,3250.6013,3140.3538,3247.768,3351.0828,3311.7834,3114.5635,3190.2283,3319.1028
3160.529,3138.3394,3128.1433,3144.0474,3209.5706,3184.2166,3185.1614,3069.6177,3236.818,3286.8936,3194.8318,3033.0327,3198.1929,3318.937
3067.6907,3063.704,3013.6675,3090.3108,3189.5945,3139.164,3161.6287,3030.787,3270.991,3225.6204,3136.8447,2983.0947,3104.8625,3206.27
6096.7954,6117.6343,6056.73,6087.236,6045.637,6071.1226,6033.5386,6127.4995,6102.554,6102.6,6090.817,6127.3413,6153.9263,6192.961
1119.9441,1122.9229,1124.6106,1123.3054,1121.5979,1117.9878,1119.5765,1121.9812,1125.1918,1125.133,1125.9031,1122.3011,1119.365,1121.597
1587.1432,1582.6573,1572.7335,1574.685,1578.6333,1572.321,1572.006,1575.3293,1578.3492,1573.2716,1571.6276,1575.6349,1576.4127,1572.1359
1593.417,1586.2955,1582.7031,1581.3435,1583.1385,1576.1787,1577.7527,1579.5609,1585.6588,1578.7866,1577.2908,1579.4661,1578.9462,1577.9767
2304.5098,2313.3713,2320.27,2336.7285,2364.76,2370.2625,2365.4255,2366.2756,2339.6345,2324.9895,2404.7517,2387.4104,2358.2551,2270.6274
2383.2988,2379.3606,2375.789,2364.7397,2323.0398,2348.5613,2346.1008,2350.6262,2338.4475,2334.6719,2324.1675,2328.0715,2355.0278,2355.4092
1789.8412,1780.4548,1760.609,1778.3822,1802.209,1782.551,1719.6534,1689.168,1740.8464,1778.397,1779.4818,1780.0345,1785.8619,1746.4259
1755.5177,1788.7115,1780.4645,1753.8932,1733.1918,1759.4161,1785.0977,1791.7328,1786.1478,1788.2024,1796.3633,1792.8853,1783.6006,1802.2908
4927.039,5128.129,4974.392,4998.425,4928.9053,4993.5586,4896.173,4825.474,4899.485,4919.1353,4968.5356,4971.61,4920.664,4852.7295
5077.149,5249.636,5166.5195,5105.018,5081.2485,5116.678,5058.5757,4935.801,5035.6094,5094.87,5131.979,5057.1587,5054.1914,5027.1406
3893.6313,3913.9514,3890.2856,3914.8809,3932.6572,3933.452,3913.7239,3942.7114,3932.4673,3929.2756,3950.084,3971.2524,3987.4382,3961.5154
3711.2493,3725.1445,3715.0693,3758.8225,3796.207,3810.9224,3721.6633,3773.4763,3843.1372,3813.9263,3814.9866,3866.413,3927.2534,3885.9907
4905.079,4954.284,4932.1147,4940.875,4904.8555,4936.7793,4936.7354,5019.4937,4950.472,4923.1875,4834.86,4927.0234,4919.595,4895.375
4654.3345,4685.049,4692.125,4682.88,4686.6465,4673.7085,4678.629,4673.685,4700.366,4709.7554,4707.7944,4692.248,4710.6523,4695.0454
4598.916,4583.768,4563.224,4641.8105,4606.0156,4630.243,4576.482,4629.278,4659.404,4554.3657,4573.9155,4730.7056,4799.9297,4744.632
4637.4707,4684.011,4677.7407,4719.076,4604.2627,4686.2114,4692.1743,4675.887,4633.688,4645.651,4725.439,4788.507,4806.15,4823.4697
1130.0168,1134.9135,1137.8419,1143.4584,1140.968,1148.0638,1149.0826,1146.502,1138.3309,1137.4965,1137.874,1134.8286,1138.1084,1146.7908
4612.6426,4616.8086,4700.93,4730.775,4700.316,4752.002,4759.2153,4749.952,4752.1846,4783.8853,4794.8374,4777.3506,4742.8384,4757.855
1902.2593,1925.5544,1927.3494,1933.1127,1909.3894,1908.4802,1945.5895,1945.0015,1922.1014,1938.0358,1941.6295,1939.1605,1945.3926,1954.5105
1905.8632,1912.094,1904.2156,1909.9476,1886.7166,1888.6299,1927.0312,1927.8552,1893.887,1910.1536,1913.8954,1912.6907,1919.4545,1928.7
5140.4556,5280.1426,5287.1826,5238.7417,5164.795,5113.9204,5123.0,5199.9956,5162.519,5131.8877,5186.4214,5223.524,5120.591,5249.4688
1761.3176,1790.067,1821.2391,1821.1788,1786.5574,1852.2782,1827.4243,1881.6217,1906.4447,1931.0386,1899.6917,1924.6633,1919.2137,1875.275
1757.9938,1789.6985,1815.8815,1831.3541,1792.9473,1859.3704,1834.3422,1890.5138,1901.2933,1930.6682,1902.429,1922.4229,1920.565,1888.9775
1682.3975,1682.6768,1680.9707,1675.7002,1653.7499,1640.1791,1645.1804,1662.0137,1657.5277,1658.9036,1659.0955,1660.6892,1659.2334,1658.0299
4860.0005,4833.964,4841.4683,4843.973,4878.591,4875.605,4869.805,4838.579,4831.4414,4853.5317,4872.231,4861.163,4879.882,4852.8896
4827.001,4790.939,4797.0547,4814.0337,4820.4717,4840.4346,4823.7993,4799.52,4785.221,4804.229,4842.0254,4862.148,4867.694,4823.2534
4152.6553,4166.331,4170.454,4171.5703,4166.725,4177.8223,4184.527,4204.157,4177.9272,4179.6426,4176.639,4180.229,4180.4023,4180.319
1575.769,1587.4783,1601.9462,1570.4532,1538.061,1534.3412,1538.1038,1555.5758,1571.7864,1584.5493,1578.9657,1567.4487,1576.0087,1593.4855
4770.8315,4804.2295,4773.462,4759.024,4634.8877,4690.389,4711.279,4762.4536,4756.228,4721.194,4628.723,4647.5083,4653.1685,4691.595
4774.0405,4762.6895,4768.425,4730.057,4755.4414,4803.8525,4827.779,4766.0137,4765.3755,4767.287,4772.982,4775.7554,4803.5737,4802.356
4125.882,4120.071,4118.527,4123.0005,4117.6772,4123.6323,4124.4575,4127.0327,4118.2095,4123.4595,4123.309,4130.4473,4126.299,4125.898
1838.9908,1854.756,1848.4392,1872.5814,1859.7314,1836.964,1796.2103,1781.6102,1804.4623,1836.2623,1854.8491,1842.4512,1809.5865,1840.3729
1837.1475,1857.1691,1849.5737,1871.0127,1851.6635,1832.5178,1796.3085,1794.9404,1807.0048,1837.614,1854.1099,1831.7422,1803.0133,1834.2322
4095.572,4091.6924,4089.801,4084.7932,4094.7815,4085.7827,4075.317,4083.6833,4088.3003,4115.384,4108.8477,4107.001,4104.1787,4082.2488
4033.4358,4021.4536,4020.7915,4019.309,4019.9404,4023.5767,4013.7766,4017.7556,4017.43,4032.3477,4028.517,4033.1345,4034.3381,4022.1777
4164.3335,4170.4297,4169.597,4160.6455,4152.4985,4158.612,4159.025,4158.512,4153.007,4161.008,4161.0103,4161.521,4164.564,4172.64
2155.296,2168.2046,2183.4194,2175.7727,2157.8242,2141.0576,2173.2983,2154.9468,2163.5132,2179.2668,2186.7478,2167.4792,2175.436,2196.2324
4158.335,4154.309,4115.609,4085.7412,4118.468,4029.6338,4026.6877,4053.1147,4107.4663,4093.715,4081.568,4016.9531,4060.8142,4092.6604
4095.5647,4100.064,4083.6702,4069.4873,4060.9797,4042.846,4020.5571,4044.4502,4051.1304,4066.1614,4029.7563,4008.9026,4034.455,4055.6125
3796.1562,3834.424,3823.4363,3789.822,3778.3901,3801.6467,3828.3843,3848.3862,3854.6907,3856.9846,3845.3677,3831.9204,3850.2969,3866.7812
2286.28,2252.7944,2269.5066,2277.9138,2277.1987,2256.428,2292.9111,2225.1577,2240.057,2228.1753,2286.221,2262.1023,2349.984,2292.803
5328.398,5292.4004,5263.2905,5290.0557,5320.4595,5326.334,5313.3794,5303.407,5294.504,5272.0396,5291.383,5342.1997,5375.835,5305.1777
3878.5203,3879.5933,3874.8977,3866.7437,3886.9531,3866.8289,3825.6724,3842.3672,3893.8208,3858.0217,3853.3223,3839.0605,3808.2808,3816.6633
4425.1787,4416.985,4382.5312,4375.894,4398.2075,4378.7896,4380.7715,4387.0557,4395.0186,4406.5435,4393.501,4362.0156,4380.6885,4398.277
4389.711,4382.006,4360.8374,4366.9565,4345.699,4325.746,4370.3394,4366.0225,4361.6978,4384.723,4352.636,4338.5674,4359.5586,4373.3364
1560.581,1581.451,1577.6102,1571.2695,1542.9559,1560.6592,1571.3547,1567.784,1568.5441,1566.1804,1566.8901,1562.3422,1542.58,1553.6838
5210.119,5173.9375,5170.4307,5159.8047,5087.667,5147.372,5172.794,5173.7925,5078.5015,5029.9585,5143.937,5087.599,5108.623,5086.2134
5333.2397,5421.375,5266.0537,5282.534,5226.469,5270.3193,5336.4697,5302.3184,5204.061,5231.3916,5245.3374,5255.343,5254.947,5255.3306
5377.989,5490.319,5274.9424,5353.7007,5301.4897,5355.3535,5389.9165,5330.148,5186.5527,5236.7285,5269.2275,5284.3374,5309.223,5351.1772
3285.1433,3315.3313,3320.6353,3316.9092,3306.0386,3304.1277,3314.642,3301.1746,3299.9485,3305.471,3314.3186,3303.4414,3308.2688,3324.654
4984.715,4994.9,4992.75,4980.6567,4989.08,5010.176,5015.7837,5003.521,5008.1016,5005.2495,5011.466,5021.251,5040.5923,5021.6514
4908.415,4901.5747,4900.906,4865.2935,4844.0596,4856.9927,4844.745,4853.316,4871.7373,4863.632,4853.4595,4846.7085,4844.556,4844.6465
4970.44,4968.84,4910.3433,4941.4707,4948.6343,4927.954,4853.936,4940.585,4918.922,4928.033,4904.194,4922.598,4869.5596,4855.2593
2436.0967,2432.7854,2447.592,2440.0723,2427.399,2432.7314,2443.3599,2449.5142,2452.1897,2452.7612,2458.3174,2453.5466,2439.9033,2429.409
2487.6,2480.4026,2477.724,2461.887,2443.4143,2461.4026,2463.1624,2474.0305,2473.05,2475.9937,2469.667,2465.6882,2456.6458,2457.0842
5023.254,4942.6465,4896.3896,4973.3843,5141.0957,5063.4546,4819.9897,4823.9497,4940.7407,5027.1177,5080.263,5227.6436,5469.56,5287.2266
4436.0986,4448.9385,4584.0894,4556.566,4519.485,4478.1855,4747.079,4676.6025,4787.4546,4618.9556,4888.2,4881.8496,4883.6035,4464.382
4552.843,4621.8745,4777.63,4617.603,4567.826,4531.957,4795.013,4719.565,4880.7812,4756.521,4940.81,4812.1787,4868.661,4673.953
2281.4822,2357.7097,2312.228,2356.3296,2305.2917,2401.0857,2398.7104,2368.5493,2256.783,2329.7107,2367.8394,2416.6245,2317.8225,2399.1262
2274.9028,2332.7622,2286.4634,2363.3328,2332.93,2380.6719,2368.8494,2334.3044,2218.9688,2287.21,2306.5542,2356.3364,2275.5479,2353.6775
6039.4634,6236.9414,6238.3345,6353.258,6603.155,6445.8247,6538.2266,6326.9683,6419.74,6459.9907,6625.157,6652.3555,6652.086,6625.1
2518.934,2518.8352,2541.924,2553.7073,2570.715,2576.2542,2597.1501,2566.623,2531.8193,2547.3235,2560.542,2574.8206,2571.6494,2557.8918
2387.7832,2377.9968,2377.9453,2379.953,2377.7234,2379.67,2373.3516,2374.5017,2382.8938,2376.0144,2374.4104,2375.037,2373.667,2371.9282
4641.668,4664.218,4701.7207,4736.724,4683.665,4675.236,4684.5938,4645.9766,4638.7983,4627.424,4626.5776,4633.4062,4650.8823,4672.637
4650.6636,4653.177,4684.9727,4759.397,4726.0044,4666.24,4630.242,4622.761,4628.3887,4609.807,4603.751,4620.3276,4642.172,4656.5996
4506.3984,4459.559,4443.112,4545.332,4425.081,4448.5137,4448.096,4506.067,4462.435,4381.6724,4380.7935,4504.417,4473.994,4425.949
3197.813,3193.9631,3195.679,3206.5532,3185.302,3186.4443,3163.122,3175.7788,3170.091,3159.5686,3138.7812,3141.2563,3134.8176,3147.4236
3192.3098,3194.6548,3206.2815,3201.558,3177.5068,3184.7002,3178.8472,3185.266,3140.5288,3141.4949,3142.045,3135.594,3133.6226,3161.7156
3237.279,3264.0344,3257.0774,3241.2996,3206.8293,3216.5388,3217.2253,3222.8076,3164.7031,3196.2244,3172.2666,3159.848,3154.597,3214.4058
4416.467,4394.665,4403.7153,4402.993,4372.9956,4359.3286,4394.3706,4385.8594,4389.5244,4362.7095,4360.511,4379.5146,4395.44,4388.1245
3394.852,3449.1877,3464.8179,3472.901,3382.1516,3346.4888,3377.7869,3432.7832,3433.4736,3459.7944,3417.918,3355.8877,3379.45,3329.704
4124.253,4153.047,4056.8743,4168.668,4088.1555,4154.9233,4072.2659,4113.029,4002.8901,4002.481,4049.8008,4126.8135,4103.5522,4090.182
4858.543,4950.9307,4907.783,5040.072,5135.789,4871.62,4613.683,4788.757,4822.0923,4873.3047,4711.623,4672.639,4713.0684,4665.2314
4692.393,4644.4395,4638.266,4678.7227,4564.2344,4560.382,4456.8613,4526.2344,4504.8374,4524.3647,4454.1655,4455.052,4491.71,4466.684
2854.5173,2873.098,2825.016,2832.5784,2837.9158,2834.5947,2814.4072,2816.2463,2814.7864,2813.2383,2810.4705,2820.9954,2829.779,2825.9028
2728.457,2728.9102,2738.9219,2758.9846,2765.1335,2739.59,2743.4817,2746.5076,2769.6501,2768.167,2781.5693,2774.2852,2783.4248,2775.8994
6561.1216,6551.1895,6555.6167,6610.4194,6621.361,6683.24,6639.242,6578.794,6447.849,6540.177,6554.1445,6551.51,6528.85,6522.3916
6459.169,6410.4155,6452.424,6496.723,6514.491,6562.597,6482.515,6436.387,6290.3477,6373.7163,6417.5244,6377.416,6388.484,6364.8145
4223.0386,4205.483,4175.3677,4266.991,4281.2354,4364.3945,4268.439,4182.344,4271.1006,4213.2993,4235.455,4364.915,4532.2534,4422.152
4941.1694,5062.154,5171.9243,5119.895,5058.7065,5062.576,4914.251,4961.568,5086.0156,5196.56,5248.0825,5183.1074,5127.57,5132.2397
5031.2783,5109.1763,5234.3413,5108.4873,5020.9194,5012.6294,4974.337,4985.527,5101.838,5209.26,5262.2324,5111.251,5092.612,5125.112
5166.094,5250.554,5289.156,5280.405,5232.972,5165.0835,5169.181,5197.463,5258.8916,5327.2207,5384.0356,5270.824,5228.08,5282.6343
4026.1294,4067.7231,4081.4404,4104.9985,4111.878,4139.511,4114.381,4120.6084,4135.9116,4147.4927,4119.3237,4101.8438,4102.2095,4121.458
4309.6484,4378.3975,4386.3633,4423.683,4470.79,4405.8726,4412.8203,4399.1865,4458.53,4435.7344,4424.399,4428.0166,4467.493,4432.1694
4615.0566,4645.7373,4766.795,4586.9385,4543.6797,4383.5396,4534.6177,4502.0728,4732.563,4664.4487,4804.523,4453.1235,4564.8345,4677.7065
5030.95,5012.671,5011.4062,5077.348,5091.9434,5057.4023,5024.1016,5059.831,5052.0103,5015.198,5002.516,5042.9556,5078.333,5072.9976
4987.146,5024.728,5077.6836,5147.7524,5047.88,5091.489,5088.1255,5117.4336,5090.8306,5082.5913,5094.56,5117.418,5091.76,5109.2773
4919.5454,4974.0796,4920.287,4932.2646,4877.968,4935.2563,4952.445,4939.81,4899.372,4934.4404,4849.6025,4877.4995,4832.4873,4974.202
4854.994,4890.5625,4871.983,4861.4272,4842.585,4837.99,4888.7847,4888.402,4854.407,4880.809,4768.4253,4821.4634,4772.7314,4893.735
2037.5056,2053.0232,1996.2941,2058.4614,2030.7247,2105.4302,2122.288,2088.6216,2072.843,2134.4539,2054.7385,2085.691,2116.9497,2133.8362
4301.198,4321.342,4183.109,4248.919,4219.025,4194.3833,4198.0464,4277.5034,4065.5347,4078.203,3975.2244,4169.4214,4107.998,4106.8735
1913.4504,1922.4851,1900.3291,1919.6328,1894.4543,1902.6848,1881.8656,1874.1149,1861.4844,1876.4365,1881.5144,1904.1869,1886.0502,1894.8849
1917.5651,1946.9552,1914.9122,1933.4293,1891.5975,1899.7358,1869.0919,1878.9807,1878.2704,1889.5133,1900.1814,1933.9712,1903.9106,1933.5494
5033.9536,5046.395,5032.976,5092.433,5149.618,5063.146,5041.1494,5051.718,5074.3545,5075.7695,5085.577,5078.9453,5065.232,5053.979
4529.3945,4568.143,4552.8447,4555.5854,4583.998,4584.3926,4594.355,4622.408,4615.446,4620.2505,4606.322,4616.255,4609.001,4621.1816
1673.5731,1672.4135,1673.8436,1652.493,1658.8954,1666.1741,1677.9897,1674.4784,1705.8635,1680.4003,1676.1957,1658.7644,1681.17,1687.8074
5567.137,5573.666,5558.6196,5595.2847,5617.622,5609.186,5579.926,5567.5703,5568.6147,5578.309,5617.597,5629.3755,5628.6157,5630.044
5137.36,5108.263,5138.553,5101.195,5004.4375,5028.245,5106.5825,4996.8486,5023.237,5074.3037,5167.484,5009.7827,5067.2573,5143.7725
1675.6162,1674.6605,1675.411,1677.1849,1675.4048,1674.28,1671.2935,1672.4978,1672.303,1671.2236,1669.8801,1670.997,1673.6943,1673.3699
1547.4297,1544.4736,1546.3639,1538.4652,1590.4188,1578.9816,1570.8855,1584.1471,1617.5726,1590.234,1544.0834,1570.509,1595.5328,1587.1139
5091.0015,5104.584,5161.8604,5179.3564,5103.8,5171.4453,5148.9277,5137.2915,5076.1387,5167.762,5194.1436,5181.0596,5193.504,5186.093
4166.1963,4203.496,4204.476,4239.3047,4197.942,4221.914,4173.7944,4241.575,4256.733,4259.7964,4202.5117,4232.5293,4253.6353,4275.848
4213.627,4229.2153,4230.932,4219.4985,4219.152,4218.932,4234.068,4228.8335,4247.0317,4240.04,4235.6772,4215.567,4213.1333,4220.5864
1616.4564,1622.4502,1626.0895,1631.2092,1624.9895,1646.8363,1635.3517,1640.4956,1634.792,1631.3113,1623.254,1625.3793,1635.2526,1643.6929
4953.655,4924.1597,4995.13,5034.2217,5010.6445,4930.152,4929.9165,5008.85,5038.8022,4977.7656,4993.6104,5019.7847,5086.3384,5088.665
5799.9453,5822.3506,5820.8745,5812.5093,5803.614,5806.2446,5795.321,5817.544,5820.6914,5830.008,5824.527,5822.7446,5822.385,5820.027
5925.9272,6047.8604,6125.1655,6159.21,6190.407,6208.563,6065.269,6189.0234,6313.124,6261.97,6206.7725,6190.2197,6176.7627,6160.116
6004.0234,5951.5454,5979.2656,5998.547,5977.96,5986.507,5985.421,5966.1987,5965.73,5918.6777,5948.464,5978.984,5990.168,5985.69
5105.778,5041.947,4987.676,5102.2866,5138.115,5121.364,4985.0063,5014.639,5023.5894,5042.68,5037.399,5106.1567,5059.31,5043.9297
5076.9614,5096.9443,4912.784,5300.1304,5209.0176,5277.3853,5224.8716,5263.5903,4919.2646,5110.134,4856.9424,5480.9717,5148.372,5282.064
5048.7764,5029.9233,5029.9395,5056.0083,5108.68,5023.8857,4918.81,4954.4346,4901.5776,4896.543,4886.3013,4829.5615,4881.1484,4841.861
4609.3564,4595.496,4551.533,4588.819,4597.754,4642.18,4506.6123,4420.552,4442.0337,4745.3447,4834.1523,4469.8823,4654.8325,4776.29
4124.8086,4084.8328,4085.9023,4087.1802,3990.5498,4045.331,3996.7969,4018.7617,4001.004,4002.879,4011.386,4005.2053,4006.9028,4017.175
4238.8,4257.8525,4240.3706,4226.7656,4134.7036,4173.028,4145.749,4147.3276,4020.3313,4108.838,4055.7495,4042.8342,4059.6362,4095.8977
4082.9033,4077.7483,4087.8171,4100.263,4021.006,4063.5972,4033.3118,4026.4277,3920.6821,3973.9087,3988.9045,3982.8416,3977.0657,3993.7363
4702.579,4688.64,4612.8486,4826.9473,4891.6836,4819.7246,4810.371,4788.8525,4734.3613,4716.101,4757.607,4869.208,4790.4277,4652.1016
4254.807,4268.407,4229.9414,4247.368,4251.8477,4234.034,4237.254,4227.099,4225.513,4242.01,4131.8228,4174.791,4125.691,4182.1475
3908.2158,3877.5093,3871.2263,3905.2595,3914.3933,3904.3215,3884.325,3877.3474,3887.6094,3866.162,3846.5344,3840.3,3861.542,3854.6045
3881.3413,3880.429,3846.8315,3865.4807,3876.5999,3892.064,3847.8494,3877.2727,3858.7842,3822.295,3818.705,3849.4683,3845.0112,3853.723
6599.991,6670.03,6441.8315,6844.2666,6975.41,7088.02,6965.5234,6809.8545,6727.3564,7184.8623,6966.3887,7129.1885,7276.186,7112.076
6508.6577,6530.91,6420.1562,7017.459,7144.556,7128.4253,6922.341,6824.3096,7020.7393,7112.47,7143.262,7449.743,7229.6357,7024.536
4686.1235,4663.6504,4657.402,4662.9194,4684.459,4713.838,4726.3525,4675.5127,4667.405,4671.43,4681.1753,4696.4946,4714.1533,4714.8584
3759.732,3585.7285,3686.7239,3810.962,3755.3418,3692.9849,3621.9875,3636.6758,3615.38,3509.3962,3521.1575,3699.8357,3634.954,3587.736
6284.2573,6276.199,6193.7554,6340.053,6258.53,6277.4336,6093.8525,6272.1724,6168.4395,6157.2617,6061.031,6138.132,6082.613,6028.801
3495.1597,3473.455,3371.603,3467.7996,3380.0369,3423.8398,3474.2224,3402.4312,3344.8386,3327.4102,3326.6519,3409.706,3395.1506,3419.1868
4886.9414,4898.2856,4896.358,4875.9673,4785.249,4753.8467,4816.712,4813.569,4766.5186,4858.8984,4867.952,4791.648,4728.8257,4730.684
5062.147,5095.6265,5126.808,5068.636,5070.323,5082.1733,5091.9443,5103.2603,5115.6035,5112.247,5114.3335,5093.124,5100.885,5104.364
4516.536,4506.804,4447.499,4459.851,4493.294,4426.893,4447.5044,4417.196,4382.5503,4440.566,4426.725,4410.6553,4457.3184,4445.05
4644.3154,4597.1885,4531.847,4568.922,4554.9185,4572.4062,4601.2954,4503.1133,4487.6226,4503.3022,4480.602,4536.0986,4545.09,4554.534
4545.37,4495.6816,4451.45,4500.809,4517.4014,4490.8174,4460.218,4409.696,4439.388,4464.5996,4443.8813,4483.7637,4479.71,4447.6514
4682.774,4596.798,4518.4473,4644.389,4622.034,4661.2275,4478.663,4517.176,4575.4365,4583.8003,4521.3047,4639.8193,4627.123,4606.2427
4591.473,4730.8164,4774.5137,4731.6343,4718.036,4732.2104,4706.3184,4699.1313,4747.5615,4802.102,4817.161,4776.4956,4721.4604,4730.8257
2458.2954,2471.7837,2483.969,2466.2803,2436.9573,2456.2253,2472.512,2467.3264,2451.0647,2475.9536,2481.7007,2465.7786,2450.2747,2484.2534
2438.9944,2466.7722,2465.4294,2448.9238,2431.987,2454.815,2456.0203,2451.1917,2441.6448,2466.282,2462.1506,2450.541,2447.7698,2480.9675
2452.1958,2512.6548,2480.508,2451.88,2425.8923,2489.6125,2464.8352,2452.3567,2454.7007,2500.906,2478.4375,2457.2227,2454.4958,2530.5967
2836.2563,2967.4668,2876.968,2889.4739,2974.7244,2936.5535,2963.7717,2957.079,2982.6382,3040.637,2961.8289,2813.5325,2832.215,2966.9753
2044.5228,2084.4963,2070.6138,2110.1052,2133.7024,2092.5337,2067.3433,2155.2168,2136.5217,2150.4402,2091.025,2186.0093,2122.181,2039.0928
3991.7832,4204.138,4087.1013,4075.396,3829.797,4022.4773,3994.436,3993.7766,3762.6553,3962.0332,3945.3804,3939.331,3840.8176,3753.8438
2624.9827,2806.907,2806.4878,2749.363,2746.9832,2663.4487,2740.1633,2687.4556,2520.8125,2754.1367,2900.817,2792.5386,2637.447,2918.6592
3479.1255,3526.2095,3515.4082,3591.0776,3701.7612,3584.625,3657.5273,3648.1953,3720.5962,3735.6453,3743.0054,3706.399,3676.8386,3736.4329
4443.026,4516.899,4520.8257,4548.912,4545.32,4529.861,4507.39,4516.9033,4552.549,4580.1265,4582.548,4564.6445,4584.652,4571.2485
4500.548,4509.1294,4560.154,4579.6914,4588.376,4553.5376,4511.977,4528.939,4614.155,4698.327,4722.666,4682.5557,4699.6196,4645.066
5903.956,6129.6807,6301.2617,6538.508,6630.4336,6513.456,6769.1533,6599.154,6503.806,6557.8633,6906.134,6799.2783,6535.4497,6645.5713
4199.773,4178.8945,4169.9937,4206.907,4243.7256,4244.009,4201.4565,4209.5317,4246.0366,4230.458,4197.5854,4229.55,4192.113,4146.726
3336.9019,3322.4763,3302.0845,3300.2947,3316.798,3354.7258,3339.3928,3331.7122,3306.1794,3302.141,3298.6416,3287.4556,3306.7742,3298.8372
2193.121,2196.134,2213.636,2231.7302,2235.8533,2232.9238,2244.7612,2246.6472,2242.0913,2235.377,2240.7244,2241.3386,2240.0576,2239.4438
2185.0833,2188.4004,2205.8015,2218.3523,2208.1243,2199.7124,2220.751,2218.3394,2212.1157,2204.1213,2210.971,2211.04,2209.9048,2212.7925
2953.141,2952.7456,2931.264,2934.0317,2940.3547,2912.9373,2904.8066,2918.892,2934.0186,2933.15,2923.4143,2924.102,2919.0613,2914.1206
2990.1116,2990.04,2970.256,2981.497,3003.1172,2962.6255,2953.078,2978.6348,2997.576,2987.0613,2979.8003,2972.159,2969.577,2961.8938
2952.26,2965.7578,2952.051,2972.6362,2961.337,2927.336,2909.5903,2975.7854,2973.2742,2967.2285,2954.5625,2978.4695,2960.4639,2940.626
1970.7468,1973.5106,1968.2832,1965.2819,1961.5433,1970.8243,1969.5369,1973.851,1965.5323,1963.5765,1956.7035,1963.7545,1965.4286,1966.4342
2611.224,2653.8792,2659.265,2690.0708,2706.665,2718.7178,2640.4797,2643.5803,2660.919,2711.7358,2701.3445,2690.6982,2695.6533,2717.8218
6452.6123,6458.639,6465.721,6423.1436,6412.2466,6444.956,6454.6206,6422.01,6454.3784,6453.708,6431.218,6413.396,6446.6504,6449.3496
4597.761,4797.5923,4799.6665,4799.4644,4810.4443,4841.643,4835.054,4865.2456,4946.0356,4836.1655,4813.2944,4828.9253,4803.1587,4764.7017
1205.3251,1201.5912,1183.1566,1191.0634,1199.8324,1209.0731,1217.6466,1215.181,1210.6305,1199.8785,1194.7233,1207.3159,1213.3531,1220.2961
1193.5891,1181.0061,1174.65,1184.8511,1198.3363,1191.2406,1198.268,1190.5941,1182.9174,1167.7029,1178.609,1182.914,1186.703,1176.5773
1972.5089,1966.6709,1981.0632,1953.5197,1966.577,1952.906,2003.2096,1989.5225,1983.3962,1945.5914,1965.2196,1963.1245,1978.292,1973.7192
4193.5,4103.1543,4087.983,4125.113,4188.2227,4145.086,4114.7085,4105.8643,4115.3774,4090.1047,4097.2163,4114.4956,4163.7363,4106.2544
4203.0693,4110.903,4148.4146,4218.672,4247.1895,4182.5176,4140.219,4153.2773,4167.6577,4157.0396,4153.9746,4172.093,4189.4893,4161.271
6152.211,6074.0103,6112.3105,6081.039,6048.1445,6090.2676,6107.9165,6087.1284,6080.96,6081.0464,6113.079,6118.6357,6146.8086,6138.0605
1799.0955,1820.0602,1845.7312,1802.568,1805.1721,1791.4559,1784.0872,1812.192,1837.7823,1829.9065,1829.0719,1812.3502,1824.8633,1829.9828
2081.5852,2077.5098,2073.0737,2085.758,2092.5488,2110.5864,2102.707,2086.587,2076.4753,2086.8936,2094.919,2094.4846,2095.4773,2091.5251
2069.3787,2054.1042,2057.7136,2072.084,2079.0483,2077.3315,2070.637,2064.7969,2068.0386,2070.1873,2081.9353,2077.2737,2078.3826,2069.7988
2084.643,2074.6682,2078.6672,2083.519,2085.766,2084.8123,2082.0352,2074.146,2083.823,2084.2822,2086.6487,2083.5002,2084.237,2080.9827
2013.861,2007.646,2008.4404,2004.7333,1996.2025,1997.7957,1996.9824,2001.4536,1998.0249,2003.2344,2004.9409,2003.238,2002.1482,2004.2745
2196.0283,2180.784,2198.956,2201.074,2206.8013,2176.8223,2202.8223,2195.0166,2186.1145,2184.958,2222.52,2187.2332,2122.5874,2109.4983
2149.8389,2137.115,2136.5095,2139.0227,2143.0132,2127.91,2115.1538,2123.9402,2138.8735,2129.4014,2119.1572,2097.8809,2082.9243,2077.6816
2164.942,2171.6033,2172.101,2173.194,2166.1118,2158.2322,2137.1392,2160.78,2154.661,2170.209,2145.9028,2138.784,2090.343,2088.0942
2098.5667,2123.165,2118.666,2143.4373,2140.2288,2138.9343,2129.6704,2135.5266,2120.9634,2126.53,2156.6033,2169.987,2158.5208,2172.4617
1679.8817,1641.9622,1658.7393,1684.3806,1739.4503,1717.7521,1717.7361,1717.1818,1729.4552,1722.542,1719.5443,1715.5264,1732.4423,1717.3224
1666.7272,1628.1283,1652.517,1686.4037,1733.6266,1714.7804,1718.4852,1720.5914,1726.8302,1714.5912,1721.365,1717.3818,1730.4149,1714.3889
1794.4755,1809.9813,1814.2567,1768.5522,1794.0457,1794.0679,1833.8397,1832.6997,1842.0309,1832.4923,1827.2728,1808.0352,1829.1353,1843.7222
1712.542,1698.5603,1708.3954,1690.6898,1679.9363,1663.285,1650.6838,1654.389,1696.5536,1686.9152,1685.779,1668.3175,1660.4314,1662.4573
1344.0776,1326.7795,1324.6852,1322.7921,1293.1764,1306.971,1287.4845,1290.4573,1286.5459,1288.8799,1285.366,1294.013,1305.7305,1289.1348
1276.6926,1230.0494,1231.9014,1272.2139,1347.853,1323.1162,1313.9613,1298.3922,1304.5037,1294.2955,1301.3237,1308.4819,1334.2429,1334.3113
1564.9492,1552.8317,1554.3622,1561.5071,1566.7012,1564.7719,1562.0961,1561.1339,1564.9044,1568.1335,1553.7961,1547.9463,1546.659,1543.9525
1561.6096,1557.1929,1560.0419,1566.865,1573.8418,1570.8092,1567.8676,1558.918,1573.6241,1567.5538,1558.4064,1552.7062,1550.1797,1546.0345
1529.9753,1538.2195,1503.1594,1535.993,1548.145,1563.0099,1595.4749,1559.8381,1586.0222,1561.175,1535.4727,1582.3193,1578.3217,1601.5576
1539.6418,1544.1998,1515.4187,1540.5046,1544.6708,1578.7228,1601.0676,1602.9336,1571.1396,1584.1709,1573.4889,1649.1013,1606.1027,1602.269
2055.4878,2029.6926,2032.4537,2044.6853,2048.0151,2028.6531,2036.1299,2047.1133,2054.0706,2026.6532,2024.2646,2040.8837,2042.3021,2033.3099
2033.6162,2021.2236,2026.7023,2045.3224,2045.422,2025.9772,2042.8734,2047.5707,2054.3047,2024.1439,2022.9557,2037.1041,2036.0822,2023.3545
1964.6884,1944.1372,1920.7994,1933.6069,1935.4143,1952.398,1966.467,1969.4592,1948.3628,1916.9369,1895.3934,1923.9082,1939.1671,1948.8541
1995.0618,1972.584,1957.6885,1982.1534,1964.7253,1968.885,1981.1659,1950.2603,1921.4613,1939.3739,1913.5554,1966.9437,1967.5464,1972.9036
4475.652,4502.095,4444.92,4342.19,4571.7275,4434.7246,4458.0703,4403.277,4693.384,4540.3975,4412.543,4280.7354,4522.238,4571.6216
9189.592,9280.722,9413.933,9366.939,9274.134,9262.888,9289.661,9322.669,9321.197,9332.605,9367.229,9333.569,9262.674,9320.455
2274.731,2290.1572,2256.1213,2284.4868,2278.238,2240.8105,2254.2598,2244.1284,2213.4873,2232.7903,2255.64,2333.8723,2257.8662,2214.0571
2316.3748,2327.5054,2333.7034,2337.4402,2344.1963,2307.1265,2366.6348,2294.653,2250.4507,2279.805,2349.7793,2393.4866,2330.1304,2313.5918
2481.4211,2508.6978,2445.3682,2436.0195,2420.0742,2440.5217,2509.2695,2512.4326,2518.16,2455.3828,2450.7012,2523.3887,2455.5386,2495.662
2182.5176,2198.8306,2205.7869,2238.4382,2247.435,2254.4255,2258.0442,2251.8364,2229.0479,2219.6606,2234.3862,2245.6387,2235.308,2226.8115
2456.3867,2487.963,2498.4583,2471.734,2416.7756,2440.6902,2427.8262,2429.1682,2440.1685,2467.8486,2476.9146,2455.9167,2453.4146,2467.2363
2424.0002,2472.2786,2472.1562,2430.592,2409.1116,2412.6775,2396.9773,2405.326,2420.5842,2453.5898,2461.9731,2428.8118,2428.8857,2449.0398
2658.7063,2651.3179,2643.9836,2686.1023,2677.691,2621.7104,2689.9175,2651.1108,2630.3467,2621.6482,2609.923,2638.8135,2606.7092,2613.203
2446.399,2476.6826,2506.7002,2476.4321,2440.3162,2472.6929,2501.2888,2478.3047,2496.317,2477.2031,2483.9624,2458.013,2466.7861,2481.5176
2452.1711,2489.974,2511.6511,2447.2805,2411.6636,2453.8574,2493.6018,2470.5308,2463.5242,2466.341,2463.3906,2437.4036,2431.8887,2463.2876
2376.458,2383.433,2385.6047,2373.4983,2351.576,2353.5923,2363.3948,2375.511,2381.3938,2386.6738,2379.731,2368.6365,2372.1926,2380.4214
2371.1816,2384.8635,2396.4028,2362.4814,2325.847,2346.979,2351.308,2363.5728,2374.9075,2393.5728,2368.831,2359.4644,2360.6914,2368.68
5134.1934,5190.78,5032.712,5236.665,5147.5044,5215.2324,5330.9595,5312.2803,5364.8584,5103.895,5071.6963,5416.6157,5282.536,5107.6357
4705.4453,4688.2817,4689.826,4707.3604,4698.837,4712.5674,4701.0137,4714.5713,4702.5967,4688.982,4699.2104,4712.696,4714.7256,4704.8735
5200.686,5240.991,5254.327,5240.8687,5232.349,5256.979,5271.2607,5243.458,5228.779,5230.9077,5232.4907,5219.3853,5216.7954,5243.6426
6128.589,6077.1826,6036.742,6041.894,6011.6875,6086.355,6079.6836,6117.914,6089.6323,6114.199,6162.828,6192.7104,6221.878,6168.018
6018.8203,6165.942,6086.6704,6069.6934,5952.6387,6121.532,6165.215,6137.2095,6070.8237,6121.296,6024.213,6037.856,5980.7144,6096.005
681.7256,675.68866,673.8942,685.2189,686.70514,670.50507,719.7147,715.56885,719.06055,674.80884,691.76215,708.7208,716.9773,653.2149
6812.7695,6900.098,6780.1553,6871.307,6934.6704,6891.0503,6873.086,6904.5557,6882.911,6837.287,6832.3022,6883.0645,6903.1606,6912.7217
7510.6426,7430.118,7319.253,7407.0874,7338.6416,7353.2017,7363.024,7428.3086,7414.2593,7386.5254,7341.497,7382.9956,7390.0806,7371.2876
7526.995,7406.1885,7386.9194,7412.547,7393.293,7415.693,7431.575,7415.0737,7425.656,7406.5503,7384.5034,7408.201,7448.973,7448.0005
6694.933,6681.437,6682.6826,6688.78,6648.179,6669.1714,6665.9224,6637.1855,6654.8643,6667.7197,6634.0117,6642.586,6641.556,6630.2295
7495.408,7521.2876,7536.27,7612.529,7548.8335,7524.9272,7571.3086,7581.549,7547.9385,7551.305,7564.261,7570.828,7545.0747,7536.1343
3501.6655,3628.5735,3650.5957,3549.1274,3457.793,3518.2185,3450.286,3534.9634,3519.4905,3428.2637,3368.7866,3275.8237,2992.6426,3020.2476
947.969,949.8589,948.9815,944.8579,952.21576,942.3623,953.64716,943.47003,950.4994,937.7395,948.77527,936.88916,939.88025,926.93713
8220.724,8194.063,8197.326,8226.439,8234.923,8239.429,8193.463,8215.908,8208.77,8209.401,8205.269,8239.63,8223.809,8206.297
8126.7544,8088.3345,8106.7124,8123.9756,8118.39,8130.8584,8092.8657,8108.2417,8103.6733,8101.9194,8109.942,8135.293,8112.395,8093.878
8211.015,8162.4,8177.612,8199.626,8198.39,8181.3237,8157.5493,8168.662,8174.6846,8171.711,8178.776,8181.8086,8165.4844,8147.9897
6559.669,6636.7925,6579.0596,6641.108,6694.565,6700.012,6652.578,6653.6665,6629.0933,6703.8755,6718.8926,6722.6978,6738.056,6740.643
6495.809,6551.581,6519.4507,6549.6357,6570.242,6573.165,6554.6924,6556.4,6553.6484,6591.4077,6606.747,6607.6504,6612.357,6609.939
7097.348,7008.5767,6944.695,6920.231,6924.4834,6927.2363,6932.469,6952.92,6999.4644,6964.6704,6920.6055,6943.728,7027.4517,6992.736
7311.772,7193.311,7040.2847,7289.667,6996.03,7309.9062,7165.295,7278.4697,6897.719,6773.529,6797.736,7105.475,7020.635,7081.5854
7396.6772,7439.882,7233.0903,7151.523,7148.1,7188.3784,7138.329,6985.5674,7012.6367,6867.8833,6983.102,7023.8477,7091.8506,7015.4277
7397.8745,7385.9785,7404.742,7451.152,7452.5293,7478.8047,7473.3516,7433.1094,7427.922,7423.4844,7427.1094,7443.3213,7457.583,7471.109
7393.261,7430.127,7433.354,7497.4976,7505.6416,7524.5728,7502.7026,7476.533,7473.552,7467.2183,7480.3516,7502.4634,7507.524,7525.1006
7310.3525,7344.4316,7340.448,7405.8853,7419.627,7445.027,7402.097,7373.5566,7390.8857,7397.0884,7385.337,7402.4473,7418.2656,7455.623
3198.977,3247.1675,3275.482,3403.348,3350.6306,3330.7874,3320.7458,3359.151,3392.2986,3379.1711,3359.1543,3391.903,3400.5403,3399.7144
4719.77,4745.666,4728.37,4740.9976,4783.99,4758.0337,4755.9614,4725.095,4777.321,4776.347,4776.147,4756.2725,4778.733,4765.204
4763.954,4772.773,4740.3047,4755.823,4779.953,4754.9194,4749.462,4750.653,4795.7666,4769.1123,4782.5977,4775.633,4782.0713,4787.466
5767.8203,5716.3486,5645.514,5770.673,5803.8486,5757.019,5649.198,5648.364,5669.277,5702.4443,5677.65,5678.9985,5807.927,5755.826
5437.6797,5471.6006,5514.0493,5480.712,5445.8013,5440.3867,5431.602,5447.384,5494.928,5479.361,5507.4634,5474.3696,5467.706,5482.8057
5181.4966,5117.574,5052.2427,5020.5317,4958.876,5048.2524,5108.2773,5172.516,5201.8906,5020.167,4941.1797,5116.8647,5239.3867,5370.64
5253.779,5212.8213,5173.309,5118.5864,5101.5474,5176.5,5307.111,5319.762,5282.337,5173.3022,5098.819,5258.595,5356.498,5421.7544
5188.5723,5181.6724,5142.404,5049.371,5085.7188,5084.007,5184.0205,5167.431,5146.4004,5091.084,5060.8696,5163.357,5298.7705,5364.7407
5223.035,5207.663,5180.4023,5070.496,5059.9033,5062.8555,5141.083,5152.3354,5102.109,5035.179,5044.465,5195.8364,5320.726,5378.8833
4712.55,4570.4956,4616.761,4578.559,4772.483,4598.2144,4813.2993,4686.4453,4815.8164,4428.284,4614.145,4546.811,4761.1953,4821.198
4290.8813,4304.6636,4319.3774,4322.2256,4312.2207,4304.5527,4303.291,4316.071,4317.874,4317.7705,4321.2705,4322.4985,4318.86,4313.5957
4306.031,4328.2017,4345.4556,4354.1743,4340.4883,4337.4155,4332.8003,4342.0366,4342.6772,4339.1924,4351.02,4351.7124,4341.3745,4321.323
4722.8154,4688.4673,4732.51,4761.1953,4663.9336,4676.901,4638.0845,4623.206,4594.996,4662.2993,4688.287,4657.818,4624.2944,4626.867
3686.3782,3677.4312,3618.1309,3668.9182,3741.0037,3746.9753,3728.913,3731.8953,3746.884,3733.3896,3721.1643,3764.534,3811.9539,3785.2683
3568.673,3534.0642,3512.1467,3560.2122,3624.7434,3654.6375,3631.5208,3592.339,3638.519,3614.897,3611.4036,3647.2532,3704.0083,3676.3691
3598.0588,3575.2507,3550.782,3645.0981,3680.81,3690.8975,3681.1223,3683.4963,3676.1638,3648.2937,3665.922,3730.5278,3756.6711,3709.5144
8207.778,8147.5205,8151.366,8135.1646,8130.585,8176.218,8122.6357,8105.3296,8116.2476,8144.3994,8166.9375,8168.034,8188.787,8155.5146
6857.4116,6849.993,6801.674,6851.593,6863.5103,6857.6885,6879.3804,6958.6406,6894.263,6859.512,6853.0474,6919.333,6911.156,6871.333
9775.583,9699.249,9737.485,9774.241,9739.042,9726.513,9686.182,9730.65,9788.125,9724.583,9693.676,9707.004,9699.531,9682.135
5185.5327,5275.827,5278.64,5249.917,5238.874,5231.525,5250.8516,5276.5693,5290.206,5317.723,5357.2856,5316.0864,5321.7847,5303.131
2283.1284,2286.998,2293.3225,2293.3738,2291.1086,2289.4617,2281.488,2274.5723,2282.0444,2286.0498,2297.59,2299.1882,2301.2651,2298.409
2345.6829,2350.4658,2341.0903,2348.7434,2350.7734,2342.8125,2320.0813,2372.1113,2392.6257,2369.9297,2330.535,2300.5586,2333.6648,2350.168
2246.5237,2260.4055,2262.7964,2270.9084,2276.7288,2277.6465,2283.2625,2279.5388,2275.1824,2277.3247,2270.2617,2267.3718,2279.787,2290.6636
5723.0684,5857.734,6125.0923,6080.1416,6165.716,6094.8193,6273.8125,6262.523,6297.8687,6274.5913,6284.6733,6237.526,6262.7085,6254.5117
5647.5146,5800.009,5673.8203,5700.1562,5692.4062,5700.3765,5699.058,5638.5454,5483.368,5725.5425,5692.74,5744.9893,5665.2197,5787.47
5707.082,5838.955,5695.944,5776.136,5779.384,5764.5366,5759.9297,5642.0244,5618.127,5752.4946,5743.2075,5906.1343,5778.579,5857.3853
2053.2148,2079.4,2056.3506,2066.0278,2030.9978,2021.3472,2054.9204,2025.6459,2014.844,2019.0618,2009.7095,2010.5383,2014.0717,2025.7997
2018.4266,2001.6946,2014.5674,2014.2837,2003.4657,2012.8914,2006.3877,2005.0278,2001.5856,1996.5997,2002.7278,2006.5509,2005.1755,2000.0533
6970.5854,7050.349,7095.136,7033.208,7055.8057,6926.9956,7110.7837,7098.97,7083.5386,7024.981,7049.83,6997.741,7010.842,7079.5728
4020.2236,3931.5205,3945.2756,4008.1194,3969.4458,3914.6501,3914.5193,4003.7056,3938.7573,3917.756,3925.1729,3939.6917,3920.444,3924.083
2820.9468,2829.409,2814.0593,2837.7764,2855.8591,2884.197,2865.8013,2841.389,2844.8098,2832.0596,2832.9749,2857.135,2862.625,2835.726
3429.8818,3448.5186,3470.384,3475.5762,3393.866,3404.1357,3383.406,3411.837,3414.9888,3396.1338,3398.0452,3380.2822,3307.978,3363.3315
5682.145,5956.3916,5844.1636,5805.0967,5591.7344,5594.5522,5462.2983,5711.5723,5789.4917,5774.242,5828.661,5686.2686,5602.677,5460.639
4548.184,4509.53,4478.4463,4457.2837,4431.6675,4455.0596,4463.302,4437.5845,4423.704,4426.0215,4447.549,4468.6826,4481.374,4459.1934
5324.3022,5312.8306,5278.7153,5198.4204,5147.115,5165.3916,5164.277,5215.3906,5274.8716,5241.2593,5157.5293,5121.307,5201.8276,5228.3687
6274.367,6251.5347,6224.3477,6218.8765,6211.664,6198.8315,6213.677,6272.418,6280.4995,6237.9307,6209.218,6211.639,6210.024,6201.512
5663.918,5621.685,5690.4136,5669.8267,5603.2847,5641.957,5549.467,5539.935,5544.7246,5554.13,5643.768,5683.7437,5666.65,5662.9326
4270.6914,4493.6626,4312.7246,4414.049,3990.7432,4227.6475,4337.5654,4509.239,4258.381,4357.387,4165.7983,4314.3506,4131.058,4254.529
5622.811,5609.7065,5532.136,5754.944,5804.2876,5729.0195,5791.2266,5640.2144,5394.498,5490.1377,5544.717,5772.5713,5616.3857,5604.8306
5006.8755,4968.877,4964.2495,4929.7993,4870.262,4963.4033,4969.384,4928.943,4828.43,4677.4565,4710.769,4725.5537,4717.2256,4792.3325
3941.297,3966.9424,3998.6157,4069.953,4064.3325,4064.3452,3938.6604,3978.3643,4045.7566,4010.1304,4006.9578,4092.5706,4093.4263,4013.0784
4058.1616,4085.0374,4120.3066,4125.3,4081.8574,4043.8408,4008.0588,4062.6252,4109.7075,4114.0005,4133.107,4114.2246,4121.7134,4119.2466
5302.907,5323.144,5294.5527,5305.2134,5300.179,5311.6562,5305.857,5273.9673,5241.576,5284.2153,5300.1973,5291.2344,5283.197,5333.0225
5196.622,5214.8994,5213.4976,5245.7505,5234.9277,5238.3296,5214.3823,5193.798,5176.676,5226.6177,5249.6406,5221.328,5248.617,5275.104
7440.568,7367.547,7104.3604,7501.5854,7434.6406,7621.4546,7566.8384,7541.9126,7135.951,7156.2817,7260.3,7660.627,7400.3096,7449.619
4396.6406,4394.246,4409.847,4396.434,4350.09,4352.8022,4358.2397,4379.001,4377.632,4383.909,4374.4233,4361.449,4368.0864,4370.833
4387.5254,4388.4106,4376.4756,4356.1885,4316.2793,4348.346,4321.0723,4348.5806,4367.1245,4373.7915,4336.783,4329.004,4365.9424,4355.487
6859.9473,6813.8623,6801.339,6813.977,6800.043,6827.184,6830.647,6829.2666,6772.8345,6770.9365,6736.1484,6755.4453,6764.7354,6777.123
1899.0923,1892.5386,1884.8636,1904.3424,1908.2565,1892.8541,1861.2113,1890.6013,1868.9501,1875.8832,1885.5105,1897.0393,1884.1768,1879.5459
1105.1411,1104.2296,1103.5187,1099.7207,1085.8019,1094.0505,1095.7339,1099.8624,1092.2362,1095.1487,1094.7944,1095.2782,1094.8855,1096.608
4235.0913,4215.571,4106.488,4062.1528,3999.0767,4081.5657,4189.5234,4056.4995,4079.5356,4020.4385,4026.9507,4039.6592,4160.6494,4285.4697
869.1075,867.88,864.87366,864.431,861.77075,852.3009,856.28394,864.8629,860.8815,865.566,869.9816,870.434,866.0106,865.5533
2878.9539,2867.336,2873.7795,2895.6482,2901.839,2882.4656,2869.9146,2864.2676,2863.6892,2884.175,2887.8728,2881.4756,2866.3887,2859.0435
5250.068,5131.9424,5130.632,5087.368,5114.636,5053.946,5088.593,4969.1064,5034.219,4989.963,5109.737,5217.886,5624.005,5671.6704
5137.754,5100.8594,5027.035,5029.3867,5031.343,5059.0757,4966.8135,4914.2705,4971.1553,4989.2285,5056.2935,5123.822,5530.004,5590.86
5139.679,5061.77,4995.6943,5020.8315,5004.9536,4985.6562,4948.6577,4904.8115,4882.0405,4987.0493,4990.5093,5093.9307,5578.7915,5631.562
5919.8315,5840.171,5934.928,5904.757,5936.3325,5954.4443,5942.339,5845.133,5842.984,5838.4175,5873.4414,5890.94,5909.931,5898.7974
9325.342,9253.699,9256.848,9189.094,9192.768,9181.83,9203.366,9280.892,9277.559,9247.185,9203.152,9222.937,9213.732,9102.332
1258.6572,1266.9381,1275.784,1270.9495,1254.8783,1249.869,1259.0531,1272.6084,1264.577,1265.1565,1274.0024,1269.5099,1259.4504,1263.453
1285.2032,1292.3542,1297.567,1281.3995,1271.7366,1273.7727,1285.429,1290.9646,1274.4052,1286.308,1292.0208,1281.9209,1277.8242,1291.8385
4385.7847,4414.1914,4304.2485,4264.12,4262.2026,4304.5957,4297.9546,4444.903,4390.5356,4407.6157,4354.7905,4314.719,4177.1353,4197.045
4016.7095,4118.042,4082.3872,4170.9165,4117.7773,4137.171,4220.5474,4207.743,4240.691,4207.1475,4244.2793,4263.0684,4199.4595,4072.9377
4059.7532,4172.535,4107.241,4154.1646,4166.251,4228.0405,4306.588,4235.294,4274.987,4257.89,4268.7715,4333.4316,4263.398,4203.818
4060.8245,4109.1846,4049.1064,4122.977,4130.3306,4156.1665,4188.9966,4210.262,4237.4526,4214.106,4210.8525,4225.79,4201.405,4119.537
2364.3042,2394.4958,2366.6943,2354.5251,2389.2947,2445.8054,2451.0623,2436.2334,2421.0398,2404.6016,2386.912,2403.1855,2423.7344,2413.645
2391.1687,2396.719,2389.907,2389.873,2422.5193,2445.2563,2462.0286,2436.0828,2420.6047,2414.1052,2407.7122,2408.3867,2424.6572,2416.7146
5675.345,5727.253,5688.2183,5588.4287,5565.1304,5556.757,5556.929,5592.6553,5582.4087,5647.0977,5632.519,5602.3745,5624.074,5640.8564
5378.364,5359.4014,5351.676,5355.8735,5390.423,5323.3755,5303.397,5293.745,5323.01,5315.887,5287.791,5277.4956,5329.581,5294.3423
4720.5684,4631.251,4497.4814,4662.5884,4725.879,4695.213,4542.6797,4516.7925,4509.985,4611.9907,4682.0107,4693.902,4724.2188,4721.4834
2034.1763,2046.0043,2056.951,2065.4883,2055.6917,2048.1038,2054.809,2055.9382,2049.1487,2051.2268,2069.2935,2069.7502,2079.612,2074.698
2022.8887,2031.729,2040.5103,2050.8481,2039.7639,2027.4834,2037.4478,2039.9747,2033.6013,2033.009,2053.301,2056.328,2067.274,2061.4219
2027.5746,2041.5721,2053.8557,2060.9485,2052.4897,2045.7405,2050.551,2051.8538,2045.1007,2046.0765,2065.6733,2065.627,2072.5652,2067.1052
5176.719,5181.4165,5217.1143,5216.5435,5199.856,5192.4277,5213.3564,5191.4146,5215.5444,5218.511,5217.248,5190.631,5193.939,5192.551
5222.833,5225.8057,5225.484,5216.315,5179.9233,5191.9927,5201.7554,5208.908,5200.765,5202.469,5185.354,5185.1157,5180.195,5194.858
7074.1167,7075.881,7077.6016,7183.796,7096.2812,7142.382,7264.8403,7293.744,7273.8154,7303.2637,7293.52,7340.2476,7344.2056,7333.979
6980.0815,7062.0913,7161.9478,7092.572,7044.764,7129.4897,7230.7456,7259.6772,7325.855,7264.1177,7292.0444,7287.8086,7295.4116,7311.278
1664.1162,1669.513,1671.0901,1690.1593,1706.0173,1700.6198,1666.0886,1675.5967,1702.3685,1721.5786,1722.5366,1720.6057,1724.4883,1707.8303
1661.3593,1665.1235,1679.9778,1691.3971,1701.1078,1695.7241,1653.7579,1686.3824,1710.9443,1729.9652,1727.8156,1721.3013,1726.0508,1705.9164
1642.7062,1646.7183,1658.6052,1655.0779,1643.8156,1659.8652,1614.4701,1656.7064,1685.7848,1716.9016,1714.3212,1696.0913,1697.1539,1671.4479
2641.086,2649.3416,2572.7607,2659.2415,2688.1404,2745.1548,2724.366,2721.825,2673.5476,2772.479,2635.2954,2687.5417,2722.4277,2779.3948
2342.4648,2340.0425,2334.674,2347.4927,2339.8755,2340.542,2330.6174,2319.5808,2329.61,2329.9478,2326.4995,2334.5017,2347.6687,2388.4895
1161.9034,1154.1298,1175.3464,1197.0028,1256.6855,1286.9912,1255.7095,1189.1403,1218.2222,1222.2163,1229.6122,1231.1805,1246.7661,1240.299
1147.5857,1193.4849,1198.5022,1244.1167,1267.7737,1284.927,1225.346,1245.2305,1241.5608,1249.6854,1255.2601,1265.5906,1254.7567,1260.6328
4521.0654,4729.898,4655.343,5284.025,5363.1987,5248.3213,4941.573,4979.881,5176.345,5389.491,4390.183,5741.6543,5632.117,5011.9077
4503.2827,4523.9346,4587.103,4799.427,4800.2744,4536.2153,4651.5684,4615.546,4607.2573,4569.6875,4814.422,5102.806,4614.485,4305.8457
8500.915,8488.735,8513.327,8538.715,8533.33,8526.371,8536.872,8561.098,8545.049,8483.66,8502.537,8512.139,8514.378,8500.75
2030.8622,2010.6321,2009.2747,2011.3256,2024.8582,2027.7483,2023.6656,2014.5715,2008.7032,2002.6124,1994.6135,2003.3245,2008.8224,2004.3357
11521.877,11503.508,11481.464,11476.374,11472.546,11499.885,11476.753,11451.405,11419.727,11469.583,11470.167,11476.902,11492.165,11492.669
5090.1235,5107.8486,5150.538,5219.2188,5197.7314,4957.978,4822.0283,5110.111,5243.946,5055.7173,5056.5894,5116.9526,4992.6763,4861.781
6190.9297,6109.078,6115.275,6119.847,5939.341,5990.168,6084.7275,6306.309,6335.1387,6133.9897,6024.8735,5934.0264,6061.721,6158.782
6133.1626,6074.524,6058.3926,6090.8325,5903.865,6009.6772,6196.2505,6262.0176,6090.477,6050.09,5913.335,5968.954,6077.1484,6226.9414
2019.3638,2022.5836,2029.402,2013.8723,2009.13,2019.7705,2017.8214,2022.1531,2017.2399,2014.1477,2012.3174,2011.0184,1997.9974,2002.4978
7914.5044,7906.1143,7897.49,7991.3926,8026.2646,8103.1123,8041.263,7997.3066,7941.6953,7915.7725,8036.715,8090.305,8061.411,8032.1987
6596.751,6526.444,6609.358,6549.4995,6566.784,6545.96,6519.8022,6461.678,6504.6265,6553.896,6610.9316,6504.663,6570.0938,6521.503
1775.7814,1774.5034,1786.7217,1785.2968,1780.8861,1786.5914,1793.2281,1792.2706,1782.4043,1764.4689,1768.2761,1777.524,1760.8491,1751.143
8510.61,8655.837,8217.249,8473.889,8318.049,8550.092,8598.182,8897.364,8883.156,8746.06,8274.447,8948.145,8940.918,8824.981
2744.5554,2740.8777,2756.1738,2799.1084,2867.835,2873.8403,2932.6628,2961.3123,2933.3481,2916.6655,2995.2412,3004.955,3027.364,2976.7798
4173.1216,4214.2026,4216.0996,4215.3867,4224.546,4228.119,4221.9434,4218.876,4218.73,4236.1475,4242.491,4242.312,4249.6304,4242.8516
3077.817,3163.9062,3144.1394,3183.4875,3214.3396,3196.0784,3201.0835,3226.6624,3232.523,3233.0828,3247.0632,3249.1511,3253.2532,3248.131
3192.2085,3290.8237,3269.0198,3307.2358,3335.6887,3328.1467,3341.8286,3365.1274,3353.6565,3372.806,3390.0903,3395.458,3395.9326,3396.4324
2995.6755,2985.6853,2994.2515,2973.9102,2933.2158,2933.9236,2902.5928,2949.3938,2946.951,2975.1792,2949.1057,2935.3882,2922.7778,2916.1611
2500.5344,2495.538,2495.3928,2507.929,2513.5288,2501.5256,2507.5334,2521.03,2528.804,2530.904,2528.6985,2525.1787,2527.5051,2519.4768
2060.4385,2062.2734,2062.2112,2067.7822,2061.2922,2073.4856,2061.8948,2068.6118,2057.4336,2067.6052,2069.7603,2067.6787,2064.407,2069.0146
2122.9873,2125.119,2141.563,2125.6333,2120.3035,2131.4634,2157.7185,2140.364,2138.173,2147.3499,2147.5278,2134.423,2129.1326,2141.9478
2269.8425,2258.414,2279.4019,2310.88,2309.7908,2296.7722,2289.05,2272.625,2267.5525,2274.0364,2300.1755,2306.5645,2292.4058,2278.137
7496.4385,7524.4873,7539.8335,7536.2505,7519.3276,7503.305,7508.899,7514.5327,7524.6816,7532.7173,7537.762,7531.081,7522.08,7525.3706
3549.3728,3561.6104,3574.6482,3561.0264,3561.3572,3540.1443,3574.4126,3578.0635,3567.185,3569.57,3574.6025,3552.9854,3543.6145,3550.8542
3263.0608,3276.3223,3279.4683,3275.5422,3273.0193,3263.9946,3278.1995,3285.786,3276.7834,3280.622,3279.0647,3268.9905,3263.6343,3273.7832
4815.8965,4824.2324,4828.787,4826.0386,4819.2476,4800.264,4806.8574,4815.9297,4836.496,4825.314,4827.825,4807.37,4801.808,4814.192
4314.785,4325.717,4316.284,4299.1753,4296.972,4291.2764,4318.435,4325.7,4322.4233,4323.615,4319.17,4300.3154,4309.6787,4315.5967
1960.1792,1959.9388,1943.3745,1925.3765,1902.6138,1940.8289,1928.256,1937.2816,1921.8295,1926.2892,1947.7294,1941.4773,1936.8295,1927.0432
2207.0522,2208.3792,2218.954,2223.6587,2212.2068,2202.9858,2201.6704,2207.4504,2209.2979,2213.0513,2208.4995,2207.057,2197.902,2181.645
3029.3774,3080.0022,3088.031,3054.7751,3065.7463,3058.5852,3073.1118,3080.0532,3123.1553,3119.5542,3104.3071,3097.5427,3109.8557,3113.8613
3746.6946,3822.4573,3756.68,3782.4443,3813.6672,3788.5972,3809.5728,3806.0112,3834.372,3800.6052,3749.5151,3760.3845,3807.9937,3828.6921
4014.9944,4017.586,4019.492,4019.258,4014.168,4011.364,4020.1538,4024.5144,4025.5647,4019.3933,4016.0312,4016.34,4013.253,4013.4888
1500.485,1495.1641,1496.4373,1491.0978,1490.4045,1482.6833,1482.3837,1479.3024,1486.0063,1483.2836,1486.5674,1483.5806,1482.974,1479.0424
15034.326,15335.51,15216.643,15305.061,15073.004,15159.347,14682.329,14983.017,14975.395,15156.909,14503.035,14635.708,14489.012,14765.962
