V1,V2,V3,V4,V5,V6,V7,V8,V9,V10,V11,V12,V13,V14,V15,V16,V17,V18,V19,V20,V21,V22,V23,V24,V25,V26,V27,V28,V29,V30,V31,V32,V33,V34,V35,V36,V37,V38,V39,V40,V41,V42,V43,V44,V45,V46,V47,V48
630.64545,582.3428,523.07605,480.48364,463.58313,438.20496,447.1972,449.78864,443.2813,479.56012,547.53705,586.3671,654.6525,722.8712,762.30237,801.49927,831.3708,829.1273,830.20526,803.2384,777.6748,745.72766,704.2858,649.9366,613.41614,572.484,515.8078,498.92087,510.6509,487.85718,492.9166,504.4486,504.95056,523.22705,578.44116,613.7993,652.7866,737.1671,765.1222,779.38696,790.25073,804.9741,801.41895,784.7864,767.77576,756.6205,700.7563,666.83167
2818.8533,2613.186,2269.213,2038.5789,1891.5198,1786.2354,1769.9717,1834.637,1837.7367,1942.5149,2203.8506,2434.999,2690.62,2969.0374,3177.389,3413.6365,3628.2163,3674.8547,3738.1895,3694.8586,3713.4458,3622.7925,3471.999,3298.3958,3066.4326,2734.7668,2305.8213,2085.085,2041.6332,1858.9989,1830.0319,1891.9054,1983.9531,2049.691,2328.7954,2561.9727,2693.303,2995.4265,3099.9785,3283.52,3445.0051,3646.6353,3708.8926,3642.969,3634.0635,3542.2969,3224.7087,3150.4795
1482.7314,1438.0378,1357.4443,1255.4077,1173.5503,1067.6296,1028.9349,1010.61743,1013.1867,1025.9172,1123.6849,1150.9563,1238.4563,1293.3647,1280.5288,1292.9728,1372.4408,1380.2694,1445.3485,1411.3839,1445.197,1456.9674,1477.9778,1461.1499,1429.2808,1342.6594,1247.8019,1145.0854,1073.3248,970.01605,927.7407,924.2028,978.87573,1029.3909,1094.4423,1147.6516,1191.7839,1262.7238,1274.2677,1298.743,1311.1238,1326.8125,1382.1149,1384.8335,1429.4373,1456.6218,1480.5206,1481.4882
5374.826,5207.8774,4765.447,4275.484,3861.2341,3556.607,3386.853,3378.4834,3306.899,3351.8384,3443.2417,3537.621,3864.0054,3991.3408,4114.594,4437.13,4790.846,5065.771,5414.0522,5591.5317,5714.7563,5783.9077,5659.68,5646.1123,5379.602,5139.9023,4827.7417,4393.932,4195.786,3807.456,3534.1245,3549.3345,3617.5125,3512.5793,3561.9785,3718.1157,3887.7278,4186.3887,4265.218,4398.4966,4690.381,5094.759,5382.7397,5464.7783,5605.2725,5740.432,5530.1973,5542.436
3753.067,3676.5073,3423.158,3176.1511,2927.0,2696.5625,2383.201,2149.416,1967.3945,1893.2493,1995.5503,1953.197,2144.768,2308.2224,2367.534,2693.333,3024.8555,3323.3833,3652.1982,3766.1626,3852.1792,3889.554,3894.7217,3777.982,3597.0078,3351.0266,3081.8074,2695.0518,2528.4211,2253.5122,2087.722,2080.1572,2080.4836,2133.7842,2112.0332,2159.5657,2172.8435,2412.4785,2448.6912,2598.4678,2811.4692,3099.7842,3385.4385,3566.6997,3604.6294,3718.0095,3618.0237,3593.6826
5329.5386,5500.176,5587.512,5672.746,5847.6924,6060.299,6119.5225,6206.093,6437.676,6819.283,6954.988,7144.389,7248.188,7364.481,7495.043,7384.7476,7185.0854,6856.998,6489.946,6067.118,5703.7705,5534.94,5354.733,5318.788,5462.657,5732.687,5765.56,5924.06,6086.612,6388.5366,6494.9224,6586.412,6665.2783,6893.1577,6998.748,7192.4893,7281.003,7320.7983,7380.956,7350.229,7151.405,6882.8975,6529.6143,6195.604,5824.4844,5584.912,5483.0005,5379.6143
49591.137,49221.93,47213.33,44391.242,40961.3,37475.863,34339.805,32368.873,30730.938,30075.059,31317.445,31041.652,33007.0,35048.047,36169.71,38493.137,41087.36,43395.71,46969.78,48165.277,49482.535,49795.08,50067.055,49602.81,48618.773,46620.4,44535.41,40899.605,38419.176,34656.27,32636.02,32170.111,32034.748,32423.666,32498.023,32698.387,33392.914,36322.547,36926.758,37946.062,39314.57,41476.395,44186.27,45819.883,46987.094,48039.117,47432.582,47885.797
30808.812,29119.79,26226.06,24713.137,24562.049,24284.596,24700.715,25184.951,25231.738,27639.283,31178.758,32586.953,35153.902,36972.316,38854.047,40525.836,41455.348,40795.156,40953.12,40063.035,38587.74,36847.953,34871.55,32735.645,29542.559,26690.613,23255.38,22088.305,21943.873,21805.908,22556.516,23288.367,24946.023,26927.01,30701.895,32765.125,33471.613,36629.406,37790.848,39302.605,39446.09,40360.297,40519.2,39897.934,38790.2,37933.676,35327.78,33793.617
35590.2,33768.516,30502.244,28054.137,26748.701,25961.094,26030.57,26638.684,26646.66,27556.453,29756.277,31511.402,33523.188,35911.582,38091.82,40245.848,42401.766,42827.42,43516.285,42970.12,42695.56,41813.38,40418.234,38880.457,36257.883,33154.305,29221.79,27571.383,26923.91,25671.656,25541.207,26156.996,26765.79,27334.48,29486.127,31336.797,32405.107,35508.273,36842.98,38675.89,40027.305,42018.426,42615.08,41981.94,41512.465,41147.836,38821.426,38412.754
461.92993,467.75424,442.19852,442.42044,424.0036,412.17245,403.02667,417.13284,420.16174,410.44147,412.46646,412.90912,418.27472,431.32877,421.38962,441.45465,444.7704,453.1383,458.2693,464.23312,458.9441,473.05362,470.53455,465.39398,458.85788,452.1976,426.4032,425.36728,419.95627,407.64066,389.00473,406.661,405.901,413.40118,417.0143,421.3505,427.83322,443.2872,433.8838,435.48236,437.4005,444.6231,442.19684,459.01138,456.9854,471.4304,459.97546,467.54727
27997.053,27174.969,26068.408,26414.1,26700.115,26503.271,27402.635,28976.395,29463.121,30168.143,31455.508,33122.04,35780.336,36251.27,37512.625,38800.17,39553.504,38737.945,38492.562,36869.684,34993.44,32882.297,30336.871,28616.807,27768.98,27537.877,26578.998,27027.332,27589.758,27286.49,28049.992,29522.379,30093.553,30862.213,32346.809,33798.906,34403.32,35480.895,36193.434,36600.363,36210.957,36425.36,36372.695,35707.875,34096.297,32729.81,30317.209,29244.314
8563.179,8016.3496,7106.6514,6619.7837,6532.456,6461.855,6604.598,6789.741,6792.048,7535.8906,8560.838,8867.387,9580.086,10293.451,10757.143,11413.98,11871.75,11818.716,11918.732,11625.052,11208.963,10801.267,10154.371,9373.471,8478.666,7620.4053,6411.3555,6025.573,6045.3726,5924.592,6123.508,6430.5205,6904.216,7531.1914,8582.062,9161.463,9350.442,10367.443,10700.951,11131.154,11184.65,11532.049,11637.227,11451.313,11112.174,10893.492,10001.236,9503.6045
546.4922,540.0856,515.50037,531.74774,552.3383,583.98834,569.83514,561.9809,570.15375,578.7853,571.6466,577.4409,569.9637,562.8382,560.33624,555.00494,560.9796,576.7593,568.6542,573.2763,564.37335,546.5727,538.53326,541.29865,540.4577,539.97815,517.8737,508.18915,520.3955,537.3031,536.6757,541.75653,552.0496,567.69403,583.70605,586.1748,580.22174,603.0972,632.757,656.71436,650.26624,682.2843,652.61145,668.1229,643.3801,626.9439,634.81396,636.18274
205.90355,202.72197,191.0692,183.67633,175.67195,162.0445,156.0426,154.54375,149.52083,151.68306,162.11028,165.79796,172.26025,179.6628,176.35184,183.44617,189.58286,193.18045,200.68011,200.44626,198.32143,201.12552,203.1627,200.44875,195.8025,188.11374,178.43378,167.99411,163.98982,157.51645,154.19267,157.6863,157.92648,161.01108,163.81866,167.50458,169.2116,173.97755,171.88237,172.78593,174.45108,181.28166,186.90793,190.74303,188.40916,193.1778,192.89195,193.32713
14292.989,13542.889,12233.99,11470.273,11348.901,11142.858,11328.066,11564.8,11637.757,12694.146,14358.812,15104.302,16417.416,17271.598,18285.621,19035.684,19330.064,18752.416,18888.756,18583.29,17975.57,17104.86,16242.164,15271.608,13759.536,12497.598,11030.081,10397.073,10150.01,10046.051,10477.772,10790.662,11532.702,12415.053,14191.2705,15141.156,15601.478,17196.148,17817.227,18603.758,18622.852,18816.018,18836.973,18522.785,18013.285,17566.535,16303.126,15547.526
1264.8533,1179.1809,1040.9125,927.756,881.9668,834.279,827.5481,832.3742,826.4595,847.88354,917.54333,977.65704,1082.2203,1168.8634,1235.051,1364.9583,1460.2375,1484.8323,1555.2042,1525.0353,1489.0227,1460.266,1431.0902,1406.9572,1325.6615,1205.469,1043.6975,959.70264,943.45807,872.489,854.7195,864.5152,895.406,898.1031,963.1908,1019.1029,1059.3402,1138.7175,1167.9037,1262.9242,1341.6245,1436.0297,1504.8068,1486.9987,1444.9338,1413.292,1329.3484,1322.1456
56784.367,53777.703,48717.2,44894.934,42863.71,40402.332,39947.69,40879.926,40265.62,40727.883,44296.81,47031.312,51087.24,55019.855,59663.555,63977.55,68367.17,68931.83,70020.56,69213.98,68787.12,65687.32,62888.242,60574.117,56600.473,51306.504,45051.875,41761.03,40961.51,38537.76,38437.52,39460.72,40684.812,40539.695,44336.453,47716.535,50151.195,56820.363,59422.984,63208.27,65632.32,68121.82,68724.15,68123.19,67665.01,66093.66,62860.44,61971.49
29554.297,27691.545,24383.857,22972.932,22869.84,22467.328,22892.162,23574.19,24221.002,26513.404,29598.94,31534.396,33805.11,35030.97,36543.164,38618.266,39760.21,39395.92,39990.812,39001.406,37552.73,36223.61,34369.426,31593.291,29460.246,27450.861,24116.016,23361.809,23821.049,23642.85,24306.598,25235.986,26249.148,27732.979,30605.438,32739.459,34295.805,36325.6,36852.484,37433.254,36802.85,37088.34,36914.96,36458.7,35544.914,35166.49,33238.22,31846.27
2181.4092,2098.5813,1881.2394,1800.1765,1830.1598,1811.2006,1831.152,1885.1414,1971.3125,2162.6885,2389.4246,2509.8262,2696.6648,2752.8164,2850.6807,2939.9868,2975.0784,2903.0017,2858.733,2787.6475,2713.884,2611.8638,2443.8848,2251.4153,2036.0958,1909.0586,1706.9093,1654.219,1687.1946,1748.7734,1813.4938,1892.5352,2034.6594,2176.0486,2360.9294,2503.2954,2605.0215,2763.767,2805.5515,2902.4478,2870.989,2869.5198,2809.5366,2772.514,2726.9814,2724.6174,2574.397,2457.0986
6604.906,6361.1494,5624.5464,5324.4727,5359.8267,5338.912,5468.184,5712.9375,5923.584,6531.452,7222.2163,7745.248,8299.336,8542.951,8857.146,9036.255,9202.29,9027.265,8960.506,8702.615,8355.871,8014.295,7384.3203,6758.5923,6153.348,5765.3184,5143.671,5032.8296,5210.5938,5385.256,5702.833,5869.1084,6260.76,6630.7993,7179.385,7648.364,7992.4453,8559.072,8600.395,8809.308,8723.126,8771.262,8641.054,8506.92,8292.31,8130.0117,7665.252,7405.1484
15040.691,13761.438,12010.644,11229.576,11162.816,10918.262,11142.536,11388.643,11714.405,12813.185,14278.298,15164.01,16258.946,17075.443,17464.385,18256.607,18725.8,18635.049,19115.041,18631.191,18108.77,17758.232,17254.574,16242.358,15392.428,14204.183,12612.122,12190.965,12335.455,11872.342,11989.713,12414.167,12833.598,13543.61,14941.717,15913.836,16662.393,17476.457,17777.102,18002.234,17758.592,17850.906,17803.43,17679.102,17222.08,17119.326,16173.439,15538.749
682.23914,680.9637,666.7087,651.1062,645.1288,637.9511,628.77185,625.66046,623.2035,618.92896,632.3377,623.5723,641.7894,655.8265,649.37476,660.4464,676.1105,680.6621,687.9174,689.51654,690.2805,693.67554,692.61163,684.2816,681.0665,672.36395,653.14246,630.0674,628.50525,619.8496,607.8675,613.8454,615.73303,622.00195,621.61523,629.2578,635.3254,644.1399,641.40533,644.63446,654.76404,665.4034,675.8096,685.9671,688.5712,691.3369,685.9673,685.2339
245.69653,232.20564,209.57216,201.254,203.23755,199.92203,198.14572,197.82382,203.80724,220.53577,238.03287,247.95467,266.67044,300.13266,312.273,323.22775,330.66864,332.8943,332.39395,320.94016,306.78296,298.9109,281.042,256.36978,243.6063,236.64174,220.78545,219.87003,228.86714,234.06905,235.76764,237.06711,240.28848,250.24004,260.55377,267.64142,271.61194,300.75647,311.08032,322.7036,322.25922,327.89142,319.2963,313.0376,302.59692,298.32474,281.63733,262.93222
400.75882,392.04712,388.8669,413.00983,462.5354,508.51163,561.7533,618.73193,684.9253,797.41626,832.5812,844.3108,839.7472,827.75903,821.881,789.4312,759.4924,707.9637,643.3612,597.86084,538.945,516.60364,451.27808,418.79614,429.11328,443.1452,427.10358,466.3194,527.1257,591.4068,656.2858,721.0144,741.54236,783.49744,827.23584,841.3821,849.7675,825.6199,823.1307,797.79626,761.56696,702.54816,617.07715,562.58496,506.78046,462.80923,442.27026,415.325
2666.3928,2627.7876,2495.8604,2335.061,2203.3489,2101.7036,2040.9043,2061.541,2072.384,2107.8174,2224.8977,2301.1477,2406.0793,2418.3276,2427.5405,2529.8306,2640.165,2703.982,2808.0427,2806.1814,2832.2803,2863.7437,2856.0532,2813.7705,2721.5107,2588.6953,2437.7358,2248.385,2127.9976,1986.3259,1915.2449,1921.9694,2019.8018,2084.6538,2188.944,2291.286,2359.403,2446.2715,2442.5896,2486.2559,2514.6533,2625.0195,2701.5789,2742.1316,2790.6628,2826.4458,2792.0107,2787.965
19313.084,18752.916,17252.98,16140.745,16069.309,15887.989,15867.579,15958.644,16574.908,17744.21,19301.719,19170.502,20656.885,20728.432,21059.89,21527.297,22121.031,21692.367,21920.207,21403.826,20987.805,20466.893,19830.844,18815.566,17750.027,17066.867,16556.836,15752.764,15994.497,15841.566,15950.657,16229.114,16472.236,17401.158,18423.809,18784.553,19292.92,19469.36,19564.998,19610.29,19585.09,19893.457,20206.494,20110.945,19744.578,19616.236,19043.145,18352.477
1987.2874,1848.5928,1639.7612,1560.3728,1534.7571,1517.3763,1570.4071,1626.6211,1630.6204,1720.8958,1951.5344,2042.4692,2112.7358,2172.9524,2260.744,2349.1484,2410.2842,2434.811,2480.7444,2413.7424,2328.932,2264.8794,2185.5208,2056.2878,1918.347,1755.96,1581.6128,1536.6344,1562.7139,1549.7737,1631.5961,1709.1816,1714.0793,1767.7081,1918.9108,2032.167,2083.7961,2224.1885,2260.3313,2306.7864,2299.5117,2340.8079,2356.4382,2355.8154,2298.8538,2279.1838,2210.2644,2164.3245
4412.495,4379.3203,3983.007,3541.8618,3216.286,2928.2373,2768.9292,2714.754,2657.6692,2664.5093,2812.1406,2839.5508,3192.0034,3457.1406,3654.0764,3979.9663,4357.448,4686.869,5113.31,5097.5547,5107.692,5091.855,4969.8364,4829.713,4676.755,4430.8037,4092.9534,3612.8384,3321.2402,2880.5798,2693.8477,2679.0078,2777.5159,2839.339,2893.5112,2992.0737,3230.7603,3623.0146,3759.862,3920.519,4050.001,4410.093,4777.883,4832.612,4869.4854,4902.5825,4686.94,4703.675
4909.1772,4645.3223,4248.9287,4034.8276,4049.5667,3930.4731,4013.259,4155.0493,4192.9165,4408.588,4908.3813,5148.802,5540.9067,5890.4604,6182.209,6530.0723,6731.2246,6645.4927,6678.216,6407.6313,6180.0005,5943.085,5683.9824,5251.6187,4732.0557,4388.6836,3815.2432,3718.0112,3720.961,3684.351,3805.3315,4049.106,4274.265,4503.3438,5025.597,5342.8115,5422.37,5844.3545,5919.003,6164.7886,6197.1694,6347.6226,6394.6577,6310.4463,6182.8384,6133.617,5858.619,5578.0874
116775.74,111230.46,100195.22,93835.984,91888.61,90519.7,92220.05,94444.61,95343.14,100887.5,110361.484,115238.46,123604.94,128988.56,132983.31,140414.23,145322.88,143904.89,145239.95,142169.1,138260.5,133577.4,128207.35,122622.31,115740.984,108946.89,99157.11,95460.34,94975.945,92727.42,94754.2,98450.86,101120.55,105461.45,113373.85,119041.4,121789.85,130065.69,131780.75,134298.0,134675.4,136994.66,138330.56,137985.17,135603.2,133073.06,126630.41,122628.52
102279.94,96065.71,87698.37,82771.3,80669.445,78096.17,79276.89,81476.78,82038.63,85658.05,93055.86,97080.53,102843.29,108773.98,113748.51,120563.984,127528.164,127477.54,128907.01,126515.14,124362.75,120305.3,115915.11,110446.76,102593.37,94660.38,84475.25,81266.41,81524.164,79309.76,80745.484,84174.03,86748.84,89404.8,97489.43,103091.8,105358.12,113665.66,115840.26,119753.59,121268.305,124416.69,125719.08,124430.16,122182.79,119777.8,113017.195,109193.24
94576.93,88838.14,81193.89,76689.234,74759.52,72421.83,73548.32,75551.516,76087.92,79384.25,86025.67,89591.51,94665.15,99907.555,104468.9,110646.07,117169.234,117014.68,118307.66,116220.63,114289.54,110684.76,106650.79,101889.71,94967.07,87660.44,78496.555,75632.07,75899.516,73774.52,75050.516,78169.28,80448.836,82886.94,90237.44,95293.375,97303.32,104610.3,106630.805,109906.375,111253.92,114057.234,115240.31,114152.58,112151.914,109921.28,103811.52,100374.09
6110.9346,6022.981,5607.6836,5139.3574,4725.4873,4371.9546,4096.3843,3967.6587,3711.9253,3665.9336,3786.6611,3826.74,4292.859,4579.9443,4904.5703,5404.2144,5817.2007,6167.2427,6683.7803,6807.8955,6843.2236,6815.6206,6721.977,6600.1997,6267.3203,5852.505,5341.4717,4753.1987,4410.1533,4007.061,3878.5151,3780.523,3805.8394,3847.753,3978.7969,4139.489,4312.089,4775.5146,4877.321,5206.245,5525.334,6006.409,6513.0435,6689.3076,6769.678,6795.2075,6562.788,6645.386
49301.035,48073.832,44282.727,40705.71,38103.273,35918.836,34859.617,34626.707,34287.016,34902.45,36561.184,37476.234,39912.72,41494.348,42006.207,43839.285,46481.844,47688.363,49950.797,50465.63,51117.58,50878.152,50460.203,50322.15,48409.92,45329.69,41728.816,38106.83,36019.484,33609.816,32461.15,32616.746,33758.36,34648.094,36462.543,38255.844,39944.465,43168.33,43134.312,44121.996,45204.355,47435.285,49375.062,50135.31,50908.78,51211.742,50097.492,50899.363
1363.3982,1338.2297,1231.5535,1163.4376,1131.5491,1117.5477,1120.6664,1152.4082,1173.9706,1208.7516,1282.72,1331.2308,1359.4594,1366.5348,1362.3328,1361.811,1378.9475,1388.0364,1405.348,1396.0917,1391.8698,1411.8324,1414.6376,1401.8972,1353.8856,1303.4794,1232.0532,1157.5826,1108.4288,1079.1023,1069.6533,1092.455,1137.9281,1166.2969,1223.1458,1287.6567,1308.7511,1326.4153,1319.3313,1334.6664,1330.9,1370.9225,1372.717,1376.567,1371.6245,1403.3218,1397.9564,1389.7449
25394.244,24108.207,21882.018,20567.584,20218.586,20140.729,20422.117,20688.105,21214.85,22859.877,25638.746,26428.883,27608.965,27754.09,28519.846,30045.812,30919.484,30385.568,30654.066,29811.004,29133.734,28274.229,27326.705,25985.11,24465.615,23006.037,21501.88,20727.152,20751.518,20473.033,20915.496,21738.621,22325.467,23284.799,25266.771,26038.334,26109.443,27172.426,27686.188,28153.93,28136.922,28573.602,28771.135,28688.418,28353.408,28175.512,27180.875,26204.773
2092.567,1989.134,1758.6417,1639.0074,1580.2808,1496.2764,1484.7305,1514.415,1527.2057,1541.6947,1594.2273,1629.202,1692.1868,1762.0018,1767.6694,1915.9635,2053.1858,2128.9626,2182.4185,2194.774,2263.983,2277.6611,2186.9644,2114.5437,2045.5698,1934.5488,1692.1951,1548.4791,1508.9818,1419.0603,1415.928,1500.3552,1613.65,1681.5769,1717.3337,1803.3972,1879.4556,1897.9583,1804.3412,1973.1024,1988.0564,2083.8289,2166.206,2280.265,2308.2083,2360.228,2215.7883,2198.0667
3469.0256,3448.8691,3320.307,3163.2727,2995.8752,2848.5688,2642.7566,2498.183,2407.0098,2435.4458,2634.5776,2665.6548,2817.7803,2986.5703,2913.071,3001.7112,3122.1785,3117.352,3219.2783,3231.4475,3287.5908,3348.309,3389.3083,3357.357,3306.2427,3196.4844,3005.482,2774.1943,2586.6035,2496.6497,2359.286,2363.6243,2414.0327,2452.6057,2442.0,2594.4067,2683.5146,2809.1978,2814.042,2861.914,2876.7986,2995.9167,3101.2178,3194.578,3275.2583,3363.7188,3350.1516,3361.7852
116699.445,111171.82,100134.32,93776.15,91826.03,90460.83,92150.74,94371.5,95271.45,100817.29,110281.18,115153.83,123526.586,128913.14,132891.9,140321.47,145224.44,143810.45,145139.97,142070.08,138157.67,133479.72,128114.945,122539.195,115663.016,108883.11,99091.77,95395.63,94907.36,92664.64,94683.42,98376.1,101044.51,105387.625,113284.125,118945.14,121698.125,129987.266,131695.06,134210.45,134585.77,136909.56,138240.95,137899.0,135510.38,132983.86,126537.11,122536.95
1900.453,1781.1829,1603.9136,1497.7651,1448.2297,1415.821,1429.0151,1460.1183,1459.4415,1504.1812,1582.9977,1684.4886,1784.4257,1836.673,1905.5706,1977.2933,2071.0786,2117.862,2175.623,2139.4946,2099.1113,2076.8396,2036.0436,2002.997,1891.9965,1779.5311,1650.7532,1569.0814,1558.2349,1502.2712,1483.2932,1527.3423,1549.7906,1545.2189,1627.7856,1729.0786,1762.0956,1827.0175,1848.7114,1899.0328,1977.574,2100.311,2118.2412,2057.175,2013.3698,1980.7477,1897.012,1923.8727
4000.338,3942.8071,3758.453,3495.5598,3247.8953,3039.4792,2938.6655,2885.7375,2920.448,3055.7063,3268.4038,3278.9487,3436.21,3597.1675,3499.6992,3507.5725,3669.4558,3701.6135,3741.142,3742.2397,3748.209,3738.2961,3826.1548,3843.6323,3804.2407,3648.5647,3478.333,3214.964,3116.2593,2932.7375,2887.9858,2917.1584,3002.0454,3070.3604,3111.9255,3282.3782,3379.912,3545.909,3505.4604,3489.969,3498.6912,3541.6404,3617.1191,3655.71,3666.7378,3707.1167,3667.4033,3751.6255
3710.76,3484.0417,3161.1194,2994.8625,2969.4004,2926.495,2995.8237,3017.3984,2963.3008,3215.9673,3607.9688,3771.228,4047.0693,4239.9355,4380.3486,4580.5986,4725.4995,4692.281,4753.5283,4630.5454,4463.8213,4261.8574,4036.016,3799.8064,3432.8489,3105.4053,2713.626,2633.8145,2658.8564,2607.667,2696.2185,2752.059,2878.0579,3056.4473,3478.1704,3735.0278,3865.2288,4185.966,4265.6826,4425.979,4473.467,4657.7,4716.132,4619.562,4494.3037,4408.657,4124.6016,3991.8577
3537.5264,3379.0896,3086.7852,2929.0623,2923.232,2896.1008,2946.1655,2994.9136,2987.5415,3203.4333,3568.964,3694.5864,3960.4297,4087.9175,4297.468,4430.593,4503.385,4447.6436,4419.219,4282.1255,4141.0,3971.0674,3798.4224,3598.1455,3241.9358,2985.745,2672.999,2585.776,2573.7114,2552.1228,2611.854,2683.4854,2824.9978,3010.2607,3399.3464,3646.8674,3725.3665,4015.024,4124.1523,4270.0024,4290.6274,4398.986,4415.2505,4364.805,4246.344,4187.5244,3981.3376,3842.0874
1171.0348,1173.7177,1071.6108,965.5245,899.6274,854.1809,822.9085,812.66064,826.6086,864.21857,915.9584,947.64246,1029.9559,1110.1177,1093.7981,1128.672,1169.5575,1175.7493,1201.3909,1185.5693,1186.6421,1172.6647,1168.5406,1166.8685,1126.5378,1089.3347,1005.96155,921.53625,870.5526,823.6402,792.402,795.45874,836.0381,875.86005,916.8771,978.77075,1039.8136,1130.4393,1127.852,1139.9753,1139.4888,1170.0286,1192.4585,1194.6172,1196.3644,1200.9065,1186.3835,1218.018
35152.258,33541.535,30639.955,28839.797,28167.07,26841.82,27097.387,27664.277,27543.422,29263.102,32570.568,34488.95,37206.316,39853.83,41421.023,43719.836,45038.11,44219.047,44689.17,43782.71,42105.562,40449.04,38920.38,36930.777,34379.15,31989.29,28690.445,28092.594,28230.848,27330.145,27711.393,28518.793,29076.82,29966.805,32950.8,34990.125,36665.53,40641.77,42111.445,43477.758,43192.945,43451.117,43390.133,42773.84,41282.68,40693.87,38491.043,37058.316
162.44443,150.93446,131.9906,120.89387,120.65622,116.73026,120.0289,121.47141,123.78582,133.21396,155.83664,169.34413,197.27989,199.71083,205.29254,213.99083,225.09013,225.22726,231.62086,218.9154,209.67944,198.07695,190.28851,174.53796,166.41591,150.12013,131.40482,120.63579,121.42018,118.761154,124.24646,123.74073,129.61217,135.79868,150.92511,170.7441,192.99619,211.15752,217.676,227.28299,225.68323,222.63658,223.2877,217.87595,208.37257,205.13275,193.51549,186.3661
34516.97,32958.266,30116.777,28357.697,27703.832,26406.025,26652.715,27215.953,27103.57,28789.406,32036.781,33921.938,36566.285,39126.92,40656.293,42890.36,44178.156,43360.812,43831.89,42955.188,41307.984,39695.406,38223.85,36287.707,33766.812,31414.324,28177.992,27589.133,27718.328,26844.625,27224.133,28022.637,28585.309,29452.775,32386.805,34391.844,36025.12,39916.28,41341.91,42706.035,42410.703,42647.523,42589.125,41997.117,40522.445,39946.04,37798.332,36397.0
5120.093,4929.5063,4416.136,3970.0544,3594.2822,3312.1064,3158.8523,3189.3794,3048.482,3133.6768,3283.1797,3361.9604,3665.0627,3760.3965,3902.3552,4297.42,4710.6475,4912.25,5232.168,5351.204,5328.9243,5405.518,5288.3145,5273.9595,4989.6963,4750.5864,4285.1787,3842.9126,3688.8652,3306.0264,3094.5645,3096.6074,3122.7832,3045.5933,3105.2695,3338.4712,3531.912,3859.634,3922.6323,4238.0625,4599.014,4984.022,5246.1934,5227.1562,5232.982,5351.305,5190.4404,5211.3003
16806.896,16067.586,14482.676,12941.32,11779.457,11125.079,10951.251,11097.021,10902.222,11173.227,11698.483,12170.164,13161.147,13613.987,14064.077,15128.025,16427.238,16973.922,17975.836,18212.209,18161.2,18107.389,17672.646,17495.537,16527.76,15759.598,14531.024,13206.739,12732.018,11676.005,11190.5205,11308.014,11426.48,11204.568,11574.268,12249.205,12852.533,13816.864,14081.262,14804.455,15825.035,16939.434,17670.674,17560.367,17615.258,17793.889,17102.133,17212.002
35505.91,33679.086,30422.875,27976.994,26677.69,25891.281,25967.6,26572.898,26585.18,27494.828,29681.928,31422.68,33429.51,35810.68,37987.715,40126.14,42286.69,42706.965,43394.965,42854.363,42582.61,41694.61,40299.977,38765.633,36156.742,33052.934,29139.81,27497.533,26860.97,25612.156,25486.52,26095.506,26703.283,27269.416,29404.07,31237.574,32310.465,35408.188,36739.3,38558.312,39900.797,41881.184,42477.86,41849.812,41385.363,41018.84,38706.242,38299.156
360.95728,346.47327,310.58682,291.68686,294.8745,291.94876,301.50647,303.54645,304.1419,325.96274,363.72617,380.48938,419.25107,444.04056,456.26004,476.6048,496.30127,492.62323,493.42535,480.0853,470.12402,454.2307,438.1175,405.32074,376.2531,359.51636,325.0165,314.88986,317.00754,315.97845,325.72034,339.7395,351.67938,373.95334,403.59732,414.66656,423.9056,446.39703,453.21747,461.44006,468.63623,476.3344,478.85977,472.22714,456.03412,447.0534,425.80377,400.89572
2573.5696,2481.8176,2202.8604,2089.7944,2088.1448,2069.7478,2127.1912,2231.0442,2341.7395,2544.9255,2754.9326,2945.4624,3140.7708,3228.0894,3282.0652,3364.2778,3381.621,3300.4197,3307.7317,3249.877,3115.0613,3013.1487,2839.388,2668.5237,2518.149,2371.396,2072.7705,2052.6948,2148.3835,2196.418,2267.2097,2353.111,2452.4329,2587.3794,2787.0073,2952.9512,3075.7246,3257.526,3188.216,3200.7495,3111.5747,3117.6843,3112.2812,3164.527,3125.7163,3118.645,2947.586,2866.3882
2013.1453,1854.3036,1607.2759,1421.3167,1389.0061,1339.7465,1409.763,1477.8114,1461.3136,1508.8086,1605.0742,1677.8048,1726.9451,1788.0625,1790.1276,2006.8788,2177.6028,2169.1272,2300.1912,2308.2039,2257.4985,2147.9836,2080.1921,2052.2764,1929.2798,1811.2546,1668.8453,1590.6951,1536.8096,1411.1633,1427.5332,1449.0773,1421.185,1370.5261,1476.9951,1536.9604,1624.9148,1754.3414,1801.5304,1917.6398,2027.1378,2073.079,2102.4092,2083.4685,2074.717,2086.436,2010.2396,2047.2794
544.72095,535.4252,507.03638,474.6725,441.01584,412.66556,380.95584,360.45883,339.8186,330.42175,345.63788,337.097,363.5394,389.6895,394.3735,420.91718,461.74496,493.7201,528.511,541.55615,546.1697,546.05743,550.3423,542.63544,525.21375,498.41537,473.63724,423.2343,403.77933,374.78473,353.72784,361.18527,357.51944,368.34244,362.21866,373.0485,374.37457,399.85562,404.9339,413.30478,435.26212,452.95068,481.61618,499.10992,499.12564,509.7152,502.57846,506.39343
598.2065,600.1696,572.8203,530.9957,489.4538,467.03027,446.99246,434.1151,439.7714,455.88983,475.8216,477.60898,508.1606,537.15454,534.4761,547.5012,564.95593,577.9406,588.9081,580.3111,582.8601,591.8435,595.1108,589.5897,580.3359,565.39716,531.9598,493.2833,475.05948,453.57883,434.74347,438.70364,449.36514,471.94275,473.74704,494.13095,508.64963,537.93805,536.648,538.8953,539.3259,553.873,561.9062,564.7588,573.7994,584.6469,579.4828,589.63696
23990.312,22462.977,20459.008,18948.496,18490.166,17969.969,18400.732,18754.572,18539.723,19580.434,22115.354,22910.889,24716.277,25787.42,26799.596,27948.566,29069.266,28869.633,29044.312,28501.21,28157.576,27064.281,26406.547,25141.248,23350.943,20879.05,17956.906,16753.432,16368.953,15660.27,16132.71,16638.535,17374.0,18395.01,21136.621,22966.541,23858.244,26068.002,26513.629,27161.633,27377.428,28118.459,28536.52,28347.938,28102.615,27824.514,26677.285,26166.418
596374.4,569514.8,516421.78,478033.4,461487.06,446355.12,447844.38,454785.4,455538.03,475624.9,515441.8,534467.6,571732.5,607113.6,628366.9,661035.0,694300.3,700041.94,713364.2,703691.9,691902.9,674011.0,650453.56,622031.2,589602.94,547775.8,493403.8,464854.1,457774.53,439835.72,444360.28,457825.03,472029.38,487289.88,526476.5,554712.5,571578.0,623943.44,635590.0,652321.44,658523.0,676720.1,686899.8,686322.75,677834.06,670325.7,642719.8,629939.9
3348.6428,3250.0864,3098.0146,2922.7063,2925.333,2955.0173,2982.127,2962.7642,2953.905,2937.2034,2919.1362,2967.0881,3023.8257,3092.1873,3145.3853,3112.8982,3193.7424,3201.4387,3196.4133,3251.678,3303.656,3209.1,3123.1377,3237.287,3195.3237,3087.7278,3073.298,2944.6074,2998.4468,2994.2014,2991.1753,2915.244,2875.9375,2873.703,2934.4346,2980.0022,3063.6472,3209.1956,3215.234,3155.578,3256.9429,3276.8464,3332.1667,3371.8801,3373.7717,3313.1885,3160.5352,3325.7969
1173.0435,1169.3683,1129.6141,1060.0085,956.7763,932.9341,933.46606,932.175,917.93335,930.80975,952.8717,988.4801,1072.613,1125.1335,1163.8129,1202.9813,1215.1926,1247.9918,1288.3688,1278.7015,1246.4089,1221.1034,1204.1378,1183.0626,1166.6926,1158.1315,1141.6981,1074.1895,983.6476,938.1821,937.6658,944.7721,949.8509,947.18195,953.7645,1005.94574,1088.002,1159.7548,1193.0125,1208.5527,1196.9327,1251.3306,1281.683,1257.4243,1242.0238,1246.6096,1205.2902,1215.5879
907.08167,857.94257,710.5264,645.85535,671.397,647.4042,657.857,649.33057,608.0614,632.15796,693.7449,759.76324,839.8221,869.64105,934.95355,1012.84357,1045.9377,1059.7136,1075.3833,1020.909,984.38196,961.67804,890.97974,796.6974,807.6141,798.7861,727.94305,712.36743,735.6644,721.8821,723.08185,723.85645,703.8861,712.06775,746.16016,794.58594,852.49994,902.7119,930.99097,1000.58295,1046.4067,1063.6494,1057.4409,997.2218,951.6506,955.8637,901.4431,899.4631
2967.9878,2616.576,2088.3975,1771.8925,1626.2089,1549.629,1563.5082,1742.8492,1907.9753,2276.488,2821.5962,3153.2524,3506.3713,3672.504,3944.6367,4249.0713,4462.394,4392.494,4443.7173,4561.272,4621.2783,4348.423,4076.955,3772.546,3182.741,2478.9414,1800.7184,1569.7216,1556.3065,1498.194,1613.6316,1854.598,2084.7173,2252.9805,2776.898,3098.5435,3164.9783,3598.8472,3675.3923,4026.7095,4104.5,4269.645,4300.3555,4445.88,4479.5566,4368.8584,3992.0073,3766.7908
663.0451,636.0237,567.47864,479.23862,486.90936,492.78366,491.16425,443.56537,445.75452,419.39853,429.7247,374.6074,416.29773,420.48462,358.0324,337.79578,420.72433,466.9671,517.9453,526.84393,556.8121,536.55707,581.48047,565.945,539.0827,505.75525,464.6817,380.232,355.21085,332.41895,303.87036,294.91974,333.53748,339.77023,366.5124,350.92163,373.4834,419.11093,377.48294,358.08252,418.12143,507.59772,504.43143,526.7781,550.09436,565.99646,599.2304,600.78424
7188.1123,7175.6353,7031.469,6846.2607,6673.5674,6674.5513,6658.757,6708.6904,6723.028,6807.367,6763.001,6773.206,6948.726,7058.095,7084.162,7178.782,7278.3237,7324.1377,7469.25,7562.8643,7584.0444,7587.603,7523.8696,7518.3306,7435.7056,7415.903,7309.012,7142.4443,6977.928,6806.1045,6757.8276,6804.452,6901.346,6947.536,6928.236,7000.8643,7092.9927,7311.798,7303.9497,7289.0156,7289.498,7370.7124,7432.017,7450.3286,7457.97,7470.371,7305.4575,7351.712
2291.0498,2204.175,2053.6455,1929.4912,1828.8507,1647.2234,1505.9817,1359.0642,1281.1415,1254.9502,1304.6035,1201.617,1293.7146,1336.6792,1367.4834,1654.8575,2002.9734,2226.3555,2469.8884,2566.992,2681.781,2630.046,2586.9626,2419.4995,2252.3938,2046.0963,1839.0385,1602.2493,1545.3807,1385.506,1298.5876,1274.9917,1328.1377,1380.2004,1392.414,1323.7435,1309.3721,1437.6637,1522.8438,1772.7225,1979.5638,2171.8254,2318.644,2421.608,2579.292,2661.755,2558.4321,2475.9055
8543.406,8735.717,8946.488,9522.906,10052.608,10418.864,10998.738,11508.385,11074.121,11830.227,12506.976,13174.533,13324.538,13714.462,14070.795,14028.641,13735.965,12837.565,12286.685,11223.293,9923.059,8888.441,8297.653,8522.962,8952.797,9327.051,9704.873,10767.809,10832.821,11218.25,11957.007,11805.397,11304.204,11647.408,12490.685,12927.1045,13405.879,13616.735,13776.223,13929.51,13553.419,13008.951,12221.918,11078.43,9689.399,8850.447,8321.6455,8428.25
39968.805,39729.258,38213.164,36115.18,33048.21,30027.768,26571.94,24543.844,22876.45,21911.234,22705.506,22681.29,24417.846,26600.533,27728.504,30260.82,32475.588,34292.977,37141.453,38257.695,39715.63,39881.05,40025.082,39427.57,38465.953,36868.945,34662.555,31731.074,29813.996,26533.135,24452.754,24313.06,24108.1,24311.703,24093.377,24094.854,24541.584,27533.664,28172.266,29491.32,30766.395,32945.99,35329.727,37319.47,38134.164,38860.04,37833.156,37890.266
30498.709,28753.3,25814.543,24130.611,23868.574,23460.781,23887.537,24549.111,24585.611,26712.621,30289.125,31744.422,34739.51,36949.656,38933.266,40430.848,41458.414,40783.54,41163.508,40462.97,39155.0,37245.25,35161.13,32656.75,29709.656,26818.223,23167.129,21665.703,21482.652,21247.168,22206.275,23063.549,24598.32,26381.352,30205.967,32250.24,33361.715,36794.945,37879.77,39346.445,39512.14,40322.918,40582.566,40065.06,39024.61,37943.9,35228.266,33566.945
35730.766,34072.594,30794.322,28670.594,27506.34,26737.494,26682.303,27328.928,27165.219,28113.299,30173.139,31868.127,33924.27,36206.65,37908.406,40273.01,42841.395,43524.48,44140.73,43352.15,42645.703,41934.797,40547.8,39315.24,36849.484,34217.547,29797.184,28257.418,27662.059,26365.348,26188.842,26882.93,27316.168,27949.457,29891.223,31571.926,32388.742,35325.66,36389.5,38607.766,40104.457,42294.227,42888.652,42277.523,41617.273,41206.92,38743.734,38407.504
1184.5194,1095.6865,880.4754,700.50903,673.9892,636.00024,598.90594,572.0863,585.0905,672.8733,770.99744,861.3308,1001.2217,1069.1165,1089.7052,1039.2933,1060.3827,1009.1909,999.87,933.5941,948.9167,991.41315,1046.9363,1030.8037,1030.7059,1009.02783,882.73816,793.1861,811.2581,728.32416,597.4475,596.0662,613.12366,647.512,768.10626,945.0733,1052.7747,1134.3191,1042.829,994.9412,996.2184,1035.8999,1030.8253,1002.958,1030.2755,1093.5092,1098.5022,1067.7386
20409.875,19493.662,18448.918,18577.336,18884.006,19047.482,20162.91,21883.625,22380.076,23082.086,24470.723,25968.732,27756.195,28280.02,29421.352,30505.707,31017.04,30255.664,30051.082,28748.035,27075.76,25011.266,23000.637,21607.775,20792.086,20578.912,19421.828,19475.723,19752.965,19708.316,20455.121,21999.947,22639.58,23628.482,25276.049,26893.498,27358.207,28107.152,28644.99,28769.996,27778.777,27997.582,28036.6,27352.879,25856.828,24893.139,23090.07,22316.828
9361.457,8753.12,8457.339,8459.615,8250.368,8170.3706,8424.613,8667.255,8831.973,9684.735,10441.23,10356.922,10265.403,10237.407,10543.412,10709.52,10732.805,10493.177,10322.235,10159.476,9970.632,9791.966,9543.939,9250.44,8408.84,8081.083,7792.6025,7758.6255,7649.1826,7671.787,8001.7974,8113.1846,8362.617,8835.181,9590.251,9976.169,9685.919,9907.996,10123.693,10554.64,10475.453,10540.728,10511.511,10513.564,10362.308,10247.844,9826.442,9571.093
288.04776,283.3257,248.78542,237.22656,288.95218,274.6333,244.11853,231.978,259.96338,285.34525,257.75806,255.91684,269.69992,259.77484,258.28763,250.21382,267.9771,288.5133,297.02844,269.6085,261.30893,247.95605,243.66267,242.56815,244.76408,239.80565,215.65271,197.87083,202.91235,216.26576,216.3565,208.67987,225.51428,235.33435,251.18675,252.0578,274.03818,283.90326,310.70657,327.6524,312.34326,310.211,291.95984,287.72787,293.70758,291.78046,297.38162,275.62265
507.2247,468.74637,457.66702,475.03223,419.34235,346.73242,366.38718,372.81006,360.3484,318.26382,279.59207,286.26352,319.0923,352.0684,305.40057,318.45413,344.54163,334.3838,355.97516,393.50204,452.36383,481.5933,455.37662,444.46515,419.3984,402.90002,411.36993,426.63754,394.90683,333.90533,334.46478,347.2208,354.59235,342.87402,348.8491,349.5588,358.04068,346.832,339.31293,345.09903,349.03738,345.86435,360.79486,386.50082,419.5446,426.8996,432.09573,423.28006
555.21625,488.58344,468.06094,466.7431,374.44678,303.8957,347.90286,448.8147,410.04437,420.5942,516.8081,560.249,549.29596,546.985,576.7688,574.8277,536.7483,477.06226,521.77814,557.7975,515.61975,530.4857,564.20886,523.06683,469.65457,477.7108,489.73843,500.81638,485.39874,398.6986,383.4259,415.67838,423.96686,455.7839,521.6721,559.30615,505.55954,503.45648,519.5734,564.2917,494.40427,486.83133,585.6236,575.4209,497.01523,485.28378,501.3448,493.03204
13368.712,12638.174,10828.195,9602.033,9433.845,9157.131,9242.725,9535.057,9417.557,10098.94,11913.962,12699.773,14754.756,16791.41,17780.37,18867.438,19747.414,19590.588,20104.006,19795.375,19237.898,18022.13,16737.398,15106.079,13832.706,12521.594,10177.482,8988.19,8868.111,8372.898,8684.809,9326.417,10041.495,10702.092,12510.073,13552.556,14753.318,17204.938,17799.475,18744.135,19077.938,19557.363,19714.777,19326.297,18668.113,17939.129,16088.609,15080.385
839.66943,804.70337,731.9187,605.60986,490.09357,411.78546,371.85992,402.74344,424.46777,405.0562,500.06802,621.83594,703.805,749.42615,721.21686,712.50275,763.4988,808.11273,855.2275,823.1765,771.98096,725.13855,775.5332,851.83234,812.4232,710.91815,570.25793,453.3963,436.85785,386.3415,361.3735,389.00702,447.68436,480.27557,560.8648,646.7634,705.79877,826.1476,815.4269,756.27423,719.5729,737.5442,747.3777,814.497,796.1836,785.44495,802.29175,948.6979
542.2806,494.1386,441.886,364.53348,328.528,295.45013,302.46176,326.95346,330.68658,338.50256,408.8542,449.49478,488.2003,552.0208,647.96075,666.1896,671.0061,714.32495,741.04236,698.17114,644.42834,601.6996,599.01996,590.8821,525.2355,462.25317,427.3739,380.87042,389.78442,365.5279,371.65668,383.44238,369.55646,331.59015,401.73474,468.68552,507.97183,615.23816,676.0328,662.5405,655.945,718.23376,767.0319,753.0936,715.4764,694.1033,661.6592,643.2682
56778.22,53781.055,48883.27,44901.363,42696.258,40258.83,39895.766,40740.164,40346.117,40721.51,44271.48,46960.234,50999.51,54886.344,59547.117,63596.055,67642.05,68130.49,69324.41,68549.195,68390.15,65350.547,62886.117,60531.434,56526.547,51230.59,45302.33,41755.465,40844.85,38486.383,38350.547,39312.81,40675.152,40469.844,44194.77,47535.285,50142.32,56714.707,59266.04,62676.977,64831.426,67261.445,68015.65,67430.72,67192.2,65671.14,62678.977,61759.42
27134.723,25519.143,22772.873,21552.262,21427.982,21024.309,21416.045,22189.44,22849.467,24736.275,27289.344,29000.19,31367.4,32434.482,33799.42,35389.08,36346.926,35861.73,36285.57,35464.125,34230.938,33108.03,31557.432,29333.55,27422.723,25824.998,22796.252,22012.96,22356.371,22206.297,22747.543,23668.953,24660.137,26018.05,28347.748,30066.406,31701.031,33480.21,33847.277,34424.207,33867.496,33986.58,33859.094,33551.777,32662.844,32208.36,30335.47,29187.494
2104.2874,2014.3357,1774.543,1673.5024,1687.1517,1699.6018,1730.1443,1773.7444,1862.0006,2067.8484,2296.526,2395.7202,2593.1006,2689.17,2788.96,2878.0745,2932.5178,2871.4277,2823.609,2719.3967,2655.897,2553.9238,2357.792,2123.1504,1937.8472,1810.4215,1597.9617,1533.5598,1586.161,1664.8318,1714.1492,1749.5065,1882.9551,2039.7744,2267.0188,2440.7031,2559.9556,2769.0369,2802.498,2842.8022,2802.7322,2816.5896,2767.2188,2699.1255,2663.8655,2663.6792,2454.8828,2331.7139
4788.2207,4733.0244,4305.1274,4129.1235,4190.819,4158.9185,4209.65,4315.8286,4406.3457,4821.6016,5292.3267,5514.016,6111.591,6309.115,6513.829,6662.797,6825.4717,6717.409,6677.829,6483.2275,6241.8257,6048.132,5597.072,5119.4614,4851.698,4592.1875,3994.4573,3876.9204,3976.0889,4085.9785,4357.5176,4519.8115,4794.0513,5136.2476,5408.457,5606.765,5851.7314,6239.022,6270.6514,6492.1597,6483.249,6522.1113,6440.9917,6333.748,6123.8945,6008.8286,5644.435,5429.5083
13772.808,12895.281,11605.251,10923.509,10849.649,10561.659,10765.977,11087.091,11375.871,12084.936,13160.35,13822.507,14875.638,15524.147,15880.6045,16367.027,16785.287,16583.363,16865.758,16491.797,16083.911,15697.639,15385.059,14662.107,14098.785,13333.693,12165.916,11807.611,11912.8,11457.333,11483.896,11948.774,12328.397,12798.933,13665.964,14384.787,15127.299,15801.099,15946.106,16101.781,15967.562,15986.568,15950.882,15872.312,15456.863,15118.628,14288.659,13893.609
1439.3503,1442.4061,1367.3004,1388.9252,1104.7983,849.49817,661.2239,652.85144,563.3389,598.26013,750.468,821.21484,821.46405,819.64276,787.91907,1022.5575,1234.822,1446.2197,1648.9873,1608.9786,1427.141,1488.5873,1541.3779,1553.7709,1463.3354,1327.1711,1138.8958,1005.1098,832.4538,692.2771,722.0353,814.09814,812.9923,807.30054,864.31226,813.11804,794.9977,891.7952,1030.6292,1266.6635,1195.8413,1257.7499,1285.7144,1313.2013,1329.9458,1420.2947,1493.4607,1545.3356
558.84814,550.20734,563.14905,566.4911,557.55035,553.14777,533.85254,548.0212,580.77765,552.9654,527.68713,492.21948,434.71625,381.55835,353.06934,354.07068,342.36887,341.3827,368.3144,439.38455,495.4673,536.6112,558.523,584.0835,563.40424,548.8642,573.008,568.5944,562.4659,562.7976,554.12286,562.2628,563.8842,561.0536,512.12726,451.13605,409.18912,355.68628,352.98593,350.40805,364.4811,360.19022,365.1482,413.5506,462.3852,495.96677,523.13403,533.58386
980.53076,971.9013,874.3114,793.6486,749.44214,753.2206,750.7458,790.3744,785.9184,783.6941,747.5783,765.50946,841.9192,811.49335,776.2279,801.7327,818.1512,843.21704,867.7152,919.4876,910.9117,952.6225,925.521,875.7012,804.04596,812.5872,805.3778,792.30426,789.07587,774.44556,747.7119,791.0624,794.64526,810.3919,791.9525,831.0701,828.4289,816.41833,775.873,807.32623,842.75543,894.74255,905.5489,929.10394,939.1381,982.65576,970.12524,987.7941
210.04697,183.61356,135.61578,137.87582,132.33171,133.36444,125.70137,121.96361,134.84528,169.435,187.08679,208.57506,232.38277,255.35509,248.82278,276.42252,285.33743,303.16858,298.777,275.2737,261.57928,261.4359,236.38266,204.76642,189.27237,181.79132,155.21748,160.22261,178.51117,183.16507,160.77388,153.9143,161.55441,174.24823,187.23753,196.7517,218.07907,236.5136,256.90292,292.10843,294.63434,303.68903,286.22235,260.20923,241.07463,245.91148,218.59027,204.83328
954.33856,888.18585,786.751,724.17816,736.4207,707.9185,727.41907,717.6457,669.6262,702.7887,807.4245,786.9047,854.67175,828.7077,854.08295,917.8129,1001.182,980.35205,1018.9246,966.1978,879.4054,922.01935,984.7254,939.09283,863.559,835.6297,728.1932,660.53906,703.42365,658.07916,639.23,702.63983,727.9077,775.2043,813.4658,819.7908,827.6917,825.8283,772.80115,804.3618,847.4018,884.09717,961.2627,940.1627,938.7616,961.3646,1052.4832,982.0997
746.7571,754.99585,776.6512,828.3118,921.05695,1012.19025,1031.9474,1046.227,1061.8745,1065.9277,1047.0669,1021.798,989.4263,933.7009,886.38446,831.1208,804.715,808.2636,772.0084,779.36597,788.7202,805.5229,768.7905,723.46875,746.86646,781.2537,784.94336,826.6448,912.7225,995.36365,1024.512,1024.9779,1028.2638,1049.9109,1031.4572,1017.8983,987.9824,923.7843,881.4292,844.5353,811.44714,792.7872,770.9456,772.6939,774.2787,790.9188,772.3227,731.7697
1710.3226,1739.6636,1662.7429,1549.8026,1449.8768,1442.2341,1463.9879,1472.1713,1487.8577,1502.6523,1470.0099,1466.8911,1469.1576,1458.2721,1421.0038,1439.9917,1461.9374,1478.776,1482.8127,1494.3745,1508.0149,1595.8356,1602.3757,1593.6516,1579.2869,1518.3173,1475.3392,1475.3379,1472.3356,1465.5942,1465.0227,1463.7135,1484.1378,1500.7389,1484.2725,1490.8347,1491.4846,1501.4563,1474.8285,1480.446,1485.0702,1500.4835,1510.8094,1543.1249,1572.5713,1597.1764,1555.993,1576.3467
16186.437,15585.013,14509.552,13617.92,13526.718,13514.482,13587.965,13670.512,14207.881,15235.177,16391.98,16147.433,16683.719,18067.6,18188.738,19095.4,19864.52,19506.857,19514.184,18975.473,18816.96,18385.23,17587.04,16458.16,15263.055,14528.788,14019.007,13506.893,13735.474,13757.023,13781.623,13890.664,14146.685,14932.773,16153.925,16645.58,16960.627,17713.488,17963.395,18217.598,18275.062,18451.352,18427.768,18469.932,18369.02,18208.99,17396.04,16391.412
1817.8275,1661.3856,1442.3894,1354.2137,1340.71,1346.7089,1369.9677,1424.1055,1468.6096,1604.7015,1798.4741,1887.1534,1986.7373,2109.5225,2233.2166,2322.827,2397.9285,2362.724,2381.561,2355.2334,2266.4707,2170.437,2037.7413,1926.92,1738.3452,1562.9589,1395.2875,1335.4835,1382.1447,1366.2455,1448.4706,1493.0796,1518.1455,1638.3846,1840.2839,1929.9071,1935.303,2142.0447,2190.3098,2252.6084,2280.8694,2286.2654,2319.6572,2320.3516,2296.8806,2224.1895,2100.38,2049.9958
3621.0554,3572.6147,3386.7349,3116.5647,2923.104,2522.2622,2314.6196,2272.7104,2300.8254,2174.345,2353.6982,2259.1426,2467.774,2641.9438,2792.8462,2949.1602,3140.5063,3275.805,3556.3137,3557.6318,3778.2605,3767.1655,3779.2485,3675.0518,3542.666,3246.2866,3010.7937,2769.8193,2641.791,2173.5762,1968.7241,1954.4144,2137.162,2133.9324,2202.5706,2247.5137,2457.8672,2770.7056,2911.4678,2976.0244,3069.382,3192.3228,3514.5967,3676.8638,3811.1177,3814.4575,3780.2078,3666.853
4860.709,4596.9966,4171.399,3881.4502,3971.5098,3934.3064,3999.1484,4088.1792,4068.447,4226.616,4785.0,5082.5205,5573.613,5986.2246,6350.1216,6768.195,7019.266,6955.1143,7050.7095,6779.8584,6538.5435,6256.4966,6015.703,5433.1147,4932.434,4587.2285,3984.257,3797.751,3902.4902,3766.077,3876.9531,4059.8027,4299.847,4504.8213,5132.368,5529.9546,5602.169,6096.8203,6165.8594,6440.147,6567.524,6740.6953,6865.547,6665.9644,6475.5625,6290.3057,5950.577,5643.133
103269.72,97380.25,88182.99,81929.484,79590.14,76676.67,77682.3,79871.234,80617.82,84129.24,91542.61,95792.81,101933.27,107521.54,113027.45,119103.75,125980.01,125498.5,127676.67,125352.61,123029.57,118828.64,114471.9,109311.29,102640.336,94860.484,84151.99,80074.51,80434.2,77795.94,78723.7,81993.38,84880.92,87127.79,95289.0,101299.45,103686.164,112415.28,114935.15,117737.84,118591.875,121901.66,123615.41,122546.62,120584.3,118091.3,112032.17,108767.78
94501.18,89236.87,81112.67,75582.52,73426.56,70751.59,71732.3,73610.81,74200.68,77240.94,83478.59,87026.12,92244.77,96986.61,102113.08,107369.484,113660.62,113083.9,114980.31,112824.64,110786.8,107369.68,103427.2,99133.67,93642.21,86975.83,77758.336,74240.09,74547.18,72068.25,72704.766,75514.7,77913.58,79825.83,86816.49,92028.41,94251.766,101792.25,104061.53,106267.36,107088.33,110027.14,111478.26,110409.516,108750.98,106576.734,101130.65,98221.19
5200.7666,4934.791,4474.787,4073.769,3769.1694,3708.294,3641.2393,3611.3943,3428.4268,3408.6887,3540.274,3677.7854,4018.4287,4178.082,4359.1562,4672.62,4894.4077,5010.306,5246.541,5298.3926,5203.458,5152.189,5131.5557,5111.505,4948.413,4664.057,4443.3447,4168.476,4064.6318,3821.326,3737.1353,3779.6997,3767.8489,3840.668,3909.546,4076.2808,4166.679,4327.2026,4317.0845,4507.671,4626.27,4805.3228,5015.114,5125.171,5010.17,4963.6973,4896.113,5042.728
52750.637,51390.633,47678.086,44021.816,41471.062,39333.703,38389.14,38076.89,37570.094,38515.863,40028.16,40945.28,43287.95,44752.805,45647.71,47509.734,50337.363,51425.703,54004.426,54673.316,55157.93,55214.348,54827.703,54984.195,53252.516,50235.508,46400.98,42658.723,40761.047,38482.004,37354.9,37475.406,38780.465,39700.273,41214.324,42687.844,44196.574,47135.902,47148.477,47875.586,48678.055,51028.875,52903.285,53602.395,54850.703,55654.023,54346.812,55531.76
2721.1992,2670.018,2671.8958,2694.762,2656.238,2636.7632,2643.454,2609.0537,2607.466,2644.021,2756.5398,2709.4482,2688.1277,2734.5444,2698.6343,2675.253,2655.8352,2621.8674,2619.3652,2700.7607,2705.8894,2690.3794,2700.3567,2758.3867,2764.102,2708.578,2690.6116,2669.115,2626.4294,2610.7593,2598.836,2613.2446,2625.953,2645.4392,2654.315,2669.5044,2677.383,2674.6228,2695.9207,2689.5637,2669.8967,2665.2454,2636.1401,2653.593,2624.593,2613.692,2615.19,2651.4155
22257.283,21070.879,18706.484,17066.139,16690.77,16805.467,17221.227,17465.406,18086.12,19421.082,22390.418,23314.092,24531.39,24485.738,25315.338,26042.188,26704.076,26394.006,26742.072,26068.32,25447.016,24778.414,23965.404,22511.842,20881.932,19460.771,18413.176,17523.635,17727.314,17675.861,18204.82,18665.1,18751.838,19900.43,21954.012,22455.926,22349.959,23231.33,23770.295,24042.408,24296.46,24642.18,25050.906,24759.629,23990.352,23581.043,23267.705,22265.285
976.7869,797.2666,710.6333,686.02997,779.0608,783.3978,831.55817,860.9576,1047.8918,1290.7441,1315.291,1263.9846,1264.8683,1151.3434,1173.5757,1155.5826,1223.8832,1128.1473,1074.2213,1179.6826,1300.3967,1102.2836,914.62286,769.2962,721.0457,695.5797,669.49927,659.20166,676.1758,696.1202,785.3511,834.88055,1006.30707,1117.8254,1272.2396,1260.6183,1230.7737,1210.5946,1166.4397,1254.2219,1322.9674,1270.4963,1197.3883,1291.3214,1399.7957,1292.3479,1130.5253,1021.7313
2224.544,2154.1313,2055.2468,2059.4888,2073.735,2105.1611,2141.2427,2156.7776,2179.9082,2202.9724,2060.3818,2075.4934,2110.0493,2167.4993,2172.8928,2232.4976,2443.899,2453.8765,2436.2842,2435.483,2411.0154,2366.2378,2287.1897,2308.2932,2236.5945,2193.167,2078.9678,2048.3574,2111.7283,2154.518,2163.6428,2176.908,2198.6306,2221.2336,2157.5098,2186.592,2254.7856,2273.2732,2201.7605,2231.6216,2271.8926,2318.2437,2345.9265,2386.1467,2407.605,2405.5532,2363.4688,2386.3552
2499.3372,2511.1821,2464.5105,2361.4517,1994.0664,1870.172,1652.5138,1488.0708,1412.4209,1560.789,1682.8765,1760.1067,1878.7588,2075.0361,2050.3892,2073.6626,2009.4551,2052.299,2131.9424,2147.5066,2092.127,2168.7817,2135.1504,2137.2097,2132.0112,2137.1663,2023.6217,1957.7322,1777.817,1751.6217,1694.8499,1674.9382,1673.131,1726.8618,1779.9454,1869.7578,1855.6691,1876.849,1921.3177,2005.009,1870.0918,1982.7354,1951.9539,1989.3738,1972.92,2069.7585,2018.3535,2020.6783
101110.56,96551.4,90145.17,85472.234,83394.45,82528.73,85259.49,87785.8,88560.74,94025.42,101771.055,104745.14,111852.55,117509.055,122160.945,125268.53,128217.5,126547.41,128434.08,126036.28,122368.58,119317.61,116178.19,110625.22,103322.8,96222.914,88555.12,85938.37,86313.555,85188.664,88606.29,90971.06,93482.15,96441.695,104826.79,108699.16,112650.89,120568.7,122193.52,124888.055,125418.67,127249.06,128111.46,126334.53,122999.25,119059.21,109920.266,106748.78
2351.1401,2245.2256,2033.0693,1929.7112,1823.162,1630.7405,1618.178,1580.3779,1464.3671,1446.469,1521.6125,1598.1365,1682.0806,1761.4911,1770.0349,1866.3762,2052.052,2106.964,2234.967,2238.163,2231.5266,2174.0198,2151.0774,2151.6616,2114.7253,2048.4026,2009.2422,1959.5267,1889.386,1693.0979,1658.8612,1670.4785,1669.1996,1549.57,1623.1167,1661.9655,1715.7584,1769.441,1823.8661,1943.8546,2044.9196,2120.681,2166.6536,2145.5632,2110.4868,2126.4524,2100.7896,2113.8984
2736.2156,2594.308,2490.1038,2329.17,2113.5776,1999.0369,1968.5538,1894.1056,1881.434,1978.7765,2088.159,2013.9974,2093.2573,2233.827,2229.4248,2192.2637,2232.9146,2244.808,2273.9163,2300.3396,2356.1409,2377.241,2312.481,2364.1968,2362.4375,2256.7766,2202.3384,2109.3044,2087.6404,2029.3615,2022.6782,2061.6514,2049.575,2082.2622,2083.3892,2080.0176,2083.9272,2152.279,2125.3264,2100.3694,2135.5576,2172.0515,2167.4878,2167.0781,2234.25,2259.4653,2207.5393,2219.418
3485.3193,3154.4207,2757.9548,2485.3013,2451.4294,2335.9167,2398.6572,2415.3547,2463.0222,2702.1875,3127.1885,3335.3962,3641.936,3730.184,3880.9468,3901.3916,3986.2773,3884.5044,4027.2202,3987.7507,3965.9336,3802.0583,3657.1338,3402.7295,3125.7805,2716.08,2254.8457,2059.525,2123.275,2053.8555,2095.2546,2131.5981,2317.207,2472.6265,2932.6592,3163.4075,3360.2178,3637.2847,3694.8628,3766.5034,3751.9067,3868.0874,3981.606,3954.9062,3964.7205,3921.2068,3769.5977,3608.9692
3753.4727,3581.9468,3295.344,3142.1,3141.4097,3129.6257,3184.2793,3248.9917,3216.1218,3402.2244,3771.1836,3927.0742,4190.855,4362.005,4549.328,4732.692,4819.8447,4784.3115,4778.4365,4674.694,4501.471,4338.692,4158.0527,3921.7695,3532.686,3261.393,2939.416,2862.8535,2865.1711,2851.9136,2929.639,3032.1504,3167.8657,3352.5352,3745.9326,4017.2134,4073.9822,4348.486,4430.767,4580.7783,4604.7207,4726.2188,4754.6426,4709.506,4548.7754,4479.454,4271.8057,4137.803
532.53937,567.111,512.91656,414.25592,333.73022,292.77762,278.0105,265.85132,260.59625,269.70868,299.73138,354.39386,427.69342,501.49496,494.4456,479.64246,461.68314,459.01312,496.52188,535.45056,571.3433,569.647,533.84924,547.392,533.05133,494.39877,403.61536,326.77075,275.9563,251.1845,262.1673,232.43207,276.2211,291.9316,290.83276,306.7456,374.90707,502.43015,483.5953,481.83075,453.4511,471.91672,519.1434,573.58746,565.98145,554.8275,506.9578,530.8438
38397.312,36225.297,32603.463,30575.943,29903.465,28859.266,29162.76,29686.525,29858.34,32104.773,35899.72,38360.504,41031.96,43147.37,44603.67,47355.758,49023.086,48490.785,48793.703,47864.516,46510.688,44662.777,42765.312,40341.113,37126.258,34041.26,30421.336,29867.64,30016.707,29318.414,29797.668,30662.611,31492.273,32720.873,36306.81,38952.867,40227.457,43719.08,45321.594,46822.25,46695.2,47340.895,47028.547,46285.83,45057.984,44360.164,42433.98,41167.664
37960.938,36064.684,32544.824,30347.078,29510.006,28405.906,28593.998,29089.127,29463.56,31768.303,35429.652,37891.977,40556.562,42486.21,43954.402,46311.75,47700.38,46926.28,47099.12,46303.117,45255.0,43667.52,41741.39,39454.04,36370.332,33233.535,29686.877,29010.535,29231.473,28634.967,29068.605,29879.555,30923.354,32169.264,35735.51,38315.992,39653.87,43104.684,44497.71,45758.816,45477.203,46166.35,45832.04,45265.297,44336.72,43705.887,41598.02,40191.465
890.2015,918.46106,857.36163,904.83606,980.75024,1075.2765,1094.7053,1054.7548,949.77704,1016.44635,1072.993,1019.6906,1041.5378,1185.7017,1237.6835,1477.9517,1638.8298,1818.9214,1742.1528,1590.9526,1424.5011,1327.6719,1201.2644,1079.5599,991.93054,1019.72675,947.2736,1024.4988,1044.3721,1111.1396,1101.3837,1071.6626,1000.23535,1067.0524,1140.6434,1152.9008,1141.1351,1308.3068,1351.8868,1451.3872,1520.9396,1657.9126,1595.2435,1563.2527,1405.1334,1365.5803,1219.546,1185.723
6239.396,6291.8936,5535.9897,4785.951,3956.4883,3478.6042,3075.7527,3078.9346,3037.0713,3167.2036,3461.4258,3544.3452,3985.8413,4324.3174,4604.1587,5073.2837,5452.374,6029.4585,6490.498,6540.5557,6491.774,6692.659,6644.7104,6525.697,6208.523,6127.306,5500.805,4647.7925,3816.8564,3294.8105,2892.8743,3049.7236,3229.679,3325.3425,3258.3472,3480.6812,3749.0874,4406.026,4623.084,4873.097,5185.454,5784.413,6200.3223,6203.518,6225.4385,6633.4053,6484.6914,6537.703
22687.043,22285.27,20169.586,18588.123,16952.588,15839.566,15417.164,15722.164,15452.361,15711.686,16264.701,16585.21,17946.703,18772.254,18983.512,20000.469,21329.229,22360.197,23835.943,24102.89,24147.527,24468.605,24002.668,23567.709,22624.488,22178.533,20661.648,18747.578,17221.352,15745.918,15106.471,15584.666,16046.018,16151.745,16256.561,16928.25,17863.383,19289.309,19470.941,20194.773,20884.586,22453.58,23437.84,23461.031,23561.656,24228.266,23551.518,23663.832
34925.895,33279.863,30041.59,27828.814,26550.09,25718.113,25687.664,26353.7,26292.6,27168.234,29153.238,30886.074,32895.797,35034.3,36744.484,38841.363,41230.72,41655.406,42329.844,41671.105,41144.895,40555.875,39299.285,38206.87,35828.938,33257.12,28927.746,27298.426,26709.79,25370.34,25233.742,25948.63,26442.332,26987.379,28820.666,30462.783,31285.594,34050.03,35075.926,37170.83,38492.555,40529.113,41151.496,40559.566,40085.305,39714.113,37478.543,37186.06
342.42203,329.40524,308.09247,320.9959,307.8013,307.69336,312.64777,317.99414,298.79437,319.90482,345.92404,376.22186,365.55118,376.5434,397.77087,428.4161,412.48282,424.21964,417.0489,423.0698,394.83557,371.3828,361.84625,368.80957,322.15332,321.98962,313.92606,330.36136,314.5338,320.10736,316.40424,344.67072,351.78613,358.52252,382.89932,421.8743,383.97217,391.0956,406.6884,439.68134,430.98096,447.65378,441.02533,439.10254,383.5455,372.52267,360.093,368.79007
2805.6055,2643.8748,2383.2393,2270.149,2257.4363,2218.834,2295.1963,2391.6584,2525.7917,2748.41,3008.3523,3226.355,3378.2053,3420.4106,3506.9148,3606.571,3632.3706,3547.3494,3585.4436,3495.4373,3374.392,3244.0938,3095.8513,2909.834,2753.9219,2576.1157,2279.1685,2224.6057,2311.4915,2356.8728,2457.7258,2542.0767,2668.8848,2781.2495,3025.1252,3198.805,3313.0984,3454.9023,3439.6567,3476.0679,3378.0007,3351.939,3350.596,3386.239,3368.2886,3368.7698,3191.2307,3099.2473
1684.1492,1640.6061,1438.2123,1306.1759,1246.7782,1157.4617,1173.0669,1238.0786,1268.6982,1336.8732,1496.5907,1600.6704,1642.7083,1648.733,1620.1492,1669.2925,1775.7192,1733.229,1827.5444,1788.9883,1742.526,1743.7408,1752.9176,1735.3013,1682.4832,1591.3331,1433.7391,1322.988,1307.5165,1184.6711,1158.9387,1186.7246,1216.117,1250.3615,1374.2356,1477.3021,1600.5125,1667.6797,1685.2991,1720.8022,1731.6603,1749.3625,1794.4558,1789.9816,1729.688,1743.2953,1748.0917,1754.2457
395.3673,390.2721,366.55737,335.61826,297.97473,264.89545,246.24973,244.02083,242.08704,231.5927,240.19824,250.68497,286.01855,303.6018,302.02463,324.9536,341.68872,344.16486,364.6452,353.67465,356.23517,349.53403,348.13324,344.35577,337.99152,316.04446,293.5749,272.80304,279.11374,258.12173,246.10115,252.79816,256.67844,256.5978,256.05228,264.0283,282.3585,306.59116,308.29257,306.57755,319.50876,335.32245,346.64554,358.61948,355.9087,355.89197,349.33228,355.3403
352.35254,346.1933,279.88565,291.10382,285.5054,273.6754,256.48712,228.74423,163.32478,110.03226,106.868576,102.022964,138.21169,192.47354,186.40889,231.34795,268.48633,285.14908,304.73773,323.15387,335.92145,329.21545,322.4102,319.13086,306.5866,273.3875,229.3222,233.80826,207.75597,154.48221,122.9368,117.09282,102.744415,111.73476,127.80402,114.47623,112.34108,144.83191,128.80424,178.64948,222.14903,272.57944,288.35223,329.6023,307.26923,302.28534,297.31433,322.69812
23295.666,21584.275,19647.926,18766.623,18470.195,17976.781,18320.514,18564.844,18228.816,19098.81,21525.512,22429.45,23478.607,24499.785,25691.729,26527.281,27300.566,27387.852,27705.604,27440.604,27313.578,26119.799,25520.078,24618.928,23176.977,20556.312,17920.938,17235.23,16946.064,16376.727,16640.895,17080.303,17593.512,18439.562,21067.059,22725.459,23288.785,25172.516,25749.977,26334.219,26487.133,27154.176,27363.764,27309.441,27000.02,26891.195,25733.934,25494.049
588182.7,562749.56,511176.16,473496.75,456527.9,441089.72,441772.16,448588.47,449379.75,468349.7,506017.03,525557.44,562299.9,596769.94,617999.75,650092.06,682281.56,687983.4,700923.75,691330.5,679437.56,662466.56,639951.75,612829.1,581981.9,542410.1,489089.06,461142.62,453805.3,436195.62,439908.56,453194.97,467348.62,481610.66,518022.28,545389.7,562407.56,613685.44,624917.8,640861.8,646355.2,664563.75,674249.3,674615.5,666130.25,659160.6,632385.0,620957.44
5519.1777,5265.8257,4981.2305,4766.7876,4873.943,4912.742,4986.9194,4893.8623,4894.494,4931.703,4965.0244,4981.55,5128.2544,5198.575,5212.2886,5119.289,5253.8525,5298.584,5320.0835,5321.9424,5439.5156,5346.666,5298.9688,5389.533,5341.8745,5183.9243,5131.578,4974.9844,5046.7163,5068.2256,5052.4863,4920.9272,4951.3833,4978.726,5105.8613,5157.542,5272.4883,5392.123,5333.311,5164.5635,5347.726,5458.546,5608.2715,5566.2344,5555.8477,5457.802,5379.9473,5458.3877
1461.7986,1374.7063,1115.9071,996.79724,848.4415,789.0937,789.2218,833.8893,801.11,822.59906,854.53406,872.07007,1082.4457,1128.8702,1009.5065,1060.0454,1228.475,1493.4592,1617.0427,1629.5278,1727.6864,1764.4546,1594.7373,1498.9893,1493.6434,1437.3857,1285.6212,1128.168,924.14166,844.48315,835.7761,855.73,906.55273,935.5244,846.51245,921.48596,1088.1912,1148.7404,1119.233,1224.8572,1283.0494,1519.3246,1611.4912,1591.6438,1630.1545,1740.4469,1534.2874,1532.0159
-4.445923,-191.48108,-617.70105,-130.93506,404.52515,987.184,1210.8422,1772.8462,3034.3208,3587.2593,3139.9482,2918.8342,2799.3252,2246.088,1032.4629,357.82385,81.647705,256.59973,5.9261475,328.498,236.10565,305.53296,100.87402,105.34607,352.88654,288.0916,-215.90454,162.34369,800.36584,1521.6118,1658.3196,2412.2446,3121.642,3741.3384,3288.1123,3037.8723,2821.8257,2306.4043,1531.1456,1005.9802,587.279,512.2882,159.40863,282.9428,377.01117,405.53754,-16.272095,114.00964
-120.40228,-137.73456,-357.70575,-63.746826,248.3208,707.3963,869.2518,1360.5371,2242.408,2593.302,2220.9717,2188.5203,2035.2449,1720.1506,933.15424,436.8846,120.03967,257.60394,69.74982,227.1034,105.16162,173.61993,58.730286,142.00928,216.06726,212.82428,-53.56549,231.80933,556.58606,1082.5471,1192.714,1784.051,2368.839,2794.1165,2417.1301,2303.892,2081.7527,1775.7793,1257.9938,870.9226,423.48044,405.73166,148.9776,267.71204,306.7041,290.98395,23.001038,189.7478
243.39929,428.6137,482.1513,461.26398,569.67194,762.2045,941.4576,1248.4042,1795.145,2209.9133,2022.4498,2049.2175,2142.8652,2067.727,2023.473,1687.2244,1404.6173,1012.53735,691.197,600.394,521.8411,502.15814,380.68408,230.4823,332.19537,516.79675,556.88007,552.7537,636.4879,836.38635,1036.8619,1443.8103,1837.803,2032.6857,2073.4849,2191.0767,2212.1914,2083.6357,2074.6953,1820.4944,1657.3773,1458.8811,1086.5491,814.0641,707.8158,665.5991,482.14172,416.68134
344.45337,447.82568,269.96716,403.06067,870.0989,1289.1438,1601.7537,2090.294,2952.108,3229.1514,2975.353,2851.4622,2776.6753,2536.6047,2167.7761,1437.1456,1029.1389,996.52765,745.8482,796.01965,626.21484,439.8706,299.27124,246.92566,473.21936,574.7739,417.7444,608.09576,1033.7191,1449.5509,1767.9945,2137.2139,2766.7178,3143.2822,3091.5625,2951.3704,2805.0579,2471.0195,2178.673,1807.3602,1475.6892,1349.0747,1074.1643,958.65607,911.13904,727.874,495.57166,485.0138
247.65118,473.8305,267.63892,522.9868,892.2635,1061.9253,1372.3516,1627.146,2126.2246,2109.4512,1780.9587,1599.2366,1747.0953,1633.22,1144.4125,716.0062,745.17725,814.6072,620.9,744.10425,583.7616,230.17212,111.13971,-200.88306,65.86725,69.40326,50.339844,368.0291,925.93097,1182.3467,1380.085,1432.189,1788.6514,1811.4923,1650.2173,1525.0635,1855.0508,1682.3033,1416.6272,1075.0043,1044.164,798.1561,607.52905,511.53705,426.39618,369.1455,187.01605,144.26642
563.9118,807.96924,500.57242,758.21533,922.9035,898.60315,852.8637,899.4327,1102.468,1093.4934,1013.3784,975.8835,990.88684,983.3048,931.4149,889.8519,880.9763,886.1438,855.25146,876.09796,867.2903,865.25085,826.15936,786.0346,821.7146,835.2672,811.53674,873.23737,1047.3738,986.10376,966.2714,1035.6091,1064.8289,1090.4875,1048.0411,1083.9442,1290.8021,1233.5684,1091.4227,1043.6644,1054.0287,950.2546,873.2929,870.9861,856.92224,855.8264,788.16345,770.2378
168.98041,147.60486,174.61917,169.97644,169.10715,166.92526,170.26306,161.64433,230.2219,174.26762,183.85736,172.8812,240.41313,169.66116,196.14738,177.46942,243.60205,122.88338,137.02484,151.3735,198.09436,130.836,140.03455,124.40752,139.1437,137.88255,169.7011,154.13683,177.83867,170.30493,214.13269,185.49028,275.84692,176.4421,207.14957,192.89041,286.20526,171.771,195.53648,199.46442,210.6877,143.49974,146.9748,181.77524,216.9721,108.29469,145.28487,125.08588
45.616505,51.926834,52.757027,62.95618,60.032238,59.87915,59.337982,64.94199,85.42073,105.49774,68.83708,64.50495,68.574036,82.36256,71.73727,64.20282,58.543076,61.02064,56.139927,56.88079,56.778526,53.788296,49.235504,50.01949,46.037888,47.65088,48.623463,59.3649,52.904568,59.065758,60.35218,61.35247,61.76473,76.90919,64.31987,63.440712,63.338158,73.94008,64.550415,63.05649,59.744392,56.80506,48.64496,49.465538,53.560947,54.785213,50.7585,53.131058
171.76099,245.87747,95.11427,198.06844,224.13422,220.00491,184.74152,200.30667,241.22246,228.14209,207.34859,202.49644,213.52531,211.30392,204.5989,201.4853,207.46718,209.05447,192.2615,205.28568,211.5663,208.5636,204.4167,195.39293,213.07268,213.00307,206.35931,223.63876,266.90414,267.84854,236.43678,250.66333,250.86855,242.25546,226.62367,232.99896,278.36923,270.5836,241.46844,238.92477,235.86694,220.58102,197.20917,202.75409,209.12006,209.17964,179.54709,182.70583
128.45712,201.4246,128.60445,226.78543,229.14241,197.07162,162.24823,166.90002,210.34578,202.06046,183.7367,177.19733,192.29553,189.88596,177.27351,174.75452,177.10458,177.1427,163.52423,175.15976,168.28496,171.31906,164.42255,158.54854,167.29811,167.38045,167.3434,196.72435,204.0443,211.09964,199.96954,206.91574,206.13864,201.58372,187.74525,191.83649,218.89833,244.27127,208.84566,205.5671,199.2246,185.91096,165.32278,167.17291,172.4813,173.68866,154.24928,154.79852
-14.418015,44.02758,148.49593,203.39604,201.18538,234.04591,219.44495,234.54823,323.1458,355.26947,363.528,301.5223,227.4028,158.01076,138.63153,136.8919,129.4941,136.52086,110.81286,158.49173,147.31468,143.84589,128.68475,115.409256,68.44652,57.808784,52.616653,41.600975,52.721222,86.724785,113.55824,135.67488,194.87918,191.0434,157.40526,118.299385,74.732155,64.301895,80.459694,84.11607,90.6975,85.45885,83.42643,108.02311,101.3011,90.42391,94.68043,88.46773
-72.757675,-63.591934,88.175446,242.57121,180.55476,229.91031,276.77243,303.83456,365.0227,487.34863,460.2576,419.7359,382.8142,291.02637,214.56451,195.45569,177.8393,174.8493,150.90656,167.68411,180.44746,161.38617,152.46738,185.42365,125.84159,75.022705,84.62944,102.26906,70.51224,113.28446,157.23325,199.50327,309.82733,426.53268,334.86542,246.59439,182.90561,155.3837,153.42487,157.17012,145.58713,143.56946,123.796684,139.40323,144.37909,130.3799,125.99063,144.27127
551.28656,827.55554,366.22095,665.83777,675.3728,593.76196,458.81317,485.4516,568.00287,557.5414,531.74524,497.39868,518.6933,533.6602,508.9249,484.92026,504.38232,504.1282,467.7654,508.26062,522.1635,514.205,505.63647,468.9688,497.33963,493.64813,486.6547,552.69604,810.5453,789.4116,636.3932,614.9369,566.44794,527.9597,521.94995,518.9121,676.1536,696.54443,588.8595,568.0793,556.03894,509.62204,471.2704,476.4156,489.6067,499.14798,439.15222,432.7852
184.4485,276.29114,159.99438,252.78418,347.8842,355.77533,304.12756,412.7237,484.683,447.70795,403.81775,386.06778,393.2857,419.29587,362.2696,342.87433,331.31265,370.16446,313.78723,330.7817,307.5152,295.92645,248.43806,202.10193,227.5185,245.54112,199.9631,278.30588,386.43005,396.39783,360.2531,379.4602,390.15903,421.77377,389.1092,409.56604,460.06332,466.2572,406.3172,396.56958,398.42996,371.34882,324.9267,318.39917,299.17236,297.34323,252.12286,250.41824
282.98627,280.95712,151.51135,256.04968,405.24066,495.5877,549.17206,764.3265,1210.7954,1401.6664,1351.5854,1318.8071,1400.5995,1273.2053,1068.899,786.62585,562.1305,444.8113,292.7275,335.81537,322.73834,230.18799,117.044556,91.18805,281.86877,253.98505,140.77325,280.98807,460.0465,556.6405,707.49567,921.598,1213.1606,1431.7507,1391.5664,1404.8334,1457.8026,1301.3666,1143.2429,1019.3368,898.01825,684.6427,463.27167,386.1331,377.99673,291.17282,165.24551,159.37067
23.315552,-5.2420654,-67.31537,147.45602,432.74716,700.8838,870.8871,1143.141,1679.809,1662.5886,1300.8174,1137.5531,1303.1208,1095.6646,685.65784,337.13162,189.45587,212.41165,91.486145,201.03802,199.67401,195.04883,81.219604,86.606445,253.33957,265.73126,253.36917,390.85928,728.8577,974.96594,963.19714,1300.7153,1734.5681,1836.5005,1499.884,1335.9347,1330.135,1092.5361,894.95483,666.7526,569.60547,512.58264,297.74564,273.63782,343.9223,268.93823,85.8678,76.29962
218.01607,327.6874,182.45357,366.22943,410.27145,419.0189,376.59955,401.10645,449.55774,432.3148,405.7356,403.93097,412.35052,400.78308,396.1333,364.38864,373.9556,388.0278,355.2509,389.3958,396.1339,390.37515,373.98193,368.1371,398.20178,397.21396,395.17517,432.82153,445.99783,478.71402,440.53983,471.29333,493.51614,509.72144,452.18933,463.573,492.96713,471.37634,439.6628,436.54514,427.31488,408.9901,365.19247,370.86197,379.3849,381.60004,325.16226,344.9038
200.42569,350.18948,175.57928,349.7061,365.90866,314.58954,279.1078,288.02734,332.17896,320.6084,310.57172,305.94202,315.5076,306.98434,297.45428,286.3749,293.8538,302.78708,274.2415,293.7421,296.932,294.61096,281.33804,272.3008,294.80438,296.17227,290.81638,339.4526,372.18762,392.1471,346.243,353.4556,335.66815,326.18158,310.3516,318.08536,372.52374,399.5782,343.35822,335.87268,322.02942,307.729,283.90378,289.8017,288.238,291.36823,247.32996,254.64748
25.429932,32.42444,122.03885,138.91199,83.14813,100.38684,241.28635,327.07526,444.9456,539.67004,492.01355,526.46643,586.95605,831.8964,857.85944,756.9072,634.8313,482.7847,355.13397,292.80627,246.66434,207.04666,57.231567,75.78174,60.29196,151.71494,253.03992,315.2658,237.87808,287.97842,430.5634,590.0941,749.05707,792.9319,701.328,708.19354,670.99194,729.66266,828.7008,849.61664,739.5604,607.5732,495.43573,335.1907,239.78847,187.70953,63.885986,56.56244
16.45523,-60.272095,1.8796997,126.357605,157.22208,188.89641,207.12015,222.67088,241.6163,384.65643,464.88602,547.00464,555.96783,555.4878,459.18472,328.2246,204.42384,203.6036,113.926605,110.172,100.33908,88.08481,116.26828,226.66391,225.03015,158.71002,176.92949,353.94653,374.06354,447.3336,368.301,354.5678,304.9183,345.4092,422.57062,500.33655,532.907,557.7712,500.6145,425.10248,308.56168,219.13614,89.875336,71.59015,23.408936,7.262512,-18.134155,26.91977
255.5599,316.9635,385.87503,326.24567,294.55096,357.69376,519.06934,518.0304,497.60168,554.1304,589.7799,582.6303,573.5513,718.3252,824.64105,792.4485,777.7382,689.5265,657.1901,637.3869,598.3818,610.41455,527.5968,480.9876,457.66656,488.0643,516.1706,565.63586,547.38904,566.2782,640.15894,698.13306,645.1299,652.5567,713.34607,660.5065,657.7034,690.44275,703.39453,679.9501,663.0627,650.3941,605.5216,596.1219,586.201,540.76074,480.59778,445.75504
357.70508,709.3715,592.88556,577.6898,845.246,1186.2456,1625.3729,1710.2998,1543.2346,1513.2607,1600.8402,1911.268,1622.6576,1803.2773,1546.1025,1394.283,1322.2644,1331.3682,1206.5076,1157.0573,1031.1182,948.797,884.4406,676.76776,759.7233,1000.93317,1062.5209,1340.3433,1411.8124,1525.5476,1799.8324,1810.1417,1606.8418,1575.5847,1630.3046,1769.9598,1775.9658,1751.4941,1531.3491,1354.8309,1204.2014,1181.7959,1206.2029,1174.7046,854.6654,749.60425,738.45105,765.7045
39.325256,187.14993,283.95917,266.18268,145.70775,194.04192,357.33188,276.52597,116.51135,152.7139,172.18216,212.46233,132.74728,193.45364,168.90657,166.27942,159.6646,189.22488,189.34106,193.63821,184.26767,170.53268,197.43945,190.50067,154.73509,193.67645,271.52267,357.12964,293.3316,298.3932,332.27704,308.6458,250.7285,208.41528,237.20824,243.34361,254.37119,254.90048,215.31822,172.84076,130.30803,144.39632,160.66876,184.51694,112.20563,116.547485,150.1118,177.70938
471.62387,1053.5393,974.72064,842.93097,585.7267,612.17377,1090.6542,707.095,318.27933,446.52792,833.3928,1104.6576,485.72946,548.27563,424.2302,483.2169,228.75238,312.27347,373.80215,452.57532,487.07806,479.08847,545.74536,382.9947,479.07483,633.2694,825.8828,1111.5742,840.64825,845.63403,1020.50183,932.8398,723.8433,587.8999,667.65564,825.87756,965.7597,866.17175,693.03766,546.772,433.54984,416.02213,498.78445,559.286,181.66656,208.15222,439.3115,467.80508
112.467926,142.53854,155.72379,154.13277,98.934296,123.12875,304.72168,426.82828,256.92773,394.3684,565.8149,549.03076,630.1092,649.29016,504.4527,246.89824,277.4397,296.41165,221.96196,195.55371,181.4674,220.06949,209.7525,175.69215,215.38106,263.31366,345.86478,364.49585,287.55112,290.6745,480.93594,596.0228,435.86697,500.62503,605.2392,595.3313,679.0879,647.8653,533.5325,413.0294,384.56558,309.5538,297.7383,311.62036,213.26543,241.00085,209.88045,184.71019
30.33191,74.951416,544.4825,992.72205,1323.8025,1336.1089,1305.0825,1325.1575,1172.6819,847.6527,470.647,486.83496,332.79675,163.34482,154.94241,148.89426,80.67639,-39.63745,-166.33612,-40.95862,-105.85083,-233.59283,-226.06146,30.056091,175.85559,331.86407,565.6779,1052.3297,1320.8711,1488.9053,1326.0103,1160.4459,933.359,617.15857,346.3877,328.40793,360.92786,205.1972,208.2709,355.17114,310.83438,1.9682617,-180.24524,-6.4873657,-118.15564,-245.41608,-268.8603,-198.30127
15.977005,54.565956,68.009,60.291054,59.298943,153.27568,253.88841,267.23346,291.50134,320.33862,313.20074,274.45657,189.58563,202.48808,201.63567,137.45316,77.357635,84.231346,60.170853,38.3088,16.432419,39.431526,36.875977,18.074203,13.403152,68.10371,119.74638,155.37604,141.55185,229.83575,289.30026,305.56567,294.305,302.62808,289.52866,254.142,208.996,183.01369,180.08687,151.91078,114.147644,138.793,157.9053,98.540565,50.224174,45.746307,35.85898,0.3367157
-266.88385,-462.08795,67.5025,609.93823,699.16516,962.1865,1439.456,1772.5552,1533.5254,1671.8545,1443.0596,1381.8795,1137.0922,848.97174,460.62137,195.22607,-40.787903,47.18988,56.09381,309.31433,43.24414,345.7448,451.802,531.9819,329.6931,519.2373,656.2722,947.611,958.1285,1091.2549,1164.0449,1599.0002,1371.573,1498.158,1314.1423,1215.6333,831.1641,621.24756,618.0116,597.1792,406.86987,321.4646,229.46014,247.75568,39.316467,237.36926,74.75879,146.62439
86.21942,312.004,392.65353,264.63406,374.59503,519.38416,496.14493,462.94458,503.40625,488.99646,418.31433,570.77496,602.54553,551.4268,461.60284,379.51688,258.84344,112.54472,-20.65158,-1.4982605,152.50359,200.41144,75.74295,-120.979095,46.740448,377.37323,416.02176,293.90604,265.34344,344.2307,437.3532,441.87598,484.2234,451.40314,447.31082,517.45184,508.89948,459.94424,392.3789,395.1031,336.61987,206.13092,79.63425,30.691956,109.15582,51.115936,-40.89789,-116.34668
99.37439,166.27563,160.5719,16.372742,21.232666,158.95111,350.9018,414.83658,435.2331,497.95483,647.57404,628.6958,544.1473,620.5504,707.1901,765.4712,792.3476,705.95465,704.50653,672.22406,641.5337,538.1644,468.213,345.6133,225.0993,296.24457,303.9013,263.44846,183.57623,225.66336,511.65646,553.0369,447.68033,411.6237,479.21436,470.56537,447.61932,553.8654,590.97986,674.1071,662.3589,598.2137,557.0985,520.8628,413.95496,258.24567,190.67395,166.43906
-180.71008,-202.04688,-143.044,39.87848,184.13046,150.80255,135.67697,203.29451,306.51978,503.86707,523.1615,543.9824,567.8072,600.4768,598.02234,661.49475,735.30707,718.7666,526.97986,397.61414,329.2342,217.6436,156.19022,167.83511,106.63159,34.742188,-134.03912,-1.5638428,47.164093,8.801788,-29.033722,116.87143,328.71976,525.2304,555.1408,546.6056,434.68268,478.43698,503.14706,608.77136,576.726,501.15253,331.24353,248.4642,131.17322,29.465271,13.763214,64.931335
349.41882,777.5819,573.54626,589.6518,927.9549,1201.4513,1338.7976,1009.35046,833.0833,815.98474,994.72766,1157.3357,1301.8583,1623.2341,1458.844,1219.0254,1150.0784,1144.9318,1036.0273,817.7136,690.3984,530.92993,264.9994,-18.463013,280.03076,636.9581,515.4981,477.39392,520.04895,900.21295,1188.2203,909.754,718.5323,788.8149,940.9405,1141.5714,1519.5981,1735.92,1475.8151,1502.7025,1408.2458,1268.9603,1119.3943,845.64655,616.6718,689.1251,451.55286,324.08246
131.27884,183.29193,120.7793,137.39337,273.3028,284.28876,253.4166,216.76929,237.7495,309.2953,275.09064,317.6846,368.90265,328.15115,225.31429,199.24736,208.74625,44.301353,-14.439865,36.732094,86.48233,71.12587,-5.1902924,-36.03296,93.408905,201.99132,131.73796,146.86708,260.30637,270.07217,278.37204,208.11668,154.07903,201.66077,265.321,320.94205,359.64316,283.11597,170.2666,219.9567,216.09546,65.518036,8.283585,52.85727,94.23258,65.85693,4.3072357,-34.950897
72.90088,85.824326,69.32757,93.59746,103.69139,131.4259,159.41154,155.33902,152.54535,165.91595,181.57297,176.87285,171.32654,164.16797,156.42688,143.76581,133.70967,133.36247,130.1242,132.98502,139.68855,120.64377,92.10922,98.80011,125.26509,96.005356,100.712654,122.86809,105.0063,139.7392,159.89484,154.40823,146.72993,164.35944,187.96213,171.89064,160.45789,149.32254,145.51633,127.29245,117.82339,123.19006,105.85862,108.03018,93.79631,86.52839,72.25249,97.01258
634.4911,1612.0292,1436.7562,1252.9237,1512.4519,1875.7373,1936.7435,1898.3293,2335.5908,3130.4233,2897.5251,3132.265,3249.7266,3859.394,3022.3408,2717.462,2665.5066,1723.28,544.7617,746.0676,1112.216,1148.638,438.9298,-58.46045,368.9579,1554.2207,1537.1853,1559.4177,1392.8772,1759.6935,2113.3623,2244.6562,2253.972,2693.8652,2515.3374,2888.7913,3334.8022,3514.54,2657.5962,2619.6753,2599.2263,1776.532,767.81134,794.08734,904.3521,980.53394,341.8562,117.53223
101.93359,251.52538,188.40639,199.93344,319.42627,456.37543,508.98602,551.4304,666.6454,725.5056,572.4116,574.2704,581.0586,596.2704,405.77576,414.0985,439.46375,177.20471,10.104584,60.49666,157.66283,186.67648,5.3125305,-50.84012,-6.3619995,254.12967,167.34558,135.1872,262.6416,400.88333,517.8133,537.6333,554.42084,567.51807,505.08203,573.594,556.4129,537.48584,314.97836,418.77698,422.45996,239.70215,57.043655,119.07825,235.077,248.46414,40.894333,-42.220764
9.755051,0.10317993,49.278885,104.76305,77.75282,86.4268,115.948746,142.81035,152.65175,227.4955,199.59366,206.4107,221.57388,250.58765,353.3618,450.09824,435.25165,322.31894,178.84514,93.34627,13.890701,-12.98259,-28.734726,36.942795,48.37523,31.701035,68.016205,176.10547,156.76474,125.77403,146.49661,182.01878,213.55801,284.40942,250.66173,254.71434,217.01604,282.09998,344.33224,408.5028,379.95813,309.42383,217.03679,109.66317,62.25734,9.15535,-8.5095215,34.89943
419.85742,1012.99316,874.4718,1090.6947,1759.873,2824.2466,3683.3174,4176.4253,4401.2144,5067.4175,5001.0107,5112.514,5014.8643,5150.258,4333.9575,4089.2615,3798.1274,2683.4604,1888.5093,1842.6287,1214.9463,1059.3585,315.7036,-58.94287,397.7837,1449.8795,1046.6295,1061.2875,1561.2522,2841.243,3923.4302,4204.5083,4022.2798,4412.983,4751.085,5216.542,5091.6724,4701.892,3945.7227,4103.9473,3582.0732,2606.9587,1539.4731,1180.5903,689.61084,660.48254,187.33862,-157.34204
33.3425,246.47162,337.23407,296.63068,186.0812,407.85565,422.63278,377.31332,309.56445,331.4916,323.86047,279.27036,186.58139,240.99956,307.03937,321.42432,286.30157,247.66637,193.70187,239.67378,244.13112,208.05806,167.84155,118.193756,83.00113,201.14886,248.88435,205.4809,148.09361,246.91034,350.25348,296.23315,197.70393,187.69617,217.39029,228.69846,182.44495,197.71843,202.41202,189.56857,175.12688,180.76114,175.62784,203.06186,169.35362,178.71931,193.98265,198.10382
73.198456,65.0762,54.901657,164.21701,320.16965,428.16196,455.9301,468.06915,643.89966,637.7273,459.81445,418.02588,495.258,421.37973,336.50928,308.33124,351.2373,277.3155,104.60489,105.45006,175.4027,188.38025,94.58124,69.98157,100.96126,142.13602,145.60983,179.02362,307.2926,388.02078,423.5846,353.7297,445.02243,448.40665,344.31628,364.8638,410.90918,327.95245,276.35007,311.14404,399.54193,291.49103,174.88617,141.21204,235.1225,196.19843,76.970535,55.19374
370.11633,969.0027,867.2268,538.4469,394.82654,1363.8376,2418.909,2877.2852,2558.0322,3003.7222,3273.5862,4066.6372,3913.8162,4032.7734,3777.223,3565.6245,3023.144,2320.4954,1818.5442,1730.1825,1227.4983,1320.4822,1189.323,700.65393,683.08655,1754.2764,1810.9908,1626.5308,786.87744,1283.9358,2025.3936,2420.232,2083.8167,2263.8584,2728.6567,3399.539,3597.9849,3400.7234,2919.0596,2753.3738,2046.7034,1584.7255,1385.6002,1528.1587,962.3624,980.65356,754.8237,755.06555
-16.485748,162.55405,133.4041,55.099777,164.72249,331.21753,412.0463,543.8452,596.4503,664.1035,654.8153,649.9067,693.848,791.24866,630.87317,468.42807,419.91022,283.35583,137.33101,164.06154,80.361435,45.643387,-16.759918,-56.565765,-18.116821,152.09412,99.40723,53.440323,98.00751,359.43597,463.5349,536.5453,456.93082,505.92078,564.42236,590.1938,659.66296,739.1173,544.2876,426.1997,365.57785,268.53598,110.94524,153.7046,101.02344,175.84006,73.24208,7.0015564
270.77835,346.6789,366.01196,505.43,627.7192,621.58875,596.69055,589.18604,636.2587,574.9332,456.22723,388.94263,448.02927,367.88995,209.08157,98.53923,58.21553,82.30798,-38.490356,-19.398346,-5.965439,0.17611694,-1.5049896,50.053284,187.30576,354.6038,370.2934,406.81732,411.8692,435.24194,418.0591,495.15173,579.75995,531.91907,376.7978,356.21533,393.4561,276.5485,168.1868,149.39896,209.74716,187.65625,50.263092,69.85919,68.170105,78.13057,71.518036,77.39624
128.66272,173.1008,208.60355,252.23218,256.3655,260.89777,265.4635,266.98907,252.46619,241.2425,224.29178,193.95052,196.29022,164.9098,119.986946,89.05126,59.97054,51.143387,8.951309,14.392311,9.370491,26.921448,43.581406,48.867966,92.90305,161.28339,196.14548,208.46567,190.81917,193.78683,202.62259,239.93842,245.08778,230.84918,198.64104,195.73318,186.72247,121.23123,93.536285,90.22297,90.89621,76.14171,49.53237,56.22325,36.78862,59.97401,75.595375,67.46755
180.45093,455.19366,355.06915,-125.6734,-238.18842,402.70935,1031.7445,1392.7886,1384.4932,1662.2095,1749.916,1915.429,1825.1338,2086.1328,2232.0864,2097.7324,1775.9692,1238.2064,857.7379,669.7881,543.7333,699.9342,592.66003,127.5296,101.22919,802.56006,841.6454,513.67944,76.06726,267.67383,688.4365,929.305,769.49335,937.6086,1395.4341,1852.697,1917.918,1826.0288,1616.7571,1390.4062,899.6959,621.5011,552.36084,484.8133,302.6231,297.20123,250.00305,111.71332
27.809578,37.238083,5.4663544,48.18754,124.5489,169.987,173.8063,184.39206,235.48941,212.41583,167.82602,163.70673,192.31096,176.85448,153.26361,147.5903,137.87778,105.671005,42.910812,46.425934,55.92218,59.876705,11.667549,-1.502922,12.969101,44.09729,47.545296,67.573166,124.996895,140.61479,149.57764,148.24103,147.25029,155.33298,136.6442,143.4285,151.16577,139.29057,124.41816,136.22179,160.80984,124.406494,86.82323,71.960464,92.92894,94.81742,41.073517,19.153595
18.935892,18.409622,17.583248,17.450716,17.244196,17.283442,17.633455,18.778692,19.128447,20.48461,22.476849,23.761978,24.867722,25.861164,26.345123,26.87011,27.185394,26.716887,26.188684,25.339888,24.091202,22.364534,21.029413,19.699135,18.95552,18.628298,17.660812,17.39853,17.154251,16.86469,17.558523,18.899502,20.09574,21.186712,23.306355,24.90165,25.354364,26.367825,26.460377,26.857954,26.604578,26.528502,26.06397,25.303375,24.010023,22.391153,20.656963,20.547739
21.952114,21.999071,20.862324,19.35771,18.234863,16.70116,15.420877,15.29586,14.853109,14.319537,14.61931,14.8030815,16.173464,17.420868,18.741613,21.119291,22.673697,23.434368,24.041317,23.762835,23.833221,23.871841,23.109898,22.905334,22.145954,21.212543,20.36254,18.976343,18.57933,17.327974,16.55296,16.091602,15.440779,14.942041,14.820896,15.069456,15.864504,17.469894,18.282969,19.436934,21.2305,22.371374,23.214767,23.453777,24.03703,24.407309,23.737383,23.656635
17.971178,17.283941,16.418964,16.163437,15.938971,15.994863,16.297396,17.216103,17.610798,19.28217,21.562515,22.89595,24.11327,25.247623,25.792187,26.450113,27.0178,26.57434,25.832691,24.725891,23.544334,21.77297,20.492117,18.892996,17.87668,17.373306,16.371637,16.124601,15.840621,15.560687,16.173944,17.175787,18.455215,19.74137,22.333702,24.09835,24.764755,25.962313,26.0599,26.562643,26.439869,26.407766,25.659996,24.63415,23.39288,21.773495,19.89284,19.749664
18.46617,17.847591,16.930073,16.56313,16.35365,16.451088,16.76073,17.5372,18.111206,19.849848,21.9506,23.211178,24.29394,25.188633,25.844677,26.438992,26.598507,25.962189,25.330488,24.139921,22.876158,21.59074,20.45721,19.073763,18.333616,17.87465,16.862028,16.411768,16.095255,16.089132,16.761166,17.655224,19.090881,20.52273,22.69264,24.33485,24.800377,25.755972,26.081789,26.59618,26.237719,25.931114,25.289396,24.056961,22.844324,21.514154,20.09574,19.967953
25.269247,25.328163,25.36745,24.842293,23.986591,22.532812,20.964865,18.768248,17.168142,16.117985,16.543936,16.147587,16.370457,16.528547,17.159435,19.106241,20.48978,22.385384,24.235228,25.182594,25.850887,25.987583,26.021511,25.989923,25.456675,24.937004,25.045616,24.07372,23.051937,21.409613,19.970547,18.89291,18.136309,17.743608,17.129192,16.413317,15.963203,16.280157,17.237307,18.31299,19.667446,21.012732,22.97163,23.994831,25.002172,25.993042,26.445341,26.556267
16.84923,16.460459,15.670729,15.201324,15.0304165,15.304146,15.501335,16.24264,17.311054,19.720074,22.243168,23.586695,24.50941,24.9468,25.46891,25.6345,25.502821,24.426622,23.122509,21.383682,20.341442,19.190117,18.259218,17.081911,16.69389,16.59699,15.73052,15.1816845,14.751976,14.961612,15.538824,16.634912,18.51192,20.620924,23.17558,24.493053,24.862339,25.567368,25.588223,25.721622,25.229446,24.45307,23.096367,21.376163,20.268183,18.980717,18.228037,18.178785
17.654198,17.3502,16.787514,16.61479,16.417961,16.662458,17.20802,18.098911,18.674614,20.138962,21.872,22.406769,23.25488,23.721695,24.087465,24.33162,24.26404,23.648636,23.184132,22.53668,21.525604,20.35835,19.368532,18.185873,17.606403,17.365421,16.701395,16.441643,16.228264,16.370533,17.304863,18.413733,19.509192,20.752407,22.423647,23.211575,23.342236,24.154032,24.231213,24.435837,24.09554,23.720484,23.271029,22.520792,21.406744,20.277487,19.18394,18.949512
18.802034,18.363976,17.540802,17.33879,17.13748,17.374702,17.818811,18.539661,19.12538,20.855335,22.670448,23.29547,24.230427,24.87501,25.3144,25.522335,25.316322,24.679207,24.179792,23.287855,22.275902,21.229574,20.218378,19.15382,18.666832,18.302343,17.336699,17.047379,16.87524,17.123384,17.944538,18.931879,20.084068,21.569546,23.118023,24.116524,24.33287,25.298107,25.351772,25.411385,24.924326,24.596256,24.06509,23.195753,22.269777,21.281996,20.179853,19.887959
18.289795,17.74562,16.806236,16.71974,16.592499,16.863897,17.547775,18.493498,18.924261,20.70297,22.620865,23.510502,24.788675,25.437885,25.945919,26.42487,26.358158,25.719576,25.449121,24.447975,22.834728,21.35083,19.972488,18.591267,18.216097,17.737188,16.584702,16.419233,16.321175,16.64474,17.789167,18.86886,20.035748,21.551416,23.343618,24.542652,24.940725,25.988762,26.163101,26.541714,26.076405,25.763603,25.37466,24.27652,22.75451,21.267038,19.815674,19.542746
19.129524,18.447914,17.373724,17.2557,17.141846,17.308441,17.919842,19.032305,19.705677,21.386044,23.295603,24.496836,25.58649,26.09881,26.592766,27.13605,27.047615,26.358698,26.083324,25.121769,23.73923,22.42078,21.061932,19.579714,19.019678,18.465588,17.210148,16.930038,16.823431,17.051197,18.067856,19.437105,20.847464,22.252531,23.969044,25.37704,25.78745,26.562466,26.747173,27.170752,26.591389,26.29785,25.900808,25.014614,23.734442,22.423576,20.823444,20.535883
17.967289,17.49707,16.704311,16.500973,16.235401,16.397432,16.890865,17.767323,18.054585,19.6123,21.575504,22.603245,23.557589,24.308352,24.9123,25.506966,25.536888,24.926477,24.453316,23.519165,22.067682,20.65345,19.654833,18.495897,17.969416,17.62382,16.661615,16.33704,16.03051,16.167717,17.02659,18.137472,19.13884,20.456783,22.301804,23.646166,23.92495,24.858456,25.116873,25.575584,25.192242,24.822643,24.353622,23.358727,21.942749,20.624115,19.403448,19.311508
15.475214,14.757811,14.06724,13.862357,13.494134,13.690668,13.936446,14.603264,15.745854,18.345032,21.224323,22.557243,23.704714,24.034979,24.664959,24.958,24.945938,24.13508,22.744297,20.660456,19.664846,18.706942,17.550232,16.154297,15.517542,15.052518,14.268734,13.925909,13.37647,13.290564,13.830085,14.89804,17.058956,19.417192,22.037455,23.700329,23.962784,24.640453,24.74212,24.938507,24.469578,23.962776,22.639696,20.719095,19.64251,18.61776,17.38259,17.38073
23.356968,22.767834,22.394968,22.560383,22.313362,22.176378,22.18184,22.524033,23.196253,24.725397,26.319986,27.123377,27.464153,27.606754,27.726885,27.727957,27.489273,27.02421,26.0944,24.93358,24.792421,24.562035,24.240742,23.679956,23.308786,22.92242,22.380579,22.533485,22.289316,21.951824,21.982409,22.534555,23.721935,25.138493,26.671055,27.643118,27.659653,27.909239,27.82443,27.721102,27.259386,26.914207,26.010075,24.94135,24.731321,24.633345,24.252283,24.263985
16.993893,16.701809,15.814947,15.374794,15.300807,15.844509,16.158012,16.72782,17.731882,20.285044,22.536797,23.77224,24.626295,25.077862,25.854916,26.425581,26.15444,25.125414,24.015678,22.046825,20.539349,19.361654,18.334888,17.017414,16.708374,16.677778,15.804294,15.280386,14.944625,15.68725,16.385885,17.193663,19.10853,21.36548,23.51653,24.639313,24.864687,25.585583,25.970371,26.547672,25.974491,25.215916,24.019447,22.048378,20.530525,19.25267,18.50052,18.343164
16.087753,15.357496,14.592701,14.397386,14.030962,14.106818,14.330515,15.065793,15.944643,18.36385,21.094385,22.485441,23.857435,24.388977,25.061852,25.462019,25.483126,24.670757,23.485443,21.680176,20.463705,19.484537,18.286058,16.890778,16.174019,15.641279,14.801798,14.445288,13.86821,13.72326,14.237637,15.258475,17.176798,19.33009,22.002106,23.895647,24.302488,25.062243,25.2056,25.521942,24.994589,24.517872,23.308372,21.724766,20.48316,19.449112,18.039661,18.062468
17.924961,17.402355,16.596283,16.394098,16.28023,16.459341,17.006966,17.90139,18.477352,20.29321,22.32675,23.323822,24.362633,24.778324,25.304985,25.79184,25.767408,24.919865,24.323538,23.144123,21.694853,20.443686,19.325298,18.04815,17.788044,17.461487,16.469126,16.203897,15.97865,16.186253,17.193178,18.312807,19.632845,21.197721,23.047098,24.176065,24.528364,25.25467,25.478176,25.941948,25.466667,24.874525,24.232418,22.979647,21.574806,20.29406,19.210373,19.032969
17.934996,17.575333,16.902994,16.77441,16.776836,17.08253,17.566044,18.21843,18.850002,20.28862,21.452806,22.13291,22.512993,22.71387,22.895746,22.979374,22.71602,22.183998,21.845757,21.04823,20.224945,19.584553,18.61853,17.793327,17.668215,17.44088,16.709866,16.535786,16.546423,17.003496,17.76129,18.637985,19.704956,20.825232,21.826773,22.387821,22.578934,22.861832,22.859499,22.890646,22.46231,22.168695,21.73524,20.954275,20.127068,19.407108,18.646917,18.45273
25.04767,24.770962,24.598492,24.58002,24.523914,24.499334,24.382185,24.672068,25.498022,26.703562,27.834846,28.406334,28.713049,28.82195,28.94394,28.751053,28.524628,27.965523,26.8954,26.10525,25.993826,25.669254,25.587103,25.224329,25.084526,24.964872,24.689606,24.673555,24.548468,24.386492,24.3018,24.814817,26.013674,27.084183,28.186777,28.77963,28.912397,29.10838,28.99669,28.788702,28.447496,27.970285,26.85317,26.105282,26.00093,25.734827,25.542397,25.582876
18.542273,17.936815,17.176184,16.936169,16.761824,16.82557,17.095375,17.910332,18.552034,20.107008,21.944256,23.007935,23.85627,24.305603,24.87214,25.285305,25.20092,24.492947,23.865206,22.806047,21.841923,20.819431,19.901537,18.774574,18.334503,18.010147,17.133642,16.762909,16.470554,16.54997,17.145956,18.161064,19.501822,20.849941,22.624926,23.874136,24.08988,24.728153,25.004206,25.372421,24.885454,24.484678,23.81329,22.765917,21.76052,20.665058,19.739212,19.590494
17.868145,17.355707,16.587955,16.478634,16.40616,16.715305,17.381878,18.41485,18.941072,20.560183,22.36334,23.247707,24.263805,24.851038,25.44277,25.797726,25.74008,25.181282,24.896984,23.922226,22.456682,20.93572,19.439018,18.121185,17.697218,17.367308,16.455032,16.252584,16.173,16.483742,17.572113,18.801605,20.015017,21.293818,23.047155,24.214169,24.482002,25.376461,25.612902,25.915567,25.436749,25.191565,24.782097,23.768753,22.349815,20.838335,19.405174,19.089054
17.249287,16.515953,15.580942,15.553528,15.452862,15.874159,16.882915,18.137308,18.929605,21.242224,23.477434,24.765352,25.785986,26.216335,26.869598,27.217224,26.9277,26.085197,25.750872,24.359457,22.4138,20.799314,18.943392,17.445559,17.18404,16.670317,15.46213,15.259996,15.115622,15.643981,17.234236,18.751442,20.509,22.443155,24.448448,25.70584,26.056208,26.821648,27.004475,27.360052,26.587254,26.174864,25.644087,24.184357,22.277185,20.611092,18.961203,18.66954
17.625858,17.281584,16.360287,16.147598,16.112175,16.53101,17.209404,18.259308,19.00947,21.08519,23.096876,24.281826,25.034538,25.525227,26.096447,26.456667,26.127796,25.231804,24.706066,23.38936,21.636742,20.271437,18.89884,17.67367,17.4164,17.327839,16.305412,15.94245,15.816023,16.404858,17.56802,18.820286,20.401026,22.190214,23.969883,24.993893,25.259182,25.978348,26.149378,26.543247,25.880005,25.238398,24.580078,23.238026,21.487143,20.069742,19.00689,18.753733
15.642942,15.208956,14.579687,14.330443,14.176857,14.324673,14.304253,14.5988655,15.528766,17.470922,19.54388,20.638655,21.625454,22.073364,22.660221,22.884912,22.785727,22.018347,20.69542,18.841074,18.16048,17.299093,16.628748,15.667089,15.478819,15.29961,14.615935,14.3635025,14.090179,14.151376,14.2348795,14.8167,16.477678,18.214706,20.193302,21.602718,22.019045,22.76627,22.878408,23.026876,22.602764,21.97561,20.642437,18.904606,18.117449,17.205946,16.62361,16.599531
17.993622,17.48928,16.695742,16.509956,16.426886,16.732397,17.316822,18.256989,19.293335,21.14079,22.965107,23.985262,24.784363,25.111076,25.733715,26.071686,25.807627,25.045662,24.509993,23.28917,22.13882,20.935804,19.599525,18.111355,17.760813,17.480944,16.59334,16.229383,16.06658,16.47725,17.465267,18.761263,20.558216,22.074072,23.700233,24.705223,24.963373,25.577415,25.833729,26.107744,25.512135,25.062084,24.425833,23.258795,22.012115,20.764225,19.480532,19.117216
17.175459,16.916887,16.35676,16.308329,16.241356,16.586899,17.17598,17.872168,18.338266,19.998089,21.657005,22.5354,23.284843,23.69888,24.220402,24.512783,24.299026,23.65106,23.169443,22.008482,20.572721,19.520472,18.35779,17.377117,17.227217,17.03746,16.34225,16.251007,16.082577,16.455471,17.426775,18.330633,19.375055,20.845648,22.40397,23.3064,23.547844,24.247423,24.360958,24.572884,24.100988,23.707363,23.14352,21.933731,20.568893,19.414373,18.475115,18.25093
17.89195,17.59945,17.039795,17.044916,16.86362,17.091997,17.663172,18.702576,19.273033,20.497593,21.794226,22.223497,22.953032,23.31936,23.672028,24.025326,24.028889,23.715355,23.439901,22.806747,21.754742,20.51602,19.394331,18.208471,17.89367,17.792997,17.145939,16.908203,16.729132,16.877785,17.79238,19.101015,20.249306,21.250332,22.361584,22.965178,22.987988,23.535137,23.709122,23.99616,23.6836,23.562147,23.345137,22.697567,21.706615,20.429403,19.098127,18.875647
15.973729,15.515345,14.632389,14.446969,14.401075,14.528173,14.683086,15.702146,16.98561,19.382835,21.665003,23.07703,23.756582,24.188892,24.731873,24.915173,24.470106,23.208546,21.70914,20.057575,19.231207,18.07546,16.969439,15.824891,15.711806,15.586072,14.596336,14.326725,14.086212,14.326726,14.836161,16.279367,18.344946,20.480848,22.647795,23.807621,24.173569,24.703798,24.829926,25.025406,24.285252,23.243393,21.743206,20.198126,19.12241,17.997576,17.280918,17.123934
18.330055,17.812483,17.009624,16.897263,16.730974,17.16656,17.97969,18.91099,19.467098,21.545633,23.79393,24.961872,25.879345,26.381016,26.915531,27.083784,26.81897,26.085632,25.666805,24.440033,22.755129,21.435898,19.953026,18.69306,18.220366,17.859196,16.835735,16.650692,16.471216,16.956108,18.188984,19.405468,20.72593,22.481009,24.605392,25.843216,26.03962,26.984035,27.004295,27.185518,26.526623,26.1984,25.575005,24.271328,22.665752,21.320354,19.999413,19.756046
17.606152,17.06953,16.16386,16.020763,16.049004,16.290504,16.828337,17.905193,18.950895,20.986515,23.080074,24.202675,25.099663,25.55206,26.229267,26.609497,26.345982,25.443398,24.78859,23.37138,21.929598,20.586407,19.173967,17.710676,17.482124,17.203547,16.14123,15.783836,15.694529,16.092722,17.050896,18.441835,20.337954,22.12791,23.971186,25.037231,25.320765,26.071657,26.397175,26.766666,26.155508,25.497349,24.71111,23.338694,21.816174,20.407097,19.25567,18.889378
18.406925,18.015163,17.190674,17.041695,16.994467,17.126305,17.661129,18.483837,19.00307,20.682144,22.639214,23.509724,24.535713,25.339045,25.919926,26.296398,26.270683,25.522919,25.014172,23.930784,22.624056,21.133938,19.937271,18.613785,18.231121,17.983873,17.000628,16.837828,16.757383,16.916656,17.72787,18.826242,20.006712,21.414259,23.24402,24.385313,24.748583,25.831215,26.014456,26.29077,25.920769,25.452255,24.913351,23.845356,22.525677,21.080784,19.865,19.538425
17.739101,17.166437,16.195717,16.098928,16.01168,16.20079,16.780382,18.114872,18.73444,20.255919,22.471241,23.664589,24.862688,25.647425,26.143274,26.744806,26.956886,26.442125,26.057426,25.246786,23.760036,21.654774,20.201057,18.467382,17.725643,17.303259,16.2457,15.8731165,15.691414,15.707997,16.717667,18.367271,19.840887,21.197468,23.313944,24.850723,25.200298,26.081913,26.244135,26.720627,26.447853,26.31352,25.922663,25.121874,23.595634,21.671505,19.779331,19.556385
19.124157,18.645508,17.71317,17.602863,17.385769,17.4646,17.871695,18.981031,19.317844,20.830282,22.927559,24.133192,25.184345,26.25776,26.69983,27.388634,27.727861,27.24507,26.616581,25.767487,24.451729,22.722034,21.399124,19.950035,19.122652,18.772789,17.759348,17.529003,17.239964,17.092632,17.877478,19.196926,20.336044,21.55627,23.694256,25.284317,25.67663,26.739294,26.808977,27.39286,27.176258,27.059938,26.523514,25.689087,24.34741,22.785309,20.97281,20.87393
21.16454,20.965168,20.01847,18.98919,18.778685,18.484097,18.295837,18.116526,18.043875,18.60801,19.550064,19.888605,21.418215,22.851368,23.943825,24.412457,25.220572,25.241232,25.373978,24.805334,24.375238,23.837723,23.151325,22.61021,21.515509,20.816353,20.157892,19.469,19.531958,19.098959,18.688654,18.468163,18.757101,19.100893,20.014435,20.538912,21.175419,22.481028,23.360844,23.710995,24.381521,25.223928,25.512018,25.144215,24.842348,24.744442,24.103283,23.726494
17.744722,17.064802,16.176691,16.1393,15.956783,16.093319,16.764868,18.303585,18.706678,20.096441,22.313858,23.602758,24.83267,25.70335,26.19128,26.83678,27.254438,26.656792,26.143831,25.384699,23.896156,21.507473,19.890095,18.308792,17.596756,17.227703,16.21199,15.970991,15.764724,15.588186,16.71089,18.499063,19.773134,20.856785,23.150972,24.79613,25.102211,26.086277,26.254467,26.822891,26.675129,26.517132,26.13034,25.275412,23.707623,21.496468,19.574717,19.45755
18.178484,17.572863,16.860092,16.746471,16.48952,16.522238,16.999523,17.94908,18.432098,20.394281,22.819304,23.87003,25.02506,25.69886,26.222235,26.662384,26.908518,26.296892,25.692242,24.537472,23.295212,21.82293,20.536182,18.972569,18.167469,17.76345,16.84436,16.658197,16.327328,16.061901,16.86313,18.019577,19.412548,21.03912,23.448223,25.026098,25.33962,26.29893,26.395378,26.734507,26.356323,26.135105,25.595556,24.430687,23.22068,21.85179,20.220459,19.933414
17.026094,16.665462,15.834828,15.518246,15.497406,16.041626,16.484968,17.26939,18.466576,21.175133,23.845507,25.264284,26.047453,26.464226,27.2365,27.694479,27.514366,26.411804,25.060902,22.838343,21.35277,19.793879,18.484257,17.038036,16.862392,16.802073,15.876341,15.409067,15.115681,15.787918,16.717728,17.86674,20.064629,22.467955,24.966764,26.140274,26.380768,27.058136,27.381908,27.828533,27.277912,26.458054,25.086515,22.899122,21.279802,19.626133,18.721012,18.491318
18.67707,18.046896,17.109758,16.927523,16.81369,16.885841,17.225843,17.970385,18.500584,19.91527,21.67857,22.824623,23.75724,24.449184,24.978168,25.34254,25.299486,24.744583,24.363224,23.378841,22.292593,21.138006,20.136652,19.069416,18.564468,18.015583,16.970669,16.672268,16.532974,16.61204,17.296547,18.258142,19.409191,20.622572,22.356237,23.704155,24.09233,24.919952,25.147018,25.383028,24.937927,24.610764,24.128908,23.178513,22.158384,20.991482,19.906866,19.79431
19.643879,19.041292,18.071493,17.764603,17.33789,17.406612,17.97327,19.024004,19.213018,21.174347,23.822721,25.384409,27.03331,28.402046,29.268353,30.125805,30.541342,29.707607,28.83437,27.429413,25.544739,23.433739,22.015387,20.43217,19.678427,19.215618,18.057055,17.68153,17.120451,16.98476,18.027285,19.283281,20.515057,22.110773,24.913837,26.976204,27.849236,29.266197,29.49513,30.128277,29.839666,29.441504,28.691557,27.22305,25.340445,23.336342,21.480318,21.496006
17.803968,17.406776,16.62125,16.27833,16.054276,16.22534,16.646513,17.45056,18.08521,20.009293,22.023777,22.977364,23.996363,24.653124,25.15102,25.513983,25.56349,24.79812,24.232544,23.25014,22.150406,20.87698,19.722507,18.425688,17.653322,17.331366,16.40536,16.058035,15.824453,16.02569,16.825966,17.772652,19.045319,20.639181,22.59125,23.924625,24.316929,25.315165,25.371204,25.628721,25.206097,24.79118,24.179564,23.229652,22.101702,20.81038,19.477165,19.165447
16.792276,16.107656,14.627833,14.247255,14.135651,14.680471,15.814852,17.421654,18.408989,21.42442,24.762486,26.525185,28.261982,28.919323,29.69627,30.318567,30.09335,28.72929,28.003933,26.215094,23.616362,21.405834,19.242348,17.023272,16.558575,16.156326,14.521391,13.912352,13.634596,14.285143,16.130787,17.990658,20.08384,22.766603,26.123344,28.029072,28.55955,29.707348,29.876642,30.482925,29.694258,28.936163,28.120018,26.116901,23.4309,21.196795,19.16942,18.837145
18.157005,17.65843,16.819622,16.739513,16.702248,17.116049,18.039515,19.193138,19.558674,21.389784,23.420843,24.391357,25.426758,25.926485,26.524364,26.98108,26.837042,26.132946,25.7967,24.619448,22.663977,21.195011,19.594128,18.260138,18.087482,17.824814,16.705593,16.475756,16.33812,16.883348,18.349604,19.68919,20.829065,22.391098,24.30406,25.373947,25.577324,26.443823,26.653522,27.16348,26.631712,26.271183,25.823017,24.550694,22.578608,21.076664,19.672325,19.395733
17.699335,17.168993,16.402716,16.313454,16.182468,16.340755,16.877672,18.032675,18.559269,19.85576,21.818216,22.515036,23.63503,24.2233,24.576897,25.058271,25.375364,24.94483,24.564499,23.891733,22.88134,20.985905,19.644594,18.08269,17.66099,17.35634,16.529985,16.251295,16.06065,15.894952,16.833935,18.245779,19.476757,20.667927,22.580084,23.703327,23.857662,24.502981,24.630222,24.989891,24.936398,24.827206,24.556526,23.804075,22.70235,20.882605,19.286552,19.041058
18.688486,18.108238,17.24426,17.050446,16.922363,17.243244,18.061462,18.925484,19.379166,21.117582,23.076052,23.934597,25.093813,25.616638,26.25317,26.663937,26.556917,25.906137,25.623627,24.364271,22.805695,21.49124,20.183592,18.866539,18.609392,18.181505,17.156487,16.852797,16.575855,16.970089,18.21169,19.317421,20.56049,22.12381,23.813822,24.898335,25.231033,26.028408,26.316164,26.627357,26.145973,25.86707,25.473244,24.247784,22.744024,21.430376,20.081692,19.854261
14.538958,14.142553,13.737564,13.902511,14.503031,15.441748,16.30059,17.814972,19.58001,21.748035,22.672104,23.438868,23.467186,23.453377,23.628382,22.998663,22.058954,20.88457,19.245693,17.94233,16.582901,15.443379,14.687291,14.299095,14.4415,14.357826,13.689159,13.968922,14.593607,16.076706,17.249008,19.267582,21.313002,22.372847,23.195118,23.914227,24.012285,23.924686,23.755577,23.500917,22.342203,21.378504,19.195637,17.839516,16.66543,15.50008,14.944014,14.788507
18.028072,17.522688,16.624657,16.446642,16.28563,16.397331,16.831545,17.828058,18.260283,20.064785,22.534632,23.812044,25.12144,25.957981,26.527111,27.03387,27.262287,26.62339,25.957762,24.779406,23.270784,21.65629,20.295927,18.680496,17.995502,17.616758,16.6622,16.379398,16.112047,16.002993,16.83371,18.002207,19.308651,20.825275,23.333466,25.0041,25.608158,26.61958,26.761759,27.144003,26.867794,26.496983,25.852268,24.687119,23.110155,21.56669,19.953085,19.783142
17.115788,16.781637,15.954428,15.658365,15.790205,16.185013,16.712118,17.633862,18.612408,20.870628,23.036026,24.160223,24.83459,25.347229,26.113106,26.401594,26.061422,24.985992,24.229284,22.533243,20.985502,19.419369,18.10097,16.771803,16.782671,16.852743,15.898508,15.470606,15.420658,16.011778,16.985563,18.147118,19.992775,21.859474,23.917786,24.835024,25.074232,25.846664,26.248804,26.62094,25.974838,25.156685,24.225214,22.451513,20.860847,19.25176,18.45831,18.042747
18.580038,18.105547,17.214329,17.052258,16.83147,16.973116,17.433321,18.340963,18.679459,20.340727,22.499582,23.625004,24.608263,25.554024,26.127785,26.854603,27.070072,26.524078,25.927662,24.755596,23.268,21.755394,20.566956,19.146961,18.545467,18.208242,17.16444,16.905891,16.613832,16.603853,17.495426,18.599787,19.733662,21.126375,23.25873,24.758844,25.124731,26.11823,26.32455,26.914183,26.629742,26.349964,25.814905,24.663774,23.205465,21.693789,20.150341,19.964592
17.319489,17.030098,16.371946,16.062706,16.01867,16.324558,16.841446,17.609632,18.060623,19.8535,21.953121,22.890676,23.887482,24.357552,24.962418,25.328957,25.391792,24.662561,24.021835,22.781841,21.29737,20.02049,18.920734,17.615534,17.248438,17.107258,16.3447,15.98167,15.76173,16.116861,17.027365,17.961151,19.193012,20.762287,22.792828,23.843355,24.117945,24.875273,25.07346,25.418676,25.126093,24.683207,24.043762,22.753403,21.187054,19.86391,18.840197,18.625454
17.921047,17.238533,16.279068,16.061241,15.686873,15.781853,16.063911,16.918741,17.453495,19.560135,22.071854,23.44266,24.657057,25.51816,26.048162,26.717997,26.984161,26.335754,25.361729,23.976059,22.615814,21.387688,20.173489,18.772604,17.917114,17.40226,16.324545,15.993649,15.489999,15.318943,15.957461,17.055918,18.524054,20.344501,22.833836,24.695644,25.108727,26.080788,26.154034,26.691633,26.386797,26.125568,25.195377,23.931889,22.616186,21.41543,19.789118,19.764292
14.785325,14.328215,13.248358,12.32348,11.762119,11.099596,10.813316,10.794099,10.676265,11.115606,12.094958,12.725953,13.832825,14.841274,15.88123,16.886656,17.821833,18.166903,18.460583,18.184801,18.144783,17.67881,17.073969,16.243898,15.170742,13.877833,12.471963,11.810086,11.627944,10.867609,10.592003,10.401251,10.674124,10.881186,11.921766,12.724766,13.467978,15.279648,15.944508,16.663692,17.224667,18.093899,18.311113,18.13531,17.96923,17.789146,16.872963,16.528038
18.458141,17.591488,15.988218,15.505884,15.341881,15.445791,16.033716,17.11071,17.96101,20.244432,22.962923,24.393843,26.146946,27.872768,28.904192,29.889008,30.189552,29.412283,28.945381,27.445349,25.96168,23.693531,21.745335,19.505304,18.379827,17.476309,15.710924,15.064733,14.7864685,14.829531,15.970724,17.279345,19.300646,21.107271,23.90807,25.854847,26.825848,28.601322,29.231045,30.01329,29.629778,29.397415,28.810575,27.256731,25.859161,23.81353,21.371082,20.785633
17.123507,16.712372,15.992445,15.887307,15.721888,15.901815,16.38272,16.966194,17.366777,18.996231,20.854322,21.66576,22.648586,23.176598,23.519764,23.801989,23.864819,23.303047,22.805593,21.743328,20.638815,19.746836,18.680178,17.591558,17.12005,16.784042,15.920873,15.779347,15.523598,15.558304,16.338913,17.212687,18.246937,19.632511,21.491474,22.57535,22.808668,23.650043,23.609947,23.823008,23.523605,23.308062,22.700922,21.64704,20.589481,19.690285,18.562952,18.414446
28.454376,29.393124,29.378412,29.209267,28.05421,26.137812,23.032951,22.06188,22.127552,23.553541,24.079967,25.476236,26.267885,26.881207,26.326265,25.944344,25.958868,27.033514,26.312016,24.638536,20.836332,21.022652,21.669895,24.668917,25.00921,26.357548,26.99543,26.505585,27.437271,28.881184,27.191841,27.412891,26.736437,24.414227,21.120724,21.094772,21.692663,22.796911,23.469301,23.958223,24.4701,25.384539,26.630716,27.848015,27.972067,27.524567,27.478617,25.356838
15.22217,14.417685,14.571159,14.337786,14.400299,13.393687,13.753847,13.887167,14.265163,14.026528,14.216407,14.939547,15.345714,15.930222,16.48798,16.426937,16.404495,15.109622,15.353027,15.136926,14.948361,14.779561,14.4671,14.908161,15.116849,14.758013,14.8329935,15.33766,15.3917465,15.104662,15.037728,15.324365,15.273281,14.893073,14.949068,14.864472,15.39525,15.557523,16.28728,16.920319,16.490612,15.786288,15.540527,15.327944,15.152647,14.986352,14.934072,14.7932
20.066986,20.129421,21.502676,23.977531,26.311451,29.093521,31.330112,31.588251,31.312702,31.430807,30.757042,30.776438,29.191826,27.14483,25.269459,22.491436,19.534157,18.687277,17.628777,18.165749,17.33091,16.349133,16.704153,17.834332,18.96337,20.513474,21.805677,24.921947,26.234186,27.669867,28.905106,29.739195,30.37661,30.51514,30.580624,30.428822,29.506166,27.586687,26.70068,25.321142,22.292236,20.58387,18.390036,18.265999,16.54818,15.663429,16.472336,17.537468
17.738056,17.251589,16.426708,16.138903,15.929713,16.11707,16.503216,17.352165,17.825829,19.952879,22.387295,23.485659,24.80888,25.479485,26.094625,26.6475,26.870472,26.044413,25.148438,23.914764,22.420282,20.986351,19.670982,18.262766,17.658197,17.338207,16.41469,16.056732,15.664565,15.718725,16.55783,17.593521,18.93974,20.698236,23.117867,24.69376,25.136631,26.111305,26.292385,26.779087,26.506104,26.029264,25.19316,23.890417,22.35766,20.946283,19.45619,19.341312
16.612272,16.30938,15.721809,15.585,15.374734,15.552368,16.168724,17.12767,17.471848,19.096895,21.005577,21.947748,22.904272,23.39494,23.884169,24.313778,24.311485,23.511219,23.02207,22.120176,20.626348,19.14091,18.004585,16.921827,16.618841,16.4546,15.758034,15.523346,15.141162,15.265366,16.3432,17.498857,18.500671,19.948278,21.810305,22.855516,23.18783,23.862059,24.006409,24.329315,23.955671,23.44619,22.949097,21.968327,20.485905,19.069284,17.947195,17.846289
17.94343,17.456331,16.685635,16.517149,16.426943,16.566769,17.035265,18.092873,18.563286,20.177013,22.263357,23.292938,24.31345,24.89175,25.486961,25.945118,26.05175,25.375237,24.955832,23.940542,22.39747,20.90816,19.738785,18.42752,17.878372,17.560095,16.661934,16.348747,16.170576,16.250885,17.09449,18.364784,19.595581,20.972225,23.013435,24.35131,24.627142,25.385818,25.613064,26.024435,25.688395,25.346985,24.84169,23.85348,22.290117,20.84727,19.51776,19.362759
16.281364,16.075886,16.11539,16.687933,17.388462,18.321337,19.498117,21.11684,22.708633,24.318659,24.366354,24.435644,24.110825,23.667824,23.631449,22.712704,21.235912,20.021395,19.181963,18.685024,17.78714,17.335707,16.921587,16.655134,16.51581,16.652264,16.670782,17.5551,18.22967,19.23835,20.565716,21.96235,22.58859,23.09387,23.855896,24.39725,24.468277,24.273134,24.082247,23.769108,22.836332,21.827961,19.99944,19.248306,18.03992,17.215996,16.60318,16.238558
17.150185,16.670044,15.987178,15.911367,15.93372,16.429342,17.348013,18.456194,18.974579,20.813387,22.83532,23.902832,24.743034,25.11456,25.79863,26.089134,25.887218,25.163347,24.734562,23.38546,21.444191,19.944824,18.343851,17.150877,17.099808,16.829441,15.889647,15.692646,15.633255,16.260332,17.730936,19.039454,20.299322,21.857008,23.754454,24.758026,24.940126,25.658617,25.919882,26.270018,25.709492,25.334768,24.803638,23.340855,21.39267,19.759481,18.538029,18.260115
21.912756,22.649141,24.688564,26.352846,27.122597,27.485313,27.365894,26.809729,26.49931,26.221436,25.373081,24.762402,22.928947,21.418926,19.743425,17.90703,16.63219,16.78212,16.226446,16.289616,16.241169,16.7814,18.366669,19.360899,20.739096,22.365921,23.9239,24.795786,24.805695,25.479412,25.844566,25.638527,25.45281,25.274117,24.572803,23.904787,23.073471,21.180498,20.52007,19.456999,18.40407,17.209435,16.10584,16.26267,16.25267,16.895401,18.231245,18.806057
18.204653,17.777966,17.009329,16.952711,16.794815,16.94099,17.480198,18.75518,19.123873,20.657347,22.992403,24.146242,25.3495,26.153717,26.5919,27.086132,27.50412,26.973957,26.305819,25.341438,23.81646,21.863813,20.397478,18.878098,18.275616,18.052847,17.146702,16.919666,16.733212,16.548786,17.497087,19.081942,20.322178,21.591522,23.874512,25.378262,25.641575,26.651863,26.744991,27.14679,26.968779,26.746758,26.23223,25.291689,23.726294,21.841316,20.019033,19.913145
17.918913,17.449646,16.624382,16.54682,16.447195,16.74022,17.481508,18.59982,19.089823,20.758835,22.714396,23.691875,24.671751,25.20874,25.78463,26.187145,26.0634,25.311104,24.916769,23.902576,22.259377,20.72509,19.244375,18.029346,17.839207,17.58646,16.584368,16.357227,16.1764,16.472082,17.685282,19.072636,20.255634,21.740366,23.621847,24.696224,24.879559,25.735146,25.88829,26.25182,25.769627,25.351625,24.855469,23.74821,22.095402,20.532204,19.233208,19.075836
15.080553,14.4919405,13.852013,13.890539,13.963442,13.644981,13.435894,13.5762005,14.055332,15.749592,17.710812,19.293945,20.227093,20.734688,21.174223,21.192917,20.92961,20.180506,19.165478,17.29469,16.61634,16.023722,15.740627,15.12186,14.973431,14.567477,13.775484,14.047729,14.015352,13.633165,13.330944,13.555274,14.675535,16.149734,18.30617,20.081446,20.657522,21.383894,21.356209,21.275452,20.679379,20.149738,19.010307,17.404232,16.537182,16.118826,15.866868,15.97192
15.2532215,14.743601,14.225221,14.075127,13.951242,14.033657,13.98719,14.201223,15.12114,17.06794,19.06161,20.209446,21.113691,21.406046,21.94391,22.015121,21.91669,21.090752,19.85225,18.005722,17.512068,16.60761,16.080242,15.337444,15.133354,14.879876,14.283411,14.158041,13.886147,13.8217125,13.875782,14.303457,15.94874,17.661348,19.665997,21.035995,21.359642,21.985153,22.007011,22.079592,21.712883,21.098795,19.823467,18.067574,17.467205,16.68489,16.230408,16.279045
15.613251,15.147716,14.600431,14.526336,14.359471,14.369373,14.332403,14.467076,15.0939455,16.98834,19.072023,20.517082,21.645517,22.316475,22.964735,23.24592,23.24538,22.61552,21.39988,19.43613,18.579859,17.603533,16.765156,15.9019165,15.59917,15.297642,14.648069,14.679369,14.310892,14.176701,14.245473,14.570385,15.958245,17.57961,19.781134,21.575243,21.971323,22.949802,23.122034,23.346592,22.973866,22.54943,21.292515,19.531847,18.610292,17.650852,16.835445,16.933084
15.631556,15.043841,14.006498,13.779554,13.649989,13.7116375,14.168158,14.806931,14.883982,16.200909,18.020761,19.295315,20.820158,22.172384,23.064743,23.901072,24.242098,23.923397,23.630663,22.379293,20.946815,19.268545,17.825752,16.393421,15.676383,15.044388,13.789202,13.562923,13.39155,13.353994,14.195708,14.893154,15.77656,16.722412,18.809225,20.354458,21.273874,22.863577,23.390484,24.049797,23.794298,23.807266,23.431799,22.22028,20.858828,19.328472,17.492226,17.237537
13.4307575,12.952528,11.776314,11.611935,11.583881,11.836175,12.513681,13.812801,14.076461,16.149195,18.572222,20.24583,22.063614,23.67378,24.625618,25.672062,25.975454,25.218264,24.712063,23.284006,21.032312,18.488438,16.26023,14.144304,13.451515,13.123741,11.667994,11.472853,11.294403,11.484032,12.690873,14.002789,15.410245,16.963814,19.773464,21.733664,22.70412,24.424088,24.927486,25.96315,25.586279,25.344185,24.75066,23.254658,20.931442,18.423563,15.9534855,15.626783
17.697617,16.754478,15.104578,14.706509,14.334724,14.365071,15.213985,16.383059,16.6329,18.829792,22.036907,24.076504,26.093504,28.375753,29.611664,30.767548,31.165,30.29248,29.777454,28.08192,25.854286,22.916155,20.888922,18.828045,17.698711,16.73544,14.784777,14.258143,13.810968,13.709831,15.167293,16.636715,18.114422,19.776876,23.343075,25.766766,26.868717,29.18057,29.96224,30.930252,30.555777,30.294264,29.71202,27.854286,25.6815,23.01209,20.54775,20.234234
17.898174,17.477137,16.536787,16.232971,15.900091,16.025896,16.38977,17.289537,17.727873,19.50957,21.734673,22.862146,23.865053,24.959408,25.403324,25.86464,26.089994,25.597712,25.0249,24.05028,22.9071,21.384342,20.13917,18.688232,17.685724,17.438942,16.50293,16.14261,15.776737,15.59222,16.25626,17.354702,18.62951,20.124243,22.318172,23.891571,24.350403,25.517824,25.510584,25.842941,25.563925,25.481846,24.947313,23.99823,22.858341,21.458084,19.781267,19.537838
25.18649,25.305737,26.15918,27.622402,27.74239,28.173355,27.770407,28.576637,28.294827,26.93645,24.081614,25.030329,26.10733,27.300915,27.56412,28.088608,27.699234,28.439306,28.641222,26.743801,24.13409,24.225056,25.604488,27.331833,27.74248,28.162321,28.241375,28.739285,28.91042,26.952301,23.360437,24.45638,25.974617,26.679348,27.40124,28.102247,27.978369,28.284426,28.355433,26.051968,23.713268,24.609127,25.893833,27.13922,27.848227,28.173412,28.052025,28.791306
19.27739,18.555147,18.105206,18.362244,18.047777,17.842686,18.009884,18.571291,19.322025,21.431921,23.521412,24.451838,24.883158,25.009995,24.97453,24.818483,24.530527,24.153484,23.239647,21.711647,21.386696,21.2855,20.807894,19.7043,19.173622,18.809042,18.222355,18.45695,18.101124,17.552752,17.712908,18.53986,20.0478,21.93709,23.921686,25.063965,25.22408,25.291018,25.0658,24.864187,24.21371,24.04218,23.131306,21.74308,21.321165,21.318579,20.540691,20.430641
11.670434,11.350735,10.864895,10.8312645,10.780514,10.970816,11.388577,12.138697,12.45436,13.523035,14.805818,15.662595,16.455666,16.881582,17.366434,17.680357,17.613369,17.181822,16.773201,15.973341,14.809823,13.700148,12.669048,11.850502,11.619324,11.44188,10.81721,10.698134,10.580835,10.859796,11.562242,12.408404,13.280215,14.145292,15.4021225,16.389809,16.573282,17.225243,17.419685,17.771992,17.421473,17.185524,16.754076,15.986235,14.765439,13.682493,12.709539,12.634426
18.392155,18.084307,17.303839,17.172068,17.179115,17.557674,18.292772,19.505127,20.44056,22.686373,24.541218,25.344442,25.783983,26.024282,26.3507,26.448685,25.99662,24.857412,24.161995,22.946009,21.616566,20.57148,19.271048,18.190151,18.149393,18.163244,17.20864,16.95583,16.917786,17.433964,18.654715,20.217247,21.872513,23.65583,25.13843,25.898005,26.060581,26.403992,26.36922,26.44868,25.702545,24.924442,24.160282,22.896933,21.510653,20.330797,19.564655,19.234625
21.48158,20.823467,21.087975,21.251402,21.167599,20.904537,21.324783,21.605719,21.498386,21.1842,21.522009,22.165695,22.408272,22.684914,23.965536,23.878155,23.73013,23.417109,23.541866,23.261316,22.741106,22.185806,21.957888,21.918602,22.06502,22.155354,22.138617,22.244352,22.386328,22.302073,22.513603,22.6166,22.729616,22.584364,22.84257,23.209063,23.254812,23.158102,23.343178,23.31959,23.136593,23.220736,23.176651,23.180838,22.817514,22.519445,22.194513,22.152199
17.947775,17.422485,16.543869,16.444483,16.207407,16.310965,16.785208,17.911644,18.36268,19.777409,21.866652,23.043425,24.104414,25.244104,25.683111,26.339962,26.648134,26.286201,25.839392,25.048141,23.87658,21.877068,20.447277,18.837793,17.982462,17.564384,16.581223,16.337547,16.064213,15.911417,16.70541,18.040665,19.285078,20.468246,22.629906,24.194012,24.554474,25.612553,25.831577,26.330362,26.137878,26.165642,25.816093,25.02849,23.753084,21.951025,20.013758,19.79325
18.551058,18.197851,17.386393,17.169247,17.177027,17.414398,17.98134,18.856272,19.528786,21.212759,22.978699,23.81007,24.664433,25.19563,25.763496,26.047138,25.854458,25.111301,24.788294,23.83394,22.54724,21.209478,19.962896,18.679045,18.34454,18.158659,17.216835,16.883148,16.805351,17.164417,18.102419,19.225277,20.551334,21.952307,23.618961,24.615341,24.865103,25.713375,25.90652,26.128365,25.634466,25.191856,24.703808,23.732502,22.431017,21.166216,19.995586,19.64179
14.597591,14.440581,13.463529,13.221423,13.507795,13.974252,15.076967,16.768215,18.207722,22.096155,24.615852,25.38879,25.868408,26.04346,26.625334,25.935125,25.185343,23.59611,21.644897,19.660807,17.56418,15.877597,14.422007,14.364264,14.683538,14.892839,13.860678,13.96283,14.397404,15.597573,16.851376,18.36902,19.853912,21.701712,23.832314,24.748056,25.11797,26.442421,26.818913,26.469519,25.481253,24.769926,23.426239,21.41247,19.325403,17.181135,15.649563,14.872471
16.567318,16.471846,15.754965,15.408965,15.291973,15.041639,15.321777,15.859091,16.404675,17.918018,19.79954,20.916006,21.833546,22.50333,22.989609,22.914112,22.747677,22.09428,21.375824,20.264708,19.280115,18.826689,17.92096,17.208654,16.721277,16.710308,16.083223,15.730322,15.453356,15.499197,15.94876,16.557983,17.304691,18.35948,20.054684,21.068792,21.284435,22.23006,22.784292,22.890785,22.630527,22.425707,21.983263,21.309307,20.623478,19.87339,18.69908,18.160757
26.799166,27.545322,28.243872,28.05315,27.865498,27.752268,27.09561,26.147118,25.35297,23.641258,21.535511,20.846647,18.288605,16.904623,15.848246,15.918377,15.204857,14.992529,15.307842,16.679708,17.93131,19.675303,21.410429,23.279612,24.782701,25.043795,25.86948,26.34098,26.47515,26.221506,25.787678,24.86659,23.903957,22.964798,21.031317,19.783676,19.23329,17.925346,17.551908,16.862465,16.339296,15.025064,14.960077,16.117857,17.42441,18.689943,20.421827,21.86255
16.980715,16.526838,15.861673,15.716446,15.818186,16.300299,17.125828,18.20704,19.238638,21.307226,22.920244,23.517471,23.849133,23.972496,24.240969,24.138819,23.65057,22.72919,22.229113,21.155636,20.06534,18.98341,17.815739,16.770313,16.71129,16.545525,15.723846,15.448304,15.465204,16.184525,17.448788,18.894152,20.583755,22.123783,23.445652,23.915203,24.089064,24.294107,24.260365,24.258955,23.586475,23.037771,22.315348,21.151451,19.956211,18.886856,18.070219,17.716396
18.196058,17.792215,17.14558,17.019346,17.047333,17.42068,18.076035,19.006403,19.864317,21.668823,23.418083,24.395147,24.908749,25.208746,25.62475,25.629456,25.218334,24.326742,23.76384,22.4634,21.29635,20.229216,19.047888,18.065884,18.044447,17.872543,17.045341,16.826132,16.770912,17.302355,18.351261,19.515139,21.002045,22.513927,24.087954,24.904715,25.205227,25.622417,25.684334,25.71831,25.052568,24.435448,23.684847,22.42268,21.207592,20.005554,19.245316,19.022083
18.55602,18.030493,17.268585,17.205057,17.244242,17.566397,18.456478,19.710598,20.394463,22.25014,24.071392,25.15103,25.768845,26.21426,26.78646,27.015059,26.710789,25.856619,25.533943,24.34359,22.634748,21.357874,19.761557,18.5554,18.389172,18.103804,17.072754,16.955914,16.950987,17.524055,18.910528,20.381788,21.78526,23.209465,24.760813,25.658916,25.94975,26.64746,26.846914,27.09824,26.360485,25.853123,25.305107,24.153715,22.530413,21.119032,19.887476,19.55281
19.137285,18.578201,17.487465,17.106739,16.63593,16.627396,16.913504,17.76543,17.9374,19.8532,22.5327,24.159298,25.831747,27.43639,28.289877,29.164963,29.78449,29.23867,28.33845,26.91763,25.318682,23.341328,21.9276,20.34907,19.223005,18.655584,17.423353,17.035727,16.463455,16.075977,16.744766,17.706938,18.904501,20.41067,23.40418,25.575607,26.62713,28.325132,28.609,29.280912,29.193382,29.119156,28.279398,26.861843,25.22491,23.360025,21.312582,21.27125
29.894764,29.834023,29.78817,29.562775,29.525244,29.331547,29.062101,28.676569,28.689661,27.9682,27.569927,27.419699,27.286413,27.240734,27.184723,27.20388,27.08542,27.240889,27.865477,28.466978,28.945274,29.487907,29.923056,29.874348,29.788122,29.629826,29.638445,29.541698,29.362526,28.909777,28.611568,28.401196,28.184734,27.95251,27.831202,27.68274,27.778715,27.532707,27.349133,27.088251,27.204428,27.280312,27.751364,28.28072,28.876713,29.340298,29.651138,29.675323
25.439041,25.559212,24.820723,23.18759,21.935064,20.112783,18.021788,17.327414,16.931494,15.904578,15.811449,15.577316,17.051994,18.436176,19.621176,21.8728,24.369366,25.573925,26.786884,26.628439,26.89141,27.206875,26.380924,25.909775,25.22974,24.45704,23.798214,22.288363,21.82633,19.997316,18.85955,18.420958,17.55607,16.752666,16.01934,15.919985,16.739,18.563606,19.549515,20.693544,22.776722,24.178997,25.252449,25.698208,26.938126,27.617153,26.947845,26.518332
12.761574,12.00579,11.214762,11.2704525,11.260951,10.984227,10.828899,11.120209,11.667124,13.5201,15.784997,17.545681,18.624924,18.979525,19.300673,19.329521,19.085588,18.559258,17.640625,15.626943,14.816385,14.304143,14.02928,13.085893,12.761433,12.172438,11.226989,11.361837,11.228058,10.795227,10.539261,10.882076,12.235252,13.979572,16.347466,18.318443,19.064066,19.586533,19.498873,19.412895,18.796059,18.46835,17.358994,15.704005,14.771414,14.408867,13.93999,14.016765
17.964588,17.649782,16.914377,16.621872,16.327545,16.46572,16.803585,17.669567,18.12129,19.85822,21.88072,22.6089,23.498995,24.499317,24.959307,25.487234,25.820164,25.235859,24.498936,23.666452,22.618786,21.150715,20.015354,18.671408,17.817118,17.644516,16.894548,16.53752,16.193562,16.103867,16.822315,17.911797,19.060211,20.541862,22.438972,23.638456,23.912155,25.02767,25.097237,25.474072,25.369156,25.05141,24.462568,23.57324,22.516024,21.129604,19.677193,19.399157
18.681122,18.085358,17.15515,16.92917,16.595512,16.493591,16.68449,17.47088,17.842548,19.370672,21.362774,22.392029,23.323446,24.36208,24.89238,25.47165,25.770613,25.281944,24.802197,24.009117,23.051998,21.722097,20.75341,19.659142,18.540161,18.018965,17.043087,16.731878,16.417336,16.072485,16.557926,17.490543,18.5835,19.865715,21.9564,23.35095,23.80095,24.876516,25.05058,25.448147,25.239162,25.079361,24.63719,23.880129,22.96412,21.754877,20.372076,20.18045
18.69454,18.335247,17.420193,17.189072,17.039488,17.351774,18.043375,18.989033,19.425386,21.33632,23.221256,24.009342,25.03568,25.750961,26.26723,26.700426,26.66159,25.949947,25.487762,24.338257,22.803946,21.567558,20.193945,18.885433,18.520159,18.363981,17.266705,16.95712,16.757004,17.146841,18.28296,19.462133,20.632965,22.21085,23.931656,25.053656,25.280222,26.276604,26.401907,26.765182,26.28017,25.921906,25.427681,24.239763,22.736149,21.438791,20.105839,19.794247
18.955132,18.395191,17.47997,17.335323,17.230598,17.45078,18.28767,19.529406,19.954779,21.651564,23.722904,24.64114,25.836391,26.528576,27.056206,27.562294,27.690498,27.016214,26.689703,25.709965,24.0745,22.331413,20.912916,19.442183,18.910675,18.509819,17.374489,17.114923,16.93891,17.173805,18.456007,19.891222,21.104912,22.58436,24.502323,25.782719,26.038614,27.036503,27.177368,27.626896,27.20829,26.89782,26.583042,25.532501,23.867874,22.182373,20.629465,20.412853
14.588045,14.856692,15.388002,17.062008,18.64717,21.046337,23.364014,26.516699,27.804039,29.08119,28.579706,28.508379,27.750883,26.683998,25.489674,22.897596,20.14205,18.81757,16.637146,16.388245,15.626673,15.072024,14.228209,13.888241,14.530891,16.017252,16.35342,18.08679,19.484911,22.436348,24.160944,25.263369,26.368729,27.790426,28.479576,28.700369,28.226524,27.36252,26.640697,25.709293,23.160345,20.632786,18.017862,17.200966,15.390144,14.299997,13.691022,13.641227
12.986254,12.094664,11.3288145,11.191596,10.963542,10.605698,10.660659,11.352986,12.260792,13.764935,15.525103,16.60384,17.147259,17.10773,16.959534,16.637867,16.365036,15.565783,14.899254,14.348506,14.464999,14.1502695,14.108863,13.625375,12.8806925,12.023811,11.203494,11.097291,10.899089,10.395658,10.474788,11.34717,12.655792,13.997543,15.936678,17.144941,17.438023,17.406265,17.029993,16.664137,16.128231,15.611789,14.675266,14.269578,14.286546,14.1107025,13.748005,13.921038
18.42459,17.76817,16.501673,16.087505,15.557188,15.877956,16.572834,17.684223,18.098198,20.764938,23.963894,25.39058,26.867683,28.255947,29.002556,29.752245,29.861616,28.855755,27.920166,26.605236,24.695475,22.782501,21.053652,19.235107,18.246445,17.74355,16.341722,15.815657,15.166718,15.272909,16.583736,17.87244,19.230574,21.555775,24.886606,27.01306,27.416664,29.010748,29.202595,29.823195,29.387634,28.940815,28.08094,26.457474,24.512865,22.65112,20.771519,20.632463
18.889229,18.284286,17.632523,17.534039,17.502922,17.205402,17.13092,17.420797,18.045424,19.433792,21.04464,22.319159,23.308727,23.604834,23.836315,23.827236,23.762299,23.268328,22.548159,21.19772,20.866169,20.480667,20.048998,19.17437,18.784502,18.29256,17.55384,17.565575,17.415365,16.939428,16.848017,17.25642,18.46382,19.642702,21.391336,22.859814,23.559843,24.093843,24.000874,23.891495,23.497322,23.218224,22.373974,21.27246,20.817638,20.509037,19.906055,19.896015
16.813417,15.929645,14.421808,14.1368885,13.872463,14.136597,15.06479,16.733303,17.211039,19.508755,22.533886,24.1773,25.684244,27.194496,27.971764,29.060417,29.255983,28.2828,27.806713,26.636263,24.399616,21.75126,19.821814,17.572248,16.598156,15.884115,14.1511345,13.659854,13.356579,13.55171,15.126215,16.987976,18.549429,20.410686,23.68976,25.804718,26.325188,27.726398,28.18917,29.145943,28.706139,28.368248,27.858303,26.422089,24.122175,21.664612,19.36282,19.069237
20.416084,19.948486,19.64235,19.731829,19.791124,19.548317,19.44179,19.642416,20.112894,20.95548,21.88853,22.61477,23.025366,23.076569,23.196012,23.153011,23.069021,22.659803,21.983664,21.059542,20.868475,20.651104,20.596514,20.283688,20.366442,20.003721,19.596233,19.753687,19.760523,19.483335,19.336561,19.611813,20.445896,21.18491,22.170572,22.922699,23.235798,23.318224,23.296326,23.238663,22.958643,22.627493,21.87818,21.057547,20.825363,20.711237,20.60051,20.69323
22.091444,21.547716,20.13303,19.087196,19.103611,18.712978,17.62446,16.33321,15.735911,14.737747,14.8308735,14.357139,14.861341,14.464398,14.05301,15.413472,17.29995,19.845345,21.46717,22.52712,23.469296,23.512848,23.064291,22.589664,22.128065,21.156172,20.222181,19.005753,18.97163,17.962753,17.039656,16.603664,16.276342,16.015272,15.354112,14.997377,14.759879,14.513242,14.481121,15.067268,17.16061,19.53373,21.085836,21.733036,22.466738,23.023556,22.843302,22.780361
18.419458,18.584494,19.658642,21.989494,24.31191,27.138538,29.239475,29.82278,29.528683,29.480434,28.636856,28.712511,27.294922,25.457796,23.093948,20.404322,18.112286,17.502768,16.372345,17.07481,16.949663,16.205149,15.876799,16.403828,17.76638,19.618536,20.410069,22.925999,24.400248,26.201038,27.342161,27.907299,28.496616,28.853653,28.671356,28.414745,27.543137,25.85881,24.670105,23.379862,20.629854,19.033316,17.02857,17.24707,16.123539,15.170759,15.34144,16.20148
20.77007,20.158905,19.70723,19.837578,19.62376,19.460258,19.436794,19.851719,20.586803,22.326061,24.176683,25.116327,25.553417,25.76438,25.928696,25.849861,25.602364,25.111805,24.20788,22.782997,22.474222,22.224184,21.86219,21.029034,20.638231,20.31464,19.748589,19.867353,19.634827,19.184568,19.192232,19.823952,21.182726,22.72165,24.56907,25.720594,25.808943,26.104637,26.012766,25.874626,25.381235,25.074146,24.147276,22.786444,22.471746,22.27812,21.816402,21.721682
19.127459,18.662981,17.767542,17.532038,17.281925,17.419796,17.806055,18.657663,18.932096,20.485043,22.53684,23.560768,24.438015,25.547325,26.060635,26.604553,26.84636,26.287384,25.695875,24.829817,23.593405,22.056917,20.986889,19.814852,19.085358,18.731514,17.735159,17.410473,17.172573,17.121664,17.855867,18.963976,19.966234,21.279177,23.273535,24.59436,24.94923,25.907572,26.033634,26.383987,26.14732,25.95935,25.486227,24.620955,23.434256,22.091822,20.678352,20.468603
25.581394,24.889046,24.209427,24.769373,24.814274,25.28175,26.003727,26.315722,25.928669,25.426407,25.000092,24.83758,23.974663,22.718126,21.133923,20.313496,20.328794,20.831692,20.8667,21.673351,22.186758,21.82358,21.936396,22.43972,22.56924,22.965729,23.312622,23.65033,23.119057,22.98695,22.886702,22.856739,22.961138,22.902668,22.991327,23.3088,23.231142,23.056604,23.196032,23.175457,22.437098,21.855522,20.517035,20.256197,20.02833,20.449402,21.303413,22.07696
21.897625,22.684668,23.034792,23.104237,23.197435,23.197989,22.772524,22.318596,22.239285,21.07962,20.253416,19.964706,19.98928,20.267855,20.857643,21.431541,22.490158,22.63606,22.947025,22.71288,22.724062,22.692705,22.611752,22.381777,22.46989,22.437618,22.402866,22.425694,22.529112,22.520386,22.552229,22.451351,22.50971,22.478027,22.075235,22.036905,22.285599,22.330091,21.986433,21.991465,22.090937,22.266651,22.201927,22.495703,22.462519,22.551102,22.507792,22.595509
18.924603,18.580004,17.743534,17.480762,17.206491,17.276907,17.622564,18.360538,18.723991,20.278976,22.372585,23.204832,24.023775,25.10681,25.560366,26.140419,26.444164,25.950287,25.363823,24.577353,23.620214,22.076187,21.028915,19.739687,18.884583,18.515987,17.669052,17.34058,17.016075,16.881485,17.539064,18.50336,19.492964,20.788927,22.894798,24.221025,24.583729,25.67596,25.8079,26.169827,26.066952,25.833973,25.384483,24.477362,23.460106,22.061619,20.678223,20.425772
17.651714,16.824768,16.211113,16.279537,16.187113,15.7805,15.760115,16.09786,16.720451,18.403713,20.392485,21.705105,22.547298,22.776537,22.988863,22.989178,22.849455,22.263233,21.513536,19.96595,19.552137,19.16579,18.837389,17.953289,17.6053,16.941345,16.156197,16.288542,16.094963,15.475079,15.469757,15.950794,17.2359,18.689844,20.802618,22.320488,22.884174,23.24337,23.163586,23.033371,22.524015,22.169617,21.254168,19.974005,19.483488,19.28894,18.756493,18.781248
15.276572,14.295363,13.48622,13.566731,13.593105,13.210657,13.07712,13.416537,14.261455,16.384504,18.766455,20.46634,21.381237,21.59814,21.889845,21.854843,21.647738,21.10138,20.12719,17.894615,17.281645,16.924992,16.539316,15.418403,15.146091,14.445884,13.419869,13.5847845,13.490145,12.913836,12.713595,13.199553,14.933026,16.85243,19.347988,21.199379,21.74786,22.093184,22.10438,21.976124,21.338982,20.997578,19.85985,17.882278,17.227297,17.015406,16.452711,16.479773
14.531308,13.813657,13.151282,13.078481,13.030388,12.701986,12.507595,12.669909,13.083659,14.551178,16.449013,18.143793,19.406181,19.91064,20.429153,20.61018,20.469366,19.817644,18.940273,17.161518,16.391851,15.713549,15.411301,14.722528,14.474193,13.832275,12.982222,13.089115,12.921505,12.465345,12.258442,12.433731,13.537109,14.835106,16.967793,18.899765,19.779316,20.557684,20.72186,20.726477,20.221958,19.791935,18.732159,17.215158,16.360466,15.848274,15.461361,15.619658
15.531331,14.946085,14.386093,14.091075,13.903177,13.963582,13.966728,14.140078,14.861679,16.71405,18.850996,20.0918,21.169933,21.837746,22.566769,22.843723,22.919529,22.289335,21.264217,19.521244,18.745764,17.855236,17.055447,16.040817,15.514752,15.079324,14.393098,14.144495,13.856122,13.758396,13.887205,14.230217,15.706656,17.296843,19.458788,21.153519,21.609413,22.541649,22.777832,22.958572,22.616577,22.240955,21.159657,19.607944,18.831724,17.9183,16.957945,16.843632
14.716085,14.18026,13.026644,12.844202,12.909825,13.179567,14.088472,15.19539,15.433901,17.354225,19.771706,21.032097,22.376131,24.294434,25.38436,26.407883,26.660091,25.97086,25.72124,24.200758,22.036892,19.48096,17.494165,15.399725,14.750135,14.241258,12.717146,12.510469,12.475175,12.803783,14.318761,15.514698,16.84529,18.364408,20.894344,22.429955,23.073223,24.973202,25.71756,26.62669,26.221231,25.94366,25.56774,23.98488,21.887207,19.49334,17.311647,16.805864
21.19706,21.26133,21.478846,21.371809,21.014091,20.449347,19.42837,18.272602,17.001547,15.033359,13.683579,12.726459,12.346227,11.824255,11.780949,12.502197,13.22827,14.366364,15.37801,16.70903,17.910774,19.54305,20.491203,21.496742,21.35808,21.23686,21.653498,21.506605,21.199553,20.223003,18.942118,17.505833,16.013536,14.952676,13.725534,12.752639,12.174625,11.80616,12.1302185,12.378595,13.408299,14.223299,15.355949,16.42077,17.857447,19.311659,20.530191,21.027687
14.674816,14.227714,13.402673,13.251177,13.100644,13.20284,13.709765,14.362988,14.310269,15.43141,17.254427,18.364475,19.492147,20.67043,21.39841,22.016542,22.23915,21.78562,21.483356,20.512894,19.112196,17.4592,16.358795,15.253207,14.796943,14.241898,13.247177,13.078,12.873018,12.910442,13.779939,14.536083,15.188766,16.013132,17.975714,19.241726,19.934914,21.190004,21.611908,22.08548,21.898123,21.74305,21.385592,20.370716,18.976595,17.475927,16.165382,16.08951
19.118214,18.757748,17.9445,17.669922,17.524754,17.020763,16.964891,17.073383,17.054026,17.840847,19.05384,19.874186,21.517437,22.548231,23.275663,23.885416,24.328741,24.345814,24.309069,23.449003,22.842468,22.028027,21.13145,20.176235,19.475603,18.62428,17.649452,17.638077,17.557976,16.768114,16.758015,16.723093,17.335554,18.004158,19.31962,20.592222,21.79205,23.170616,23.470722,23.679417,23.70633,24.060133,24.055708,23.354914,22.717617,22.027817,20.585218,20.371498
18.038662,17.815886,16.879238,15.514644,14.504326,13.412086,12.468883,11.998699,11.282419,10.981215,11.268979,11.503256,12.474211,13.151049,13.891292,15.097931,16.432465,17.36903,18.604158,18.900612,19.07726,19.069244,18.82604,18.804346,18.099895,17.128893,16.069765,14.789822,13.9859295,12.763326,12.098082,11.580411,11.332655,10.9298525,11.070361,11.4361515,12.003176,13.288994,13.831215,14.808164,16.07448,17.248917,18.164652,18.382278,18.718657,19.060266,18.667755,18.848806
18.38288,18.005964,17.078405,16.873749,16.780495,17.076563,17.741228,18.807343,19.44105,21.387636,23.493391,24.437494,25.279984,25.911879,26.44647,26.881065,26.834568,25.991138,25.395039,24.33435,22.85029,21.260965,19.912271,18.543484,18.21397,18.054441,16.984257,16.653992,16.493664,16.840036,17.971273,19.388454,20.81325,22.421486,24.289093,25.298965,25.492264,26.381569,26.557508,26.904408,26.432045,25.877403,25.29452,24.170162,22.681856,21.140482,19.873728,19.518234
16.130974,15.464361,14.667993,14.715246,14.920145,15.501253,16.706522,18.192171,18.986614,20.858492,22.977121,24.28267,25.114109,25.543533,26.25372,26.523249,26.217323,25.403013,25.117567,23.497889,21.333298,19.621532,17.581442,16.065142,16.007214,15.617838,14.536742,14.520157,14.710995,15.51445,17.339907,19.030499,20.735607,22.181345,24.074104,25.131124,25.453405,26.146158,26.330725,26.709023,25.953041,25.471762,24.8395,23.224222,21.096645,19.106577,17.63728,17.272171
18.61209,18.072746,17.130877,16.835863,16.491255,16.479305,16.780693,17.457775,17.691858,19.714108,22.398794,23.99121,25.69417,27.224785,28.149813,29.071547,29.686514,29.092579,28.104595,26.399181,24.743553,22.773972,21.4778,19.80684,18.780607,18.214218,17.129116,16.886354,16.407421,16.08701,16.725004,17.556316,18.91069,20.55005,23.427338,25.454193,26.5001,28.147545,28.47703,29.186123,29.075459,28.845127,27.920954,26.304462,24.579414,22.686462,20.72935,20.684208
14.996479,14.276699,13.423941,13.309518,13.030092,13.16254,13.283426,13.672531,14.446859,17.108715,20.010542,21.552732,22.945786,23.705873,24.333797,24.924797,25.293041,24.600937,23.253014,21.039082,19.763844,18.64812,17.275932,15.789785,14.973647,14.507088,13.460381,13.346195,12.932228,12.714251,13.0375185,13.724016,15.635987,17.88945,20.743208,22.958334,23.436594,24.562958,24.566803,25.09827,24.816168,24.499336,23.122412,21.057062,19.796797,18.523134,16.982548,16.915579
13.81255,12.98941,12.149233,12.132268,12.311009,11.914967,11.738031,11.881382,12.337538,13.941396,16.11709,18.072495,19.547205,20.330595,20.97541,21.261219,21.283043,20.653683,19.768686,17.650373,16.580273,15.614389,15.0913515,14.132438,13.837584,13.099409,12.0569725,12.226818,12.191377,11.6586,11.404188,11.58939,12.94901,14.397862,16.90662,19.005663,20.047758,21.041443,21.299833,21.472435,21.02444,20.645859,19.557503,17.749445,16.506838,15.681993,15.046412,15.189574
17.489769,16.639982,15.224821,15.158556,15.046621,14.955274,15.516315,17.231579,17.750286,19.069422,21.628094,23.515345,25.11908,26.771814,27.396988,28.265768,28.849731,28.500858,28.147034,27.182354,25.607822,22.756462,20.82269,18.55617,17.474129,16.79855,15.307135,15.032347,14.9541855,14.450012,15.383296,17.237461,18.841375,19.777273,22.771328,25.002731,25.911379,27.307077,27.574198,28.250834,28.10326,28.280499,28.00186,27.06034,25.35888,22.743677,20.072588,19.77951
26.710646,26.671747,24.990467,21.201864,18.720762,17.361422,16.894741,16.327335,14.868991,15.937496,19.110432,20.976547,24.694078,28.335533,32.349075,34.211834,35.920925,35.03521,35.85509,35.38506,34.028755,33.31982,31.909216,31.288214,28.970682,27.099756,25.014076,22.630075,21.611666,19.598503,17.897861,16.553436,16.325638,17.306438,20.411108,22.498924,24.024887,27.908302,30.314205,31.807503,32.280518,34.446125,36.586777,36.39246,35.361732,35.301926,34.29263,34.12018
19.24475,18.641588,17.329948,17.086487,16.847763,17.194944,18.095085,19.714739,20.092226,22.286448,24.964693,26.370869,27.705017,28.87005,29.48946,30.488546,30.83244,30.023384,29.553827,28.422617,26.223011,23.793156,22.058342,20.149921,19.192736,18.802845,17.32774,16.88802,16.558468,16.791473,18.35191,20.285374,21.78958,23.67184,26.188164,27.87072,28.193172,29.393715,29.591568,30.400646,30.047792,29.721575,29.299767,28.127264,26.039982,23.623404,21.493704,21.25562
17.28176,16.594482,15.3182535,15.03466,15.079818,15.778509,16.950375,18.649458,20.003792,22.864151,25.324938,26.780313,27.452515,27.730442,28.253872,28.402308,27.637571,26.388988,25.962654,24.532894,22.498905,20.739008,18.871403,17.224533,16.967838,16.669586,15.215851,14.623993,14.574778,15.564138,17.479805,19.516502,21.85996,24.199842,26.462868,27.587132,27.881796,28.358114,28.405634,28.618788,27.495796,26.70033,25.995422,24.408348,22.236305,20.521763,19.081799,18.678455
17.67411,17.124228,16.223478,15.9320545,15.677177,15.798251,15.845638,16.217697,16.755377,18.835974,21.178217,22.559738,23.764599,24.884512,25.632633,26.338036,26.58151,25.916794,24.786343,23.035576,21.750635,20.573563,19.564308,18.303974,17.626472,17.201109,16.156038,15.836695,15.44195,15.376865,15.714253,16.293968,17.76675,19.545008,21.965212,23.748777,24.330688,25.597866,25.885677,26.457722,26.178087,25.756372,24.6371,22.983631,21.77547,20.493166,19.27599,19.220732
16.573416,15.974371,15.132717,14.949876,14.677023,14.552934,14.593418,14.845388,15.09915,16.63486,18.627733,20.028753,21.408482,22.528679,23.364828,23.999233,24.31594,23.853436,22.991026,21.500446,20.5494,19.326048,18.531286,17.47425,16.638462,16.023424,15.087881,15.002761,14.673918,14.283028,14.466503,14.841456,15.897886,17.13566,19.36391,21.052982,21.832912,23.191706,23.511684,23.958492,23.744534,23.615442,22.779636,21.510489,20.514593,19.420536,18.190025,18.119898
17.676716,17.282433,16.441158,16.371738,16.18987,16.57882,17.300299,18.398857,18.779156,20.565126,22.469627,23.466623,24.542223,25.117102,25.588861,26.162254,26.038038,25.467926,24.991676,23.914764,22.04333,20.634703,19.160063,17.927862,17.658073,17.496387,16.40274,16.145874,15.873882,16.291258,17.485107,18.796349,19.979511,21.533674,23.336868,24.580423,24.710865,25.54367,25.695457,26.264618,25.71937,25.4852,24.976759,23.830538,21.977175,20.546297,19.148914,19.045353
17.179789,16.57584,15.752153,15.757229,15.637272,15.883694,16.754482,18.098711,18.477472,20.085854,22.353846,23.442118,24.687809,25.493645,26.121033,26.756332,26.850834,26.16049,25.751944,24.68755,22.905586,20.852213,19.089252,17.551586,17.128157,16.77611,15.721218,15.543053,15.363571,15.51388,16.892199,18.478333,19.71383,20.974491,23.265028,24.745008,25.028353,26.023533,26.35205,26.88597,26.518497,26.236729,25.795467,24.664793,22.737005,20.685106,18.977232,18.71746
17.751213,17.15148,16.11811,16.019379,15.842472,15.988147,16.71371,18.027252,18.359608,19.763561,21.974615,23.328327,24.705923,25.997778,26.580853,27.420527,27.752918,27.302256,26.983744,26.07344,24.44603,22.116764,20.376904,18.481998,17.767038,17.390009,16.236555,15.946789,15.667873,15.581358,16.680193,18.179338,19.45603,20.608728,23.017996,24.790453,25.416067,26.545979,26.827713,27.491623,27.259777,27.230469,26.957499,25.971182,24.230171,22.041847,19.827555,19.63068
19.164845,18.63021,17.736212,17.50466,17.314083,17.466621,18.087887,19.079226,19.277771,21.045687,23.509474,24.693653,25.981422,27.1783,27.940006,28.804493,29.22879,28.487904,27.829422,26.521267,24.704338,22.731922,21.385445,19.77856,19.158308,18.789822,17.708754,17.384611,17.062145,17.052797,18.178064,19.378925,20.507717,21.99244,24.4987,26.026281,26.535563,27.726349,28.059765,28.788782,28.613205,28.234062,27.68956,26.405458,24.621593,22.745687,21.062977,20.85089
19.000473,18.549534,17.659992,17.366184,17.02743,17.178524,17.46244,18.249987,18.619688,20.693048,23.251713,24.63453,25.774199,26.85762,27.573784,28.36192,28.589458,27.845,26.831963,25.40211,23.853943,22.376503,21.235235,19.843498,19.085405,18.741917,17.71685,17.37763,16.833073,16.811625,17.514095,18.457193,19.728336,21.491024,24.052883,25.926115,26.422596,27.615196,27.810543,28.514244,28.219688,27.748995,26.781761,25.346691,23.712399,22.234802,20.869385,20.807932
18.163984,17.813684,16.919443,16.703539,16.394075,16.571545,16.946896,17.974964,18.529661,20.349413,22.312279,23.446592,24.393496,25.251793,25.752592,26.342922,26.28665,25.561647,24.859364,23.92376,22.53469,21.204687,20.032026,18.796192,18.017195,17.762466,16.806227,16.55767,16.145447,16.21796,16.958908,18.287859,19.588074,21.172441,23.016035,24.45795,24.725046,25.815317,25.948425,26.422096,25.925716,25.510254,24.787191,23.835962,22.39332,21.063435,19.698372,19.66949
17.954071,17.521421,16.598562,16.289059,16.195398,16.408142,16.695858,17.538393,18.265741,20.262285,22.385132,23.51366,24.529755,25.074741,25.678339,26.121075,26.079308,25.216986,24.408775,23.075102,21.741503,20.715508,19.550512,18.261984,17.779015,17.5575,16.521053,16.13486,15.8952675,16.13428,16.806953,17.877367,19.428957,21.182858,23.117857,24.454699,24.67507,25.5401,25.770926,26.205143,25.749321,25.166374,24.296263,22.989489,21.718023,20.613302,19.555027,19.344296
18.254517,17.760185,16.851496,16.597221,16.2356,16.28544,16.48002,17.061825,17.155586,18.822226,21.207226,22.750648,24.118086,25.551125,26.525753,27.44222,27.942749,27.405308,26.37817,24.788708,23.28748,21.561583,20.427843,19.19976,18.373213,17.860205,16.843159,16.594612,16.140175,15.889288,16.432026,17.117594,18.15467,19.511671,22.166029,24.110619,24.855295,26.348192,26.723902,27.41047,27.297195,27.095087,26.186321,24.693766,23.185522,21.467138,19.91451,19.989769
17.955702,17.309175,16.303286,16.054527,15.852432,15.640305,15.623562,16.033867,16.466562,17.805666,19.629887,20.824152,22.178186,23.107819,23.895058,24.528835,24.88403,24.518015,23.84422,22.69723,22.017075,20.786608,19.900703,18.918951,17.98534,17.228838,16.180876,15.952171,15.635402,15.24575,15.4239235,15.984119,17.09061,18.2309,20.224081,21.757658,22.479412,23.706924,23.997566,24.476454,24.414371,24.326,23.640955,22.688267,21.9283,20.853674,19.519743,19.409477
15.591351,15.130248,14.446289,14.33289,14.642921,15.545715,16.315735,17.085136,18.618486,21.6137,23.752966,24.65017,25.12373,25.32434,26.03845,26.014225,25.339813,24.39539,23.227978,20.583725,19.320995,17.89188,16.521088,15.175771,15.367975,15.3264885,14.4222145,14.213569,14.394201,15.610684,16.842047,17.925488,20.477177,22.79481,24.519371,25.41954,25.557827,25.830227,26.071712,26.23267,25.342285,24.645777,23.247683,20.516117,19.182302,17.681765,16.801542,16.264742
19.415094,18.866896,17.879574,17.51463,17.349796,17.372385,17.622917,18.317825,18.779003,20.25811,22.13603,23.1432,24.151594,25.13449,25.656261,26.245422,26.555822,25.95161,25.412283,24.522367,23.508022,22.137909,21.175722,20.057583,19.29299,18.822187,17.75456,17.338835,17.14085,17.068367,17.628002,18.518934,19.659384,20.809837,22.730919,24.046556,24.584398,25.61282,25.808971,26.284567,26.12262,25.815493,25.262424,24.35028,23.34625,22.049082,20.738136,20.626886
18.608688,18.015448,16.98241,16.784142,16.544125,16.78164,17.476376,18.727695,18.991594,20.464851,22.933514,24.238174,25.410053,26.768188,27.442286,28.188347,28.580534,28.18584,27.793587,26.721682,25.023663,22.722828,21.074507,19.333878,18.655233,18.22516,17.044653,16.579674,16.303394,16.233112,17.434483,18.912521,20.078905,21.262041,23.812233,25.5956,26.051474,27.212374,27.60321,28.166405,28.043585,28.004536,27.706879,26.524382,24.817713,22.677866,20.621862,20.475557
19.591307,19.031162,18.099766,17.795708,17.532007,17.695984,18.315025,19.356573,19.705929,21.437944,23.755926,24.885885,26.104078,27.264791,28.03898,28.728668,28.993782,28.33608,27.807009,26.63416,25.015984,23.22824,21.91584,20.31243,19.58751,19.154634,18.041029,17.601164,17.284016,17.321346,18.383356,19.587711,20.898876,22.309008,24.599531,26.094517,26.724327,27.961939,28.276363,28.828346,28.478275,28.133694,27.635967,26.429712,24.879684,23.113857,21.437822,21.216429
19.272415,18.637066,17.639362,17.55933,17.266436,17.364445,18.02718,19.152565,19.292795,20.83325,23.122828,24.410227,25.536009,26.765266,27.38759,28.22145,28.55474,28.073917,27.598793,26.460503,24.7264,22.810524,21.385536,19.839973,19.204319,18.765104,17.636127,17.381042,17.025166,16.932638,18.00101,19.348156,20.469992,21.794216,24.081009,25.679981,26.150753,27.26252,27.57313,28.202314,27.9227,27.81505,27.439333,26.262257,24.587,22.79708,20.96309,20.844988
18.70672,18.229233,17.344063,17.23353,16.94559,17.107622,17.601076,18.583565,19.009895,20.681398,22.66546,23.574757,24.478085,25.602587,26.047514,26.557749,26.788647,26.391218,25.902964,25.198814,24.126308,22.490736,21.06343,19.659231,18.654392,18.22567,17.285522,17.07904,16.773893,16.674866,17.571756,18.859928,20.042215,21.43391,23.287298,24.528008,24.810871,26.01756,26.098408,26.445223,26.174845,26.148064,25.752523,25.050812,24.00865,22.578722,20.773037,20.439707
19.397173,18.742579,17.76038,17.601496,17.380005,17.430683,18.049133,19.142242,19.425549,20.964132,23.158375,24.330627,25.539295,26.731483,27.401402,28.201902,28.48965,27.908,27.584389,26.576126,24.967241,23.053673,21.720446,20.173433,19.402735,18.82396,17.655966,17.38197,17.16727,17.080389,18.096203,19.348106,20.556133,21.830444,24.043161,25.549404,26.137117,27.321222,27.635017,28.23869,27.90209,27.708395,27.432877,26.391304,24.873941,23.114258,21.289612,21.038528
18.753897,18.22418,17.284819,17.13938,16.957521,17.159977,17.793928,19.029528,19.307163,20.846888,23.156971,24.301882,25.235348,26.405727,27.055214,27.684761,27.94374,27.504644,27.095196,26.141087,24.50179,22.539867,21.123495,19.538189,18.771984,18.422411,17.3054,16.912817,16.724005,16.74485,17.890165,19.348013,20.474117,21.75175,23.996395,25.587776,25.77473,26.897633,27.158783,27.708565,27.44898,27.289614,26.994987,25.960215,24.353971,22.529263,20.765146,20.527409
18.050348,17.761295,17.149652,17.005703,16.98315,17.14208,17.582668,18.254128,18.934315,20.383852,21.617525,22.350975,22.767773,23.047205,23.181725,23.117098,22.74569,21.982954,21.460123,20.681007,20.029104,19.52199,18.717213,17.945168,17.862011,17.735918,17.037783,16.857315,16.783653,17.079216,17.741852,18.654709,19.796824,21.020237,22.163044,22.731241,23.06466,23.401333,23.243889,23.176828,22.56203,22.049696,21.391672,20.598448,19.88828,19.312115,18.81027,18.586166
18.238724,17.659895,16.565674,16.428877,16.337414,16.929518,17.862665,19.14104,20.160162,23.23804,26.114119,27.823063,28.97998,29.700823,30.670715,31.16457,30.663536,29.375465,28.285313,26.015533,23.522684,21.60722,19.686913,18.166533,18.107773,17.853703,16.448273,16.160381,15.861932,16.675968,18.248035,19.873037,22.08769,24.829134,27.52295,29.059593,29.392918,30.52213,30.823475,31.413982,30.428257,29.579136,28.33611,25.918127,23.453648,21.480122,20.063042,19.819305
19.871367,18.546581,16.395529,15.807673,15.396788,15.463765,16.377232,18.204678,19.668583,23.203236,27.002083,28.695055,30.303614,31.649553,32.41919,33.09375,32.819283,31.330908,30.824697,29.660183,28.037949,25.689234,23.79908,21.081715,19.301619,18.081268,15.785424,15.0646,14.735446,14.814891,16.406626,18.655731,21.217371,24.110668,27.954,30.219898,30.559706,32.382027,32.643253,33.2142,32.23734,31.56752,30.840958,29.27341,27.674465,25.600658,23.356243,22.570585
17.526096,16.734007,14.960209,14.362988,13.929658,14.249631,15.095295,16.92214,17.386831,20.321339,24.170889,26.026976,28.025652,29.477924,30.23452,31.418476,31.920044,30.718323,29.785904,28.403519,25.846928,23.137747,21.22232,18.648338,17.354143,16.75872,14.897224,14.002192,13.392228,13.519234,15.110422,17.14594,18.869522,21.382458,25.348305,27.9168,28.577862,30.081867,30.342793,31.380693,31.141243,30.677994,29.933977,28.206656,25.613268,23.106836,20.64677,20.40994
12.928867,12.224833,11.57305,11.479417,11.369143,11.081058,11.10185,11.597548,12.384853,13.878528,15.586387,16.623678,17.350231,17.465767,17.533838,17.341574,17.217472,16.664593,16.017328,15.05367,14.960148,14.63635,14.227357,13.420594,12.860848,12.254651,11.560341,11.546064,11.319117,10.843632,10.896366,11.558553,12.835954,14.130997,15.944785,17.241348,17.619184,17.949276,17.65298,17.4293,16.98066,16.649218,15.796858,15.067323,14.800185,14.553482,13.929992,14.008396
16.603624,15.814249,13.902048,13.269698,12.861584,12.595726,13.050036,14.601034,14.953951,16.960592,20.117546,22.371243,25.020504,27.406328,28.54821,29.892471,30.679842,29.763927,29.189512,28.098497,26.374907,23.049017,20.819735,18.1405,16.492336,15.640789,13.704964,13.050173,12.58868,11.845622,12.850563,14.438253,16.070358,17.52118,21.284801,24.00863,25.841633,28.281328,28.893444,29.939087,29.906326,29.679546,29.209486,27.863144,25.983955,23.097368,19.979969,19.592062
20.074038,19.213963,17.628616,17.302708,16.870878,17.109215,18.208824,20.03408,20.185759,22.261179,25.307905,27.321228,28.895168,30.470078,31.208326,32.118565,32.365658,31.52938,31.137459,29.908438,27.336588,24.504105,22.548113,20.748697,19.97757,19.399673,17.599125,17.04482,16.471493,16.518343,18.327034,20.357208,21.757177,23.532131,26.684317,29.000069,29.510983,31.059399,31.313766,32.110966,31.568222,31.35683,30.974325,29.540052,27.058743,24.407087,22.072868,22.208982
17.524082,16.894976,15.998329,15.800981,15.583946,15.696537,16.132189,17.164652,17.8345,20.09036,22.786976,24.001019,25.112125,25.534164,25.805103,26.036146,26.18404,25.456043,24.778385,23.644974,22.343374,21.04471,19.890015,18.236172,17.430756,17.020916,16.058475,15.785765,15.53611,15.293243,16.033333,17.23507,18.743414,20.681637,23.427101,25.066574,25.43165,26.144627,25.954016,26.075397,25.671225,25.339817,24.726505,23.587702,22.260042,21.039045,19.505222,19.28388
17.403353,16.741714,15.804907,15.592855,15.185694,15.289051,15.723352,16.677248,17.18906,19.510344,22.55762,24.024143,25.484056,26.411657,27.089346,27.78124,28.20066,27.454214,26.367516,24.678223,23.027157,21.324673,19.87776,18.350838,17.528229,16.995037,15.934734,15.6068535,15.021353,14.771907,15.610357,16.818064,18.454933,20.467981,23.485144,25.5557,26.027071,27.120876,27.282639,27.771238,27.59534,27.288532,26.317104,24.677582,23.00704,21.285242,19.47642,19.518387
17.731901,16.647387,15.152706,14.616037,14.042145,13.600253,13.625905,14.016115,14.402125,16.158592,18.742485,20.313013,22.351173,23.39531,24.49766,25.348549,26.137592,25.891016,25.298664,23.87035,23.210512,21.762957,20.590961,19.243074,17.890491,16.51087,14.880573,14.4267025,13.977195,13.054743,13.2691,13.860266,15.198114,16.645597,19.309746,21.528778,22.630848,24.408054,24.666525,25.243721,25.341743,25.601183,24.965595,23.659431,22.941523,21.750624,19.864744,19.803284
20.308153,19.74169,19.419365,19.58073,19.513317,19.196785,19.260956,19.58532,20.062935,21.445213,23.086882,23.831367,24.26591,24.362173,24.467394,24.2983,24.123396,23.68777,23.116833,21.834509,21.495256,21.199495,21.131563,20.464521,20.230606,19.923573,19.505844,19.684608,19.594175,19.060009,19.091583,19.502792,20.565842,21.857775,23.426664,24.280094,24.525518,24.602194,24.540178,24.366278,23.949879,23.620579,23.083326,21.900562,21.475416,21.298285,21.042322,20.94424
17.473835,16.747276,15.416376,15.313184,15.127707,15.542238,16.581196,17.88168,18.118374,20.564268,23.496096,24.909983,26.28229,27.946795,28.662819,29.591944,29.89037,29.31656,29.07002,27.623735,25.292873,22.795244,20.663546,18.550798,17.521492,16.846735,15.1993475,14.96604,14.727433,15.074997,16.71076,18.1686,19.577824,21.612175,24.577198,26.499327,26.963411,28.654478,28.96041,29.78782,29.363375,29.328247,28.930502,27.369164,25.124878,22.780617,20.270378,19.856987
18.811337,18.38998,17.446781,17.162394,17.017971,17.111588,17.443262,18.206352,18.634384,20.315182,22.392899,23.490538,24.600876,25.646242,26.279219,26.935429,27.128391,26.462057,25.870424,24.723413,23.398252,21.87602,20.751987,19.352322,18.761078,18.411903,17.383312,17.009869,16.746874,16.75996,17.498785,18.436161,19.667225,21.034271,23.11169,24.52504,25.082771,26.169838,26.454262,26.952496,26.679482,26.292837,25.712019,24.579704,23.331707,21.941967,20.491144,20.266846
17.84542,17.20098,16.243599,16.078823,15.95714,16.078243,16.734365,17.894348,18.262869,19.537968,21.625893,22.790537,23.874933,24.911072,25.411274,26.059818,26.3255,25.907513,25.73243,24.888489,23.531666,21.529655,20.16346,18.497671,17.873737,17.339949,16.197018,15.889186,15.75218,15.656857,16.704922,18.04434,19.278414,20.30461,22.481407,23.91108,24.393568,25.39992,25.69008,26.172066,25.911419,25.86996,25.64083,24.73072,23.304804,21.433052,19.672972,19.48698
16.021524,16.375595,17.32743,18.563627,19.65906,21.391817,23.434238,24.99158,25.310053,25.89504,25.304245,25.260057,24.652086,24.155727,23.515432,21.410769,19.073986,17.671274,16.241537,16.104654,15.636814,15.419966,15.117953,15.110416,15.660078,17.1846,17.935835,19.444717,20.24365,22.122375,23.024244,23.62922,24.146526,24.785332,25.271505,25.443077,25.237719,24.669191,24.177303,23.319098,20.81123,18.722572,16.97731,16.506733,15.407709,14.851297,14.884882,14.883017
15.207413,14.740259,13.770036,13.762066,13.622387,14.076308,15.1157,16.78452,17.094614,18.80958,21.15232,22.41575,23.52073,24.094496,24.592659,25.209837,25.21066,24.673351,24.341974,23.270714,21.127213,19.10427,17.138517,15.508786,15.1916275,15.021828,13.87908,13.59987,13.345011,13.712165,15.369236,17.233599,18.461203,19.961338,22.230085,23.601667,23.800228,24.552086,24.69777,25.286947,24.779213,24.643051,24.319197,23.23101,20.977404,18.913094,16.974644,16.814821
18.238213,17.669647,17.044191,16.981043,17.27605,17.876095,18.663013,19.674793,20.629675,22.769428,24.674545,25.706898,26.337341,26.644436,27.182415,27.097797,26.81557,26.032183,25.279861,23.433222,21.93593,20.876312,19.391224,18.300615,18.17805,17.75413,16.822283,16.798447,17.046986,17.961216,19.136005,20.415018,22.098938,23.70885,25.415512,26.199501,26.608397,27.144295,27.20271,27.197151,26.58091,26.075756,25.033386,23.369146,21.929266,20.629457,19.725204,19.337605
19.24086,18.726015,17.775023,17.537233,17.430597,17.622068,18.179893,19.034681,19.41933,20.851212,22.501705,23.43141,24.326897,25.295197,25.892012,26.398083,26.443008,25.968607,25.802881,24.970984,23.685154,22.338724,21.10492,19.810314,19.096962,18.705265,17.65092,17.294893,17.132696,17.365543,18.310822,19.382906,20.496332,21.674107,23.13736,24.25697,24.651781,25.665304,25.91903,26.30449,25.896908,25.753065,25.509285,24.706902,23.575844,22.344433,20.883968,20.554245
26.994211,26.372885,26.306547,29.380453,26.48699,29.05841,30.616388,32.839634,30.775242,36.90698,41.428185,46.115612,43.644077,43.186867,46.68462,54.566124,59.571323,56.28318,50.28223,45.486317,39.432358,36.313282,32.90002,31.0863,26.539677,28.044325,23.789976,28.37717,28.123167,26.017927,27.676355,32.142082,33.544,35.41144,41.676983,44.1055,40.86347,44.324226,46.217804,56.113316,51.28438,49.7267,45.550976,41.232983,34.688583,31.257751,31.994452,32.11529
20.75504,16.416904,16.944986,30.655907,29.575338,19.69812,19.67929,27.330112,29.057362,38.75554,45.914497,46.62012,46.184277,44.1861,45.904495,55.931976,60.169777,58.331955,47.713448,40.73443,35.039425,29.710072,22.247557,23.62193,24.23065,16.356556,9.221283,22.657066,24.80369,14.488533,20.435696,38.17283,44.169674,44.130394,42.380424,42.228004,42.66326,48.61269,51.339478,64.6776,60.845184,53.25094,47.21824,47.897655,42.4486,35.723198,26.880302,30.375166
16.494799,19.329636,22.359352,24.66388,24.812353,27.64325,30.810087,30.923103,29.985067,33.224697,34.040634,32.09078,30.986904,34.946804,40.02463,44.941475,45.58577,43.7399,41.824844,37.73752,28.6997,27.958017,24.333345,21.427687,17.992939,18.164818,21.079914,22.61971,19.90418,22.424042,28.064384,30.863966,28.148445,33.295624,33.795414,33.624763,32.13461,34.208336,41.32564,46.905357,45.431,44.118526,40.057816,35.63048,28.261532,28.678,29.074522,26.203403
17.432014,26.042114,18.922333,33.606083,49.63304,65.51267,49.68898,42.484325,45.269848,41.637844,48.585793,61.136894,50.341965,69.78719,102.45263,139.14963,130.79521,107.74471,89.245865,72.22237,47.11453,39.336155,34.58881,28.144371,36.32862,36.532825,19.246529,34.740334,49.721462,57.203934,56.518475,61.22692,65.77562,69.01354,73.09292,78.11192,76.80138,81.69512,86.2417,115.888985,109.19203,99.61467,72.923294,65.68913,53.022804,51.162056,47.611534,50.15777
181.68036,254.42139,164.73425,39.89319,380.41895,638.71576,722.3682,869.2539,869.25275,780.5143,585.1375,526.90784,340.1043,539.2911,700.2219,707.6226,663.4169,632.08606,664.7879,651.0048,565.8051,475.52768,347.31165,296.59927,375.62918,420.45056,289.19507,279.97153,484.14447,685.6649,748.6203,627.6482,602.71564,548.43756,490.86047,389.62958,381.60004,446.6122,510.77643,577.92737,533.86224,478.72528,460.12387,453.8361,358.76562,233.28653,331.5154,280.36847
10.276962,21.065617,20.832256,21.292606,46.875824,67.64072,78.3066,99.9269,133.30748,138.2638,113.58934,93.56839,77.11859,101.883675,123.38295,143.88687,135.32928,126.437355,111.60119,117.36694,86.69169,44.54163,18.371655,13.399899,22.135387,41.277996,27.253609,18.581982,29.315937,79.457535,90.811676,119.08685,142.99965,147.69391,118.156235,96.25869,75.37642,87.39484,117.39712,167.38733,141.74908,119.986115,107.18281,123.42561,86.41611,56.57985,43.651447,23.285519
42.361294,47.0656,35.14055,40.26404,46.903984,51.153515,32.450554,64.56857,70.96864,81.36246,93.35316,101.082565,98.667656,111.56128,119.66919,131.41028,144.1837,135.15408,116.29891,110.80228,95.922966,91.67481,66.885864,63.594215,60.325287,64.743324,36.351856,44.34407,62.246582,63.90358,65.92448,82.34028,90.53106,92.51141,91.93057,98.429375,105.80725,114.20281,117.89036,118.58568,110.73812,113.95891,107.510284,110.183304,103.47268,105.598434,97.026955,91.86324
35.046104,36.55085,22.21727,43.66958,43.793884,78.01199,57.294407,89.04433,106.386696,128.55467,116.477005,123.141556,105.22852,133.83417,133.99535,128.38634,122.69558,154.74954,138.0755,138.43924,125.281784,129.43225,116.8313,110.73991,83.95595,93.20337,71.30989,75.34281,90.96036,91.42224,71.3232,84.56799,86.5218,92.741714,84.468155,99.58161,91.898735,111.13443,107.536064,111.16309,89.03511,106.509,97.11821,100.51564,96.236435,96.62363,79.412704,86.525
79.613525,143.89949,122.68127,-10.106766,99.93117,234.68433,284.6977,353.58765,359.75186,276.0752,157.0741,69.96624,3.7281342,66.00275,172.10866,193.31882,161.63625,90.350204,143.208,177.06244,118.648155,53.201622,13.934906,-18.224915,39.805847,76.107765,50.888527,-1.7170715,84.74313,234.12263,313.8852,277.6329,226.3128,169.93753,124.993195,21.115158,16.606369,38.535194,91.933395,135.84222,115.09027,69.92976,87.1001,96.79231,56.62494,-6.180588,46.57074,-9.427307
22.0952,16.27383,12.893421,15.312862,16.086037,17.417122,22.77689,35.603725,43.021336,42.261414,44.207664,46.910603,48.995213,48.922855,58.234184,72.192535,67.26587,60.129433,60.92459,61.047382,53.69162,47.620975,35.125534,23.87851,18.078136,18.390995,11.871895,19.75966,20.35405,24.255333,26.078104,28.612314,29.894423,31.94073,34.254242,41.96129,45.24296,56.359695,60.46503,78.02514,66.14052,58.3568,52.406693,54.624786,46.20284,37.847576,35.001213,40.718884
31.730438,37.921837,26.219551,36.010975,42.30797,60.894714,61.86909,68.46307,64.42439,74.74882,69.07175,76.96974,75.47014,79.17254,77.9827,76.42533,75.97573,79.35378,75.24858,74.9397,75.109825,78.15475,71.98129,69.61738,64.60598,67.43208,61.66807,65.30883,65.47953,66.4327,66.2003,63.844128,64.99375,66.27659,63.88211,68.64966,67.81878,74.12464,69.37681,72.72098,69.41352,73.516045,69.058235,65.70901,64.61793,63.978455,60.11452,64.351326
23.57933,9.931759,7.5530205,18.202003,10.376167,-4.0733337,-1.3886337,-1.0986862,0.35014725,16.122726,25.87671,32.212914,57.060776,67.91101,80.81829,98.11705,108.83157,95.66005,91.41788,77.32516,67.21858,48.729153,37.4646,43.635773,36.91597,19.580486,6.769924,19.114136,14.179195,0.11783981,0.12634659,-4.4054375,1.2175751,6.0470085,7.0932617,10.802017,32.70742,62.676517,77.024475,97.76506,93.59394,85.84656,80.36425,63.673256,49.296932,34.14836,21.825592,26.882612
49.474945,51.213943,23.47557,31.850876,66.94944,120.04436,116.88254,145.05511,177.56021,150.41376,165.37868,174.57849,219.6127,244.85771,272.89056,279.0405,292.05225,304.02658,271.90906,236.7096,205.62364,187.61595,156.83253,123.65435,82.85973,72.00543,42.019043,48.629105,59.940277,89.51775,95.90725,98.6046,137.45822,199.45586,202.51477,216.03317,240.34032,243.91292,236.01349,244.27316,251.6137,275.67694,267.6164,252.05734,231.53046,216.60191,194.99837,188.51678
31.845032,32.0325,5.2335587,3.4916763,39.52045,58.365654,55.892826,66.43993,102.61835,99.96339,86.16294,70.73431,69.07102,100.74087,125.90282,149.17213,164.5706,156.45303,146.30884,121.864845,102.985954,69.614334,56.005264,24.475456,33.110207,42.19648,17.004288,15.478294,46.03849,68.918915,57.7935,54.591743,70.94625,71.74088,81.77831,73.07264,88.5178,110.01953,108.32443,134.37207,127.36054,123.05769,111.26765,114.33847,101.165016,88.9502,75.32571,60.615597
13.606823,27.522299,29.668623,36.30961,36.039536,33.727173,34.95121,38.27375,46.416405,46.879185,54.039165,58.533432,52.398525,50.432747,58.440796,58.053417,48.21135,49.403587,50.115288,45.2837,41.585632,38.243782,38.601128,29.002932,22.424145,27.999264,31.5506,34.679104,37.035706,41.69715,44.324196,50.853397,62.597004,57.259594,61.59557,63.14911,60.75224,61.77535,67.33689,67.147354,63.48865,65.51032,62.797485,62.85247,57.674156,56.222706,51.33795,43.6705
33.752655,26.066895,23.298317,24.350685,29.642902,28.926014,29.445833,29.92109,34.555084,35.88758,37.324413,42.437973,47.608665,47.108463,44.751556,49.674812,61.408184,58.053276,51.070446,46.060215,44.355774,39.954876,34.051025,31.828098,32.167168,28.533524,22.978573,20.940802,30.862709,30.131817,27.63889,28.708237,34.30627,35.89507,38.675545,45.39045,47.41647,47.439957,47.92603,52.406876,58.661057,52.879005,48.71732,46.74214,45.575264,37.466347,34.0517,31.362541
41.150856,38.97548,13.140244,12.410149,51.428066,76.40227,76.35638,65.75369,62.214848,67.48559,92.19792,83.21984,83.32469,131.76698,175.57352,191.22073,177.12718,170.59457,173.29883,144.18076,91.78741,43.279625,19.347992,-6.538872,17.730568,30.528484,11.211395,18.022034,69.92689,92.02131,84.41354,66.209175,68.324776,78.424065,115.17755,108.94004,104.26798,123.15161,148.75177,164.80658,160.78476,163.3674,162.41112,133.66911,95.31992,79.705475,83.91084,65.45664
86.23724,84.73199,61.621616,51.151928,90.333466,96.71484,115.54967,93.85826,109.172035,113.3062,99.21399,100.85571,104.43179,95.62997,96.59159,99.51894,98.19395,102.47748,97.663376,94.2211,100.34433,87.24466,78.64796,61.840046,67.89886,65.41784,66.105034,71.84646,84.5783,95.64579,107.27919,107.1031,117.47257,116.48523,122.39828,129.87003,132.2599,137.04103,134.8777,138.30988,139.64291,149.76208,134.7148,127.41844,124.644135,119.3416,111.11337,108.05179
24.02076,27.237488,7.001671,11.085342,9.733414,27.570564,15.07814,36.72377,58.429768,124.672386,140.50642,141.74274,142.18637,147.0917,139.77753,145.39563,138.09796,134.60698,111.049324,110.218216,92.66869,79.542984,35.82364,29.09813,4.0786743,10.121361,-6.9357376,-8.9266205,-10.410545,15.457504,28.192154,44.59642,64.451294,109.936554,131.25009,133.77814,116.635704,127.934746,113.36729,122.65141,120.985176,133.02835,121.11954,136.92346,128.02612,128.13144,76.557556,62.34629
41.763943,39.65695,19.74266,27.268639,41.2787,65.60611,70.31915,87.964035,109.42375,125.1046,145.16467,127.31106,120.79876,132.38075,161.88312,196.29163,201.073,177.36057,156.5214,151.9088,132.52847,95.1379,66.51364,34.59442,30.223038,28.529625,20.012398,11.950821,27.279343,60.008633,74.46453,77.58054,90.65717,111.72114,134.23965,131.57004,134.1279,130.96014,139.01862,163.99352,175.5817,158.91125,148.62144,147.12733,129.08156,99.644295,94.26004,74.06493
12.630737,18.320015,11.953777,2.5774841,16.336658,18.598106,20.003098,36.638103,38.3744,40.883686,47.907967,74.39603,77.84086,84.53808,86.651405,85.74319,85.46455,75.865776,58.753365,53.40987,44.32148,46.0485,42.234924,37.279068,31.15606,37.212677,24.593765,22.960747,30.320404,28.684914,26.739548,43.028397,54.4768,50.38832,63.264023,79.6659,76.53434,88.1415,85.68281,85.81533,85.7145,89.0127,73.896545,72.21599,52.715675,33.400837,27.521381,29.879658
45.521553,30.93555,28.222092,35.85869,50.368553,52.266464,56.693237,69.67423,93.29588,102.46978,98.41957,99.88449,102.8521,100.40349,99.45387,104.47898,114.03697,106.311424,97.2389,88.65549,89.39876,66.014946,58.26706,47.703083,45.979645,35.240562,25.592007,30.803577,40.427483,42.100395,50.82431,56.188858,79.36401,91.4601,96.56932,99.17073,103.35703,101.44768,98.07863,102.92783,106.80852,103.00743,96.82997,92.084305,91.43284,71.18156,61.88595,52.653248
25.179968,21.46131,18.5983,17.491653,16.888689,16.538427,14.880289,18.701252,21.479847,23.908232,28.381348,27.096556,29.180334,32.633167,33.20213,33.101334,34.21593,35.37683,34.654823,35.685,36.499687,36.7988,37.453087,35.51489,32.819275,27.761105,27.549082,26.64111,28.679487,26.612839,26.873608,27.33832,27.176893,27.829054,28.280807,28.112038,28.349518,30.50866,30.334425,29.758673,33.636715,33.604088,33.997326,32.821545,33.91155,31.219076,26.679245,25.897377
86.31015,148.41946,32.293762,28.86734,242.48958,380.27408,374.01813,546.6002,570.34204,551.95557,442.89417,389.89825,334.85925,428.0647,535.5963,647.98737,617.7794,551.35425,531.0864,509.65942,287.23782,183.95244,42.165253,7.7286377,135.90257,186.53276,27.22528,14.827179,215.25232,463.5077,507.0064,595.7065,582.22974,545.97485,453.9804,360.88412,330.20377,410.3314,567.86316,739.1471,689.39557,582.67444,500.72034,475.46988,247.96129,130.89178,154.9042,62.778076
20.113174,23.571686,6.886219,5.6060524,9.309063,8.173496,11.073368,22.105263,25.559803,33.415047,47.757828,66.25984,74.851135,82.117355,75.99066,82.407745,80.4943,77.29002,78.22421,76.03073,59.219078,54.629604,45.758423,37.5157,36.887794,39.969162,30.609295,35.512497,38.502274,36.83484,37.30889,49.112373,48.32724,48.704273,57.001728,64.10712,65.42879,73.63203,75.52938,80.713745,76.92811,72.97837,64.542595,64.53,48.225903,43.580627,33.982147,34.20906
19.928452,16.629433,17.980865,31.538403,25.18846,21.581734,18.65068,33.58555,34.750732,49.443737,47.298107,52.173763,53.05934,55.263863,57.86952,76.05027,79.66538,70.74211,56.40323,56.85241,48.808064,40.30582,32.967327,40.750576,27.174004,20.647324,17.195662,26.922401,22.703535,17.365374,20.467297,35.571785,38.93571,41.32804,40.095177,51.659294,54.646767,63.50164,59.51263,72.17403,68.33488,62.03508,51.68435,59.976868,55.123528,50.04369,36.344532,43.178047
60.543262,60.63879,38.52726,38.90642,89.81644,90.08468,101.762436,118.71528,130.26735,134.54036,140.73676,115.64724,126.376686,136.11443,153.08594,168.84267,177.43115,146.56358,133.72339,125.88288,109.921906,84.71798,65.64295,25.375694,62.135155,51.327335,18.70668,28.186089,73.95216,83.83221,101.93958,122.05745,145.00703,146.12057,150.49742,106.27164,106.13132,107.541824,142.21153,179.11005,199.20471,156.92255,148.82391,132.82323,101.88156,67.00538,82.68027,43.19569
87.10216,131.6378,182.31033,210.48979,294.5518,367.78516,346.72192,348.0926,342.73593,319.77386,298.08585,281.3465,271.80652,299.533,319.76392,316.8467,311.13007,302.51404,299.02014,295.84262,295.66385,294.50647,272.80978,268.846,264.81107,278.2074,277.3338,280.1675,295.55212,319.00525,303.64648,276.52502,266.9873,268.87424,267.86716,253.96198,258.54413,263.96152,269.36166,270.29465,271.06387,265.6838,257.26892,260.54617,253.1581,251.94391,259.4024,262.60568
24.08517,25.282417,23.285822,24.931116,28.406834,28.458807,29.25993,30.809343,31.392462,30.369848,30.287722,30.237343,30.375273,30.372335,30.534075,30.6534,30.117018,30.16719,30.194738,30.120935,29.528988,29.260231,28.98718,28.84738,28.061909,28.234919,26.705317,28.591904,29.872292,30.08663,29.933939,30.718048,30.515392,30.280186,30.50331,30.562462,30.224775,30.741896,30.51492,33.7315,31.294693,31.332733,31.258509,30.757084,29.87755,29.651758,29.728067,29.326313
140.42229,140.49117,124.53444,90.840454,107.01464,94.97469,89.75529,101.77399,111.276054,144.25119,125.21936,120.79233,136.8663,133.92361,135.80678,124.673874,145.58325,129.42717,135.17017,124.079704,125.65261,127.271515,114.24709,102.229294,76.91855,65.22443,35.915916,21.930908,33.89361,30.518105,41.902718,49.85508,75.26134,94.71571,102.874794,102.507256,111.88423,155.91795,142.20842,155.36848,154.67184,159.056,167.48402,169.12793,186.79675,185.7797,165.07227,151.90451
13.511944,11.9711685,6.3767204,12.844086,40.410034,47.098915,39.398796,36.638763,50.368694,61.328644,54.15582,51.775764,56.73481,62.05235,56.02866,61.155663,77.17228,98.087746,74.09843,60.78873,56.85531,51.46464,43.523262,40.58235,32.57264,32.106667,17.486088,26.494429,43.277042,58.674774,37.376472,41.47092,47.640144,48.716156,45.144253,46.079624,37.57319,54.223736,62.710876,65.8511,68.559746,81.99576,59.318096,51.99898,44.80623,43.195732,41.880688,37.51068
6.295265,7.831232,3.9945412,5.9078674,17.269863,22.383348,26.968857,29.871582,37.26157,43.437183,37.838837,39.12175,39.18152,35.93673,28.420189,31.627468,31.282476,33.106716,34.712673,33.333244,32.192238,30.144396,27.342766,21.387512,20.872478,23.844177,18.587303,20.381342,25.921345,28.367558,29.302208,30.486437,38.877045,44.982086,44.36703,41.90769,43.816475,43.252373,39.86196,37.556374,34.97954,35.806816,35.75042,32.83995,31.39776,28.816212,24.544884,26.38523
112.97523,108.774254,104.86153,94.41707,89.075516,90.83562,77.19334,68.57281,60.315254,58.687164,61.27909,58.27075,50.844627,65.137054,84.54343,90.10927,94.071945,88.33812,83.76606,78.61304,74.27986,72.68595,76.940155,88.00974,81.477005,75.62613,68.91519,67.875084,71.71159,67.35379,58.415737,56.883816,56.372963,55.457596,63.467438,69.89955,62.706924,69.205315,70.38969,77.57381,75.12147,76.005356,72.9177,72.97709,74.367485,74.460075,82.468376,82.16665
29.100761,10.5757065,-0.4018631,16.62513,39.685104,52.47191,87.50985,123.108604,135.56747,148.8843,142.61914,132.5775,132.6257,118.53292,103.626045,104.7696,95.73743,110.169495,119.935585,107.90989,91.50007,67.173775,43.264324,27.231499,51.87008,38.396957,3.98172,19.298508,49.70469,87.5174,112.28798,113.82216,124.1786,135.94562,130.48157,123.64329,122.0784,122.44853,136.64714,147.91711,136.7121,123.31555,133.98894,116.04932,66.96378,33.77989,17.238518,12.443817
109.4756,103.495285,-42.398376,2.465973,234.72194,285.99213,195.3457,275.28772,332.4428,322.58002,303.54645,320.2682,311.20306,389.56912,522.6524,666.4944,736.2727,682.9801,605.34735,508.93396,365.9451,221.581,52.26042,15.21814,171.49963,141.76358,-99.47421,-47.80774,190.86928,270.81534,206.55438,274.15808,401.62082,374.64157,339.12335,311.50122,272.7695,345.4616,495.2705,679.3893,742.43884,671.03174,562.5244,502.3891,348.91867,177.76149,172.87389,101.86969
18.285917,23.00467,20.467377,22.502396,17.828503,21.380457,20.316881,25.356342,26.353497,30.719784,28.428993,27.274137,24.645523,33.746338,38.305664,42.16428,37.925903,35.471066,30.911797,31.694569,26.92634,29.004826,23.062155,24.138561,19.882175,22.389688,20.682701,20.88982,20.39388,23.046078,24.697998,30.807455,27.76356,30.677238,29.020838,32.23076,31.812378,37.72511,37.110252,38.84395,34.943768,34.567047,32.204388,35.48607,31.71578,31.608496,23.314526,25.409866
52.410454,38.399338,20.863289,54.048866,91.73035,95.94674,94.742714,103.23619,92.99364,103.02892,130.3676,125.680176,105.003,130.66809,171.92166,192.99907,191.16495,195.12521,179.19252,129.12082,87.82613,85.53598,66.84854,45.557922,56.74407,49.26699,15.860519,43.988937,86.72621,91.313896,91.3421,106.57393,110.03452,106.17291,121.14365,118.67725,100.23594,131.56104,181.33113,217.0697,208.63408,190.21089,172.26349,126.000305,79.506165,84.66394,94.849945,67.577644
102.632706,101.24752,54.315437,26.11839,76.074394,98.30762,89.94193,94.980774,98.64887,84.423386,78.85869,66.3072,61.26491,70.71479,87.392746,84.56959,79.65793,81.11682,80.757324,83.04052,78.03185,73.085754,61.388847,46.040844,59.58914,67.09094,54.10461,51.379017,73.82266,97.1589,78.254196,78.16298,73.92023,69.80807,68.44808,62.279083,62.181526,64.76944,68.19259,72.16566,68.500145,67.151535,69.09186,69.09986,67.34609,65.18737,65.65947,63.816277
43.640675,73.343124,52.431747,35.28335,44.993797,69.76174,65.4978,66.4021,74.660385,114.71698,104.52882,97.5819,124.26966,140.42708,135.59302,112.52634,114.25214,125.741104,114.71065,86.89975,75.51901,103.795395,88.41123,75.823135,67.995834,68.17883,48.77557,37.084778,37.502857,61.66974,71.69589,78.128944,96.442314,127.693115,115.801605,118.21631,125.57796,149.0877,145.70044,133.16023,133.3299,155.31497,142.05975,123.37387,108.71683,108.01635,81.99245,64.57285
41.47334,31.818024,23.916122,38.80891,78.80153,83.791084,102.18982,109.51169,142.42636,149.95947,143.28561,111.99144,97.49503,106.53807,136.6761,169.57823,188.54922,171.14474,147.46187,130.83908,118.91108,52.075718,16.105362,15.139099,40.76606,27.7896,10.911568,25.338558,57.884613,84.68718,103.31977,123.91293,153.94235,155.75258,147.05884,105.94983,83.377426,89.64395,122.94177,167.99966,193.80704,162.49367,134.73022,133.48448,116.28784,72.06116,49.05163,38.038456
63.504105,87.43269,34.088593,25.580795,185.3262,307.18298,383.92813,444.6446,418.9472,324.80252,210.81381,188.42632,125.963875,192.64687,257.68195,258.83646,219.69745,203.74492,251.28148,245.43533,195.60963,131.99268,73.69537,34.957428,82.50151,90.6631,39.019135,54.07866,160.15167,305.0865,340.5376,316.16656,287.1458,226.11357,176.465,106.73992,128.28485,118.05833,151.73752,193.53268,165.21872,140.18924,147.26097,164.27339,99.50979,49.73416,82.89494,42.90735
572.13837,435.0857,344.86093,331.6698,338.63284,369.34653,350.07657,329.53412,328.85223,318.82294,311.52225,307.13385,326.72003,324.26505,362.6773,424.8947,377.039,349.9483,376.5975,372.0475,306.61563,252.62132,251.39465,278.23004,275.6313,273.50516,260.35098,274.85373,312.11334,338.53625,295.0695,281.4967,275.95682,273.7105,280.14664,283.83325,284.56247,285.20407,306.91138,324.7428,312.85287,307.15845,304.32492,299.48782,295.6159,273.03888,289.20325,301.91013
33.14285,32.695484,19.863298,26.962585,36.468414,40.359627,36.56255,41.435078,45.69253,46.597538,40.22327,34.66513,37.696327,43.735966,58.494698,77.800224,68.706055,52.436867,49.572853,44.939976,31.92575,30.396841,21.819336,19.102592,32.779842,27.588755,17.088337,26.048122,38.580597,43.284958,38.59817,33.670574,31.170774,36.468464,36.10499,31.828506,35.24619,38.983448,47.991566,57.04802,55.42525,45.424183,42.226017,35.447525,33.425205,29.205336,26.050001,25.585106
24.936668,23.830345,18.427696,34.047028,42.029716,45.401302,45.446476,57.703762,64.77512,74.90021,71.29653,69.95494,75.37369,77.203224,73.106285,73.11621,69.68182,66.65918,56.65203,61.07346,55.34878,48.342125,33.109337,30.930141,33.690216,34.85534,24.443426,29.65885,27.588919,31.455824,42.767822,52.417522,66.48351,77.48767,72.67955,75.57471,70.13455,73.97524,69.02983,78.42687,73.54542,69.868805,60.794655,56.681065,53.242317,46.60974,30.48533,32.32054
18.783165,24.992085,22.97247,21.97139,44.61327,61.716908,43.51331,38.665573,45.081535,49.33939,52.862183,47.264412,40.075966,55.009033,85.61932,97.8653,105.72162,82.382576,69.58446,55.894363,42.4962,40.15508,42.34025,37.70524,39.30764,35.48201,29.40953,23.460155,37.60518,38.10234,51.32029,52.882854,64.02109,69.01823,82.061874,76.69913,72.19036,75.53715,79.21661,88.57047,89.43819,86.85546,74.47367,58.049736,54.764244,48.52509,51.053413,48.799217
8.635345,26.690308,1.2452393,33.289185,191.81168,225.87567,258.0973,223.80429,260.7326,293.86404,280.28293,257.14206,238.45908,278.08658,309.1895,348.59778,353.63672,352.5564,350.6742,336.4484,296.76373,261.82068,280.5374,283.86096,281.432,287.99985,270.97348,279.65982,296.60657,302.20706,297.88184,290.64847,275.73624,276.38675,284.98105,268.29245,257.85962,278.77545,290.13303,307.8452,314.32825,307.64255,292.37418,283.3154,260.99268,255.47127,251.11578,257.11368
39.604515,38.35876,36.585754,30.104677,44.513794,30.411568,29.576893,32.778927,28.798347,15.423391,29.776886,34.19888,48.67727,58.787025,77.02701,76.367455,89.650566,75.30824,71.95689,62.8952,67.376465,49.353348,41.46651,33.212414,33.61008,31.724594,23.74244,17.094376,25.672235,16.753572,19.088158,19.471323,29.201805,19.417225,32.933052,44.997833,57.844738,69.4326,78.93921,77.53143,86.44531,75.61447,73.955536,70.29289,69.73581,61.548424,57.4347,48.80073
61.98214,85.48297,73.22059,46.186523,93.441284,138.6866,166.95969,179.2842,244.44855,255.99411,230.23662,199.23003,195.13611,221.39426,262.26053,273.73038,263.3322,243.47296,215.34573,157.46246,147.64696,128.11163,75.212746,40.34572,63.382523,84.430565,60.412872,44.333366,71.072586,161.13145,200.48053,215.44302,290.70117,299.3559,249.75461,203.68445,179.98975,193.59872,237.66916,272.86743,268.0869,249.9874,227.79825,173.08559,151.54047,94.62981,85.75427,49.22213
48.093655,51.56792,35.81729,61.114506,110.75208,139.96794,166.81308,185.13385,155.29663,137.26839,114.931595,114.27046,107.47294,118.781265,163.36674,177.68405,146.3815,131.68227,152.70972,137.42453,73.99533,57.453163,36.5593,26.589966,60.8941,48.746758,15.651978,46.243206,98.21527,153.75903,194.67723,195.35806,155.45375,135.91049,128.19397,103.23918,94.597206,102.13906,152.47244,193.79483,172.42136,148.26306,164.59077,140.43839,69.88054,54.62443,66.27249,39.57788
19.840965,14.734112,14.761007,13.00412,6.954624,12.66564,13.645426,14.154451,9.300308,18.295664,27.495161,31.517746,33.938828,51.484787,56.714226,65.37396,68.772865,61.69564,55.549995,49.297035,39.91202,35.17191,31.16158,28.753048,22.914017,21.916782,19.552362,19.665127,14.84128,18.964867,24.92376,18.261019,17.070673,23.88434,33.591232,43.740784,45.314068,50.004353,52.116367,58.78174,54.952335,56.487022,50.248642,43.43009,35.857956,30.210907,29.047956,26.406261
29.402287,20.45775,17.969545,16.59732,21.077377,24.131983,28.042303,21.26613,29.125725,30.357464,33.145733,31.170565,43.09943,49.018856,62.292297,60.789967,61.33968,57.33943,60.77918,51.234627,50.409092,38.953114,37.676968,24.089104,25.665981,21.16318,22.048456,15.652662,20.553963,23.249508,27.280567,19.002647,28.188618,31.106556,40.39239,39.55104,45.64891,44.913544,52.868076,54.57447,60.036957,54.691647,58.7283,47.12293,46.466053,37.64203,32.166573,27.526642
58.064598,45.567657,40.29979,35.50657,53.196503,71.04724,82.62429,94.45199,105.0133,117.68318,134.12067,127.8605,121.59482,120.857025,130.23547,147.26117,173.42168,154.27504,133.64346,126.73198,108.80551,82.284065,61.125694,44.85316,48.212303,40.571648,33.1644,28.481197,49.467712,63.79297,90.940544,104.53488,118.791,117.37545,131.86868,116.308716,108.17534,110.20468,129.75412,154.57277,179.08875,160.50116,138.76205,107.81882,91.78526,62.8573,70.509155,63.33819
76.58506,61.948624,53.574677,42.459778,102.77441,119.107994,132.59763,147.98448,166.09634,174.90634,229.10663,181.4942,182.74728,192.1784,220.40576,218.16803,248.7854,235.31595,206.86984,166.51321,143.65663,126.080086,116.37655,65.428024,74.86308,61.646698,39.09497,34.7424,94.64598,107.91311,128.0532,153.90466,173.01431,178.01913,208.60449,171.31802,137.5814,168.44257,213.32024,231.46161,267.31607,230.91052,200.67004,149.75633,122.75581,105.18052,143.46245,100.979034
34.106476,48.68787,22.563076,6.7032814,43.16021,68.82752,73.75078,74.10739,73.92015,65.90607,62.851868,56.204796,42.818443,57.961937,78.00447,79.48383,80.94913,80.322876,88.72575,73.94661,60.92578,52.491432,37.65026,17.828484,28.413578,36.601288,27.448257,23.42448,46.589745,76.28907,76.76073,64.32706,61.96559,59.5206,59.691093,53.342506,54.472027,54.83008,60.82938,67.33658,68.84506,66.07877,67.17058,62.802402,51.176487,43.635902,49.32684,41.650673
15.660042,10.679926,6.6306458,13.8033085,19.184233,18.383774,19.904514,29.461163,41.045883,42.824993,47.807266,46.6018,38.81127,31.79433,27.966345,33.706676,35.040745,36.95588,31.827648,30.186207,26.727016,23.011992,22.201073,17.906082,21.485214,17.152788,9.84898,12.52055,22.902695,25.062391,20.862474,30.705376,33.492092,33.7161,33.40825,33.7474,31.93473,29.131912,32.260647,35.332066,34.440365,32.428734,26.409529,27.637356,22.574371,21.389244,17.01575,16.066278
33.026596,27.67766,26.608198,32.588005,35.36152,31.883434,36.51902,41.236694,40.530426,42.34206,53.88273,60.344948,55.153866,54.16229,63.232613,74.176125,72.71974,63.87213,64.48356,57.17369,50.337624,42.059795,38.29795,35.956894,34.9534,35.20379,30.952654,32.65511,39.15842,37.18327,38.20398,44.02597,44.623096,44.346634,56.234123,70.27094,71.35248,64.46888,70.49055,72.84874,69.72191,63.432953,71.05669,68.06318,57.613132,53.104137,46.926456,46.199703
13.629551,27.560696,20.26824,20.310747,15.341454,27.848694,34.12374,42.60869,42.90901,48.978436,62.939594,60.959206,54.917744,63.42872,72.91785,86.7435,84.22186,79.76698,67.87507,66.44261,60.08749,48.14553,39.398735,27.601276,24.580172,25.851856,21.12505,20.496002,15.553799,26.29909,41.583916,50.93186,51.063435,62.010246,59.682125,60.992638,52.108635,62.443466,67.13968,78.88156,79.53661,75.76991,71.96932,69.90634,55.584484,42.937813,33.925323,34.311893
43.201492,53.477108,17.973175,34.952934,71.96558,84.76723,62.294,55.484997,62.17642,66.264366,65.20701,70.352974,59.14879,73.00871,103.61482,160.7719,167.94006,156.5623,117.41508,96.06134,50.51989,46.85576,28.456497,31.541306,48.380966,48.809303,4.4549255,27.115524,71.93704,88.53771,55.05426,60.904762,69.37562,69.77019,63.868137,71.64504,48.749016,66.04781,95.041595,148.44724,169.13849,166.34096,122.87633,106.94557,65.21537,47.316048,44.033707,45.075897
24.73863,25.780735,14.701834,22.95916,27.812916,31.594296,25.557796,32.79541,37.818256,48.580585,42.69336,44.011864,42.276775,46.220898,43.702656,53.087364,49.083904,55.90779,44.33308,46.339333,46.693592,44.690845,32.718315,32.41762,28.317434,33.404938,18.678888,23.970135,24.144823,30.820517,25.322378,36.037426,42.777008,56.30757,51.07562,57.45295,44.424084,50.40944,42.148857,57.81681,55.88713,59.778618,43.714382,47.118427,45.83511,43.130474,27.50945,34.37743
34.1213,64.380905,10.39193,-3.4455872,55.375546,106.95317,76.42815,112.56201,140.3516,130.53093,113.87496,106.238075,102.02802,140.93764,167.06606,184.80736,205.77289,197.05566,167.28136,164.92122,130.54288,73.09862,23.414688,4.6931305,39.977135,79.249275,14.5447235,-19.996758,37.837334,115.64092,98.631546,129.57545,157.59091,132.73898,119.05928,100.82284,94.376274,127.189896,155.7523,205.26929,215.89929,193.50247,145.56894,156.89851,116.28885,57.10564,53.136265,26.572876
17.841412,20.07162,7.388466,18.226185,30.814466,35.5812,34.591625,42.356544,46.651375,55.26635,55.367233,49.57051,39.820816,52.02597,63.543873,75.184006,74.09975,69.43031,63.61894,58.766148,50.02819,46.27196,42.552353,41.60521,43.35546,43.945805,36.978416,42.073303,44.384705,47.664135,42.646015,45.600224,45.86147,43.719017,45.407036,41.738594,40.01631,43.85814,52.621216,65.121666,61.561657,57.5649,48.195328,45.989494,38.89745,34.390274,34.793213,32.191498
25.662254,23.088942,20.903057,17.33102,28.013865,28.021841,29.951427,33.232903,30.161345,26.715038,25.622782,27.374485,26.763208,29.443024,29.58223,28.940506,29.67125,27.756477,28.914549,31.245878,28.102531,23.532213,21.582272,21.94891,24.340818,22.178104,14.553653,18.895226,27.353683,33.660324,34.219437,35.2361,31.29404,29.61031,29.791355,25.495811,22.716576,25.343763,27.625164,32.073116,32.474674,28.928173,29.163437,32.94113,26.17027,20.771389,21.997555,21.240139
20.865204,38.07535,28.412079,16.852974,61.437252,133.71793,168.79396,199.09647,180.36487,147.98192,94.770096,84.029686,36.772984,72.76224,95.85123,105.03772,82.97236,84.2874,101.27001,100.00422,65.05651,41.662174,23.624321,18.605423,31.684036,48.273884,12.246567,19.401688,60.084282,138.89835,155.77196,160.60468,128.7243,98.643005,72.53578,46.425877,42.47965,50.730988,59.67588,88.24046,55.443344,54.732353,52.716995,66.977295,28.568192,14.717712,30.6357,14.868607
12.931744,14.725922,5.321663,18.232063,37.408318,38.621723,26.460787,41.48452,39.055733,44.800465,44.84962,53.00398,42.605686,56.908165,84.95679,111.69972,112.36674,117.04852,100.16372,83.556244,52.306786,40.433647,21.91728,13.8957405,17.856052,21.334805,1.0019684,15.467098,37.825794,46.551373,33.224297,52.578255,58.68376,61.31017,59.91618,60.158665,40.34629,57.599808,88.12677,117.49498,116.40803,110.83468,96.679855,89.73427,55.003864,37.184216,26.64983,22.364147
24.58039,28.953339,25.159517,27.633204,27.484543,30.750065,29.062458,29.585257,32.90839,37.527756,34.329983,35.279892,33.279022,31.894957,33.556454,38.02182,38.15618,37.10276,33.743465,35.636284,30.842995,31.861206,27.263056,27.200262,23.27966,24.984919,22.872757,21.42909,22.913177,27.85938,26.419968,32.09498,34.013668,32.701523,33.20192,35.02548,34.804035,34.199,35.231136,36.791008,37.21816,37.467247,32.531525,35.519104,31.768503,31.717638,29.482262,30.4424
25.596985,-10.428894,-165.58215,-59.01248,159.33932,143.21924,-101.1525,-27.39296,1.6214905,24.857773,85.20892,13.93544,-91.35605,1.7732086,177.00427,363.25662,481.3018,399.21036,247.46498,168.15729,41.042336,-37.654907,-86.32805,-61.206818,113.3638,63.02481,-183.63834,-85.57936,187.33304,158.57921,-45.15262,-9.335632,13.649292,-5.083679,53.70099,-10.990311,-106.06973,-10.789459,160.71483,350.7384,435.40118,325.32532,142.06406,87.61665,1.3253632,-56.919342,-42.126755,-61.825394
6.130356,2.263382,-58.305748,-23.73426,79.744156,79.45821,-19.652939,46.092888,68.59186,97.9371,107.8547,65.44908,8.500473,41.31482,106.0232,170.92712,221.65558,185.96115,113.31492,96.57592,51.092396,-0.44760895,-12.508896,-24.314568,46.409363,41.87749,-46.557823,-22.368439,85.854065,83.93643,19.653877,56.543064,74.50119,70.404236,86.161255,39.76494,-4.098068,31.38829,92.35047,173.45634,205.32797,149.94336,65.71202,59.06029,17.040314,-14.600105,-12.527214,-20.301117
30.182175,24.708656,21.136295,22.848198,30.227316,31.128283,29.904383,28.858236,39.558273,39.691177,38.47614,37.696907,42.11974,36.063793,39.470695,46.818096,50.10109,43.572346,43.913284,44.147003,43.40132,36.265102,36.25656,30.116756,28.229826,25.34359,22.608194,19.856773,27.239302,26.966469,26.708414,26.45532,33.892128,34.004063,39.079323,36.30658,37.300854,35.20734,39.336174,44.527782,53.161957,44.544506,44.27435,44.770164,44.26696,35.455734,34.80171,31.399904
104.458954,97.700226,-40.135162,-52.465546,139.69043,256.44385,196.77779,238.18987,356.93573,373.18454,306.03607,253.47955,209.30318,261.78125,404.0537,476.37686,465.64404,413.01987,424.53192,420.36188,319.66367,197.25298,159.90443,105.70296,167.33264,187.46579,86.42752,91.23099,263.36115,369.62756,263.06027,239.07895,256.56555,243.24313,263.4865,225.33057,215.99493,262.87195,321.1272,355.8216,337.27075,320.55826,310.3499,299.4186,248.54605,205.36226,210.497,171.73303
44.36358,28.011246,1.3069305,15.024925,66.57732,81.141624,67.15228,86.33787,115.69839,137.0334,132.93024,119.03409,117.94557,128.45547,150.6868,165.89578,193.68188,193.54233,169.78372,141.50581,114.97582,90.96956,62.335804,29.768135,53.874657,45.77796,-2.9822998,-2.088005,66.20177,89.36019,72.50633,92.9623,136.39508,136.31938,135.01546,118.84386,106.336624,116.63589,149.56029,180.91202,192.96176,178.71657,161.3801,131.44489,102.69845,69.693924,69.609184,40.01955
43.083107,58.21985,45.893738,42.20025,105.42044,113.46598,153.60712,185.51468,173.9961,136.38707,102.5053,101.829025,89.890816,87.86971,120.67427,125.87587,103.824814,68.745026,107.30208,102.743805,55.484566,41.56994,37.99061,31.201202,50.930042,49.775543,24.09365,29.685814,87.93967,145.0644,187.84006,193.51602,170.62178,125.05382,100.19536,78.70895,84.68253,76.98328,114.97301,143.93265,115.086235,74.53946,117.35805,113.64991,44.585346,30.500504,54.17164,24.253082
14.923706,31.175133,10.167679,24.632069,46.389656,79.06697,88.98966,93.758835,89.898705,84.91125,72.04546,62.336304,43.407578,65.656204,77.79336,90.420746,84.19622,79.74162,80.65419,77.51201,70.33281,71.75047,63.904808,56.309914,58.364616,63.422363,56.988304,64.63429,72.17146,84.073395,79.49216,74.79406,67.74097,63.19866,56.600903,53.56001,58.00024,59.914963,65.384674,69.614655,66.010796,66.42648,64.99562,63.024662,49.90474,55.016045,56.74608,55.73884
13.843405,17.222616,12.6971245,5.980873,20.021822,43.561924,48.077045,51.90406,64.40456,64.00304,61.866863,64.96509,60.350456,55.193073,56.04025,53.89929,55.938057,59.578796,61.156784,57.431087,41.55236,22.47914,17.687435,14.830034,20.08504,25.610008,13.639072,-2.7590866,11.050419,43.071556,50.11502,56.646114,69.18798,62.258995,58.333378,56.060616,55.546112,49.969536,61.39377,64.146904,65.25976,58.153313,48.406025,43.36964,30.887356,12.695826,20.507032,13.943005
21.29619,19.989733,10.008606,12.160362,26.485985,32.727127,33.710773,40.002396,58.163166,79.948235,71.68025,58.877007,57.49515,67.20788,63.79475,74.85776,81.74039,75.43088,63.36593,52.336918,52.540096,48.76254,25.386923,17.888744,27.300638,29.852438,14.530815,14.945679,16.180347,31.677849,40.888863,47.985638,64.04405,74.874,69.26784,62.92511,59.967266,59.52865,63.219566,74.58002,75.72749,69.363884,46.98387,39.914387,43.504925,43.856636,24.212357,16.880573
14.050476,7.6783905,6.0391808,9.882874,16.160906,22.883482,22.559422,19.493296,21.032354,34.243916,35.221233,44.011303,46.742256,45.154396,48.724323,51.906826,52.19938,50.79974,49.658268,43.98688,38.9339,34.54413,27.102161,27.535797,25.81459,26.021461,17.847715,16.662796,17.827242,23.063906,23.786768,24.503433,30.002413,34.19578,33.94034,41.35453,36.27665,42.02372,50.87712,64.84553,61.447704,60.104404,53.48187,39.37702,32.87822,28.527733,25.71411,26.3604
39.086872,39.091904,31.865662,24.62919,33.22744,29.794693,26.621391,30.283863,34.271374,33.254894,34.998367,32.836796,33.245354,32.677776,34.045307,31.952967,39.879723,33.434006,32.713554,31.857773,33.2369,29.15035,31.231945,29.78243,29.955982,30.14691,25.790146,23.563793,26.201014,26.070648,24.98777,25.903955,31.14932,28.09308,29.953022,28.718134,28.22313,30.259302,31.145187,35.719162,39.96035,33.785248,32.16062,33.634964,33.870842,29.976313,34.550377,29.678572
-15.137573,-79.03021,-83.56528,-18.741318,66.328995,4.815384,-70.424835,-30.400467,40.85266,76.16051,119.84588,62.180817,50.71779,133.18805,296.47418,388.38873,458.7607,385.8203,298.03198,223.0241,165.95177,71.40924,60.13005,28.697144,71.339676,20.533768,-38.038376,21.12857,134.95737,69.41205,27.984741,21.171478,49.447098,27.862274,70.13577,30.43843,32.39412,110.061584,247.60846,352.8711,367.70813,279.5575,177.47298,99.92669,69.326675,6.897629,-3.7602844,-11.6194
33.011703,17.850079,-2.85215,12.319679,50.31646,66.02989,64.37208,67.722855,86.58211,104.72537,105.51442,101.72181,114.17004,106.207344,129.07886,142.59344,150.17444,137.44048,113.21977,92.45557,84.85729,49.164955,15.448544,19.186356,54.984516,44.427116,-4.6002884,5.7013245,49.307068,74.71048,73.16525,66.54079,93.57848,106.835846,103.98537,101.069244,91.3723,112.94273,125.38379,151.91672,148.13545,132.66829,105.01665,93.000916,90.31678,58.652763,30.07352,37.006104
91.61914,24.269165,-112.13696,-35.842285,205.26373,240.53452,103.63071,193.45334,373.7334,522.2044,452.4657,363.40564,225.75632,453.50253,723.89954,937.0521,1025.3232,863.0249,783.11487,690.8423,521.02057,380.5193,279.85092,230.693,295.55914,263.38504,84.65607,150.08884,351.4046,364.66614,320.21802,334.16144,364.1646,315.2698,341.48035,246.43292,246.88043,354.39972,535.99274,776.5609,750.13916,621.8061,461.41772,373.17657,273.54694,170.44998,159.83853,156.94754
66.65753,64.68204,56.34709,63.522293,71.557274,78.114006,101.406006,127.89676,160.55826,204.72987,213.19768,191.89713,214.95827,230.74867,281.51385,286.24304,263.46915,232.04199,219.72493,198.18759,167.85837,127.089485,91.83877,70.5948,64.48457,67.52971,62.277588,66.95221,97.827446,130.54338,152.26097,188.17355,198.30951,203.85791,215.74803,221.79831,233.08527,231.46977,241.74126,246.15414,230.6046,220.20663,218.09285,218.75423,204.53035,195.38026,178.11182,165.01021
17.914818,15.063759,-15.834076,15.753731,43.654667,40.505745,-7.1994705,-1.6388092,29.081017,56.17165,71.55106,46.82132,33.034725,55.047375,105.54379,168.6611,194.23581,169.22021,130.75476,106.45187,74.281845,38.915604,20.50254,12.968437,48.436092,23.643982,-13.717224,8.558327,51.463493,43.472393,30.742043,26.16409,36.22085,38.044365,46.474506,18.476402,14.623535,41.10068,98.061424,152.67807,171.26608,131.18544,89.470665,55.93707,37.891155,21.57885,12.199341,12.734993
60.527676,56.77564,27.983795,31.735672,75.74673,94.213425,78.260345,106.686745,107.60168,105.00505,107.39162,110.64413,81.333916,111.30703,148.53934,168.99234,168.17288,147.59053,142.61766,141.17229,91.17836,77.9958,54.385017,58.632042,77.58394,69.845055,21.815086,20.69976,74.16078,99.46331,105.3059,131.74461,127.93396,116.703835,122.46369,102.045456,67.956085,78.48823,125.36666,161.90273,167.4068,140.5018,117.4655,121.658646,83.008194,54.390835,66.778496,53.18327
45.533134,61.81351,38.04448,60.216362,95.265366,120.06124,144.86676,178.74289,182.12575,155.7321,123.62927,115.35299,111.16117,133.46547,158.22668,175.19617,138.44684,119.07071,127.45279,132.25636,82.278366,63.214508,42.4524,25.525192,55.032906,57.773994,22.68618,45.347324,88.342834,134.94806,168.21532,202.11127,188.51245,156.65886,142.70311,113.76983,112.134155,123.94615,155.78333,184.63847,161.6346,133.7068,134.25136,129.68378,80.59501,59.705738,66.67783,42.20873
38.81973,42.146446,-16.994064,-2.8360748,69.46487,89.329285,18.723915,36.92985,70.841255,74.86519,67.383354,57.86406,46.611378,81.95204,134.90936,178.62488,209.95924,209.36226,148.76862,105.56583,83.791954,70.09803,24.974136,0.22763824,53.269287,56.66557,-24.987808,-12.309059,75.02243,92.45109,16.741432,31.558147,84.5192,89.95886,88.768265,74.99774,41.24235,71.54529,130.93494,184.67033,217.83557,207.48062,137.20718,101.65718,82.15308,46.476032,40.103615,19.924744
47.2954,47.64813,42.77157,38.9612,32.848278,31.420412,29.422173,28.854876,24.815502,21.610565,26.113394,43.268036,48.79131,46.45834,54.275307,60.260185,59.06442,54.491356,55.743813,54.4094,50.35848,45.16894,39.11375,38.185425,33.479637,31.309067,28.806503,27.429777,25.627266,22.352924,22.996727,27.29824,26.553268,22.73145,26.606113,37.629906,42.533833,45.507977,51.067635,58.34196,56.26837,56.868893,53.919456,52.618958,49.96763,46.778458,42.92064,46.408546
-1.9958038,10.259445,21.180931,15.843216,31.944065,46.969627,49.826645,45.008408,52.721703,64.15358,81.88717,99.3349,92.483,86.918594,89.442375,97.07678,93.18298,85.298836,77.56688,80.88315,60.860725,66.01621,68.01485,61.47014,42.530636,50.532864,47.450573,45.11268,51.63385,58.27681,55.11676,71.03758,77.734314,79.35219,80.84654,85.559494,74.47531,83.40558,87.58712,89.731445,86.61012,88.61525,77.86831,68.16644,55.663967,47.11566,47.644043,48.771732
